osmid,y,x,highway,ref,street_count,junction,geometry
264003928,36.6052572,140.6367291,motorway_junction,11-1,3,,POINT (140.6367291 36.6052572)
264003995,36.5109643,140.5781646,motorway_junction,11,3,,POINT (140.5781646 36.5109643)
373335545,36.6397168,140.6874428,,,4,,POINT (140.6874428 36.6397168)
373335666,36.6092354,140.6612374,,,5,yes,POINT (140.6612374 36.6092354)
373335743,36.6051545,140.657021,,,3,,POINT (140.657021 36.6051545)
373335750,36.6048948,140.6564059,,,3,,POINT (140.6564059 36.6048948)
373335758,36.6030383,140.6539545,,,3,,POINT (140.6539545 36.6030383)
373335762,36.6025841,140.6536544,,,3,,POINT (140.6536544 36.6025841)
373335777,36.5966275,140.6512583,,,3,,POINT (140.6512583 36.5966275)
373335931,36.5290345,140.6178002,traffic_signals,,4,,POINT (140.6178002 36.5290345)
373335990,36.5128271,140.6103486,,,3,yes,POINT (140.6103486 36.5128271)
373335998,36.5126928,140.6075164,,,3,,POINT (140.6075164 36.5126928)
373336039,36.5055801,140.5791715,,,3,,POINT (140.5791715 36.5055801)
417754509,36.6514153,140.6716881,,,3,,POINT (140.6716881 36.6514153)
417754513,36.65118,140.6746469,,,3,,POINT (140.6746469 36.65118)
417754516,36.6517399,140.6751197,,,3,,POINT (140.6751197 36.6517399)
417754642,36.6509946,140.6751044,,,3,yes,POINT (140.6751044 36.6509946)
417755940,36.6507351,140.6745912,,,3,,POINT (140.6745912 36.6507351)
417756968,36.6507897,140.6750747,,,3,yes,POINT (140.6750747 36.6507897)
417757137,36.6500858,140.6748768,,,3,,POINT (140.6748768 36.6500858)
417757496,36.651289,140.6715936,,,3,,POINT (140.6715936 36.651289)
417759836,36.6396088,140.6719322,,,4,yes,POINT (140.6719322 36.6396088)
417759879,36.6355963,140.6742257,,,3,,POINT (140.6742257 36.6355963)
417759906,36.6337709,140.6715649,,,3,,POINT (140.6715649 36.6337709)
417760745,36.6282939,140.6694781,,,4,,POINT (140.6694781 36.6282939)
417760748,36.628433,140.6688684,,,4,,POINT (140.6688684 36.628433)
417760816,36.6373821,140.6734533,,,4,yes,POINT (140.6734533 36.6373821)
417761137,36.6317311,140.6654906,,,3,,POINT (140.6654906 36.6317311)
417761142,36.6309635,140.6651096,,,3,,POINT (140.6651096 36.6309635)
417761144,36.6294812,140.6640719,,,3,,POINT (140.6640719 36.6294812)
417761154,36.6286585,140.659949,,,3,,POINT (140.659949 36.6286585)
417761163,36.6283652,140.6576939,,,4,,POINT (140.6576939 36.6283652)
417761196,36.652188,140.6695789,,,3,,POINT (140.6695789 36.652188)
417761744,36.6009492,140.635547,motorway_junction,11-1,3,,POINT (140.635547 36.6009492)
417761837,36.6477242,140.669632,motorway_junction,12,3,,POINT (140.669632 36.6477242)
417763769,36.5063656,140.5721013,motorway_junction,11,3,,POINT (140.5721013 36.5063656)
504241153,36.5068439,140.5764012,,,3,,POINT (140.5764012 36.5068439)
504241162,36.5058395,140.5765217,,,3,,POINT (140.5765217 36.5058395)
728175867,36.5139201,140.6312218,,,3,,POINT (140.6312218 36.5139201)
728175880,36.5048875,140.590317,,,3,,POINT (140.590317 36.5048875)
728175884,36.5080364,140.5838661,,,4,yes,POINT (140.5838661 36.5080364)
728178576,36.5142708,140.6215259,,,3,,POINT (140.6215259 36.5142708)
728178577,36.5127611,140.6207412,traffic_signals,,3,,POINT (140.6207412 36.5127611)
728178579,36.5134929,140.62603,,,4,,POINT (140.62603 36.5134929)
728178580,36.5118983,140.6258352,traffic_signals,,4,,POINT (140.6258352 36.5118983)
728178582,36.5165028,140.6300442,traffic_signals,,4,,POINT (140.6300442 36.5165028)
728178584,36.5057086,140.6288883,traffic_signals,,4,,POINT (140.6288883 36.5057086)
728178586,36.5096188,140.6255769,,,3,,POINT (140.6255769 36.5096188)
728178597,36.5065171,140.6267516,,,3,,POINT (140.6267516 36.5065171)
728178606,36.5073961,140.6243968,traffic_signals,,3,,POINT (140.6243968 36.5073961)
728180182,36.5009573,140.6252615,,,4,yes,POINT (140.6252615 36.5009573)
728180185,36.5058014,140.5763568,,,3,,POINT (140.5763568 36.5058014)
728180204,36.5055267,140.5792226,,,3,,POINT (140.5792226 36.5055267)
728180205,36.5094229,140.6190324,traffic_signals,,4,,POINT (140.6190324 36.5094229)
728180206,36.5122136,140.6071536,,,3,,POINT (140.6071536 36.5122136)
728180208,36.5068241,140.576226,,,3,,POINT (140.576226 36.5068241)
728180210,36.5047578,140.6161451,,,4,yes,POINT (140.6161451 36.5047578)
728180212,36.503384,140.6179908,,,3,,POINT (140.6179908 36.503384)
728180220,36.5127123,140.6068425,,,4,yes,POINT (140.6068425 36.5127123)
728180221,36.5067319,140.5727654,,,3,,POINT (140.5727654 36.5067319)
728309906,36.5159803,140.6272344,traffic_signals,,4,,POINT (140.6272344 36.5159803)
729608906,36.5098929,140.6097742,,,4,yes,POINT (140.6097742 36.5098929)
729608911,36.4950299,140.5988098,,,4,yes,POINT (140.5988098 36.4950299)
729608913,36.5035513,140.6067873,,,3,,POINT (140.6067873 36.5035513)
729608921,36.4978863,140.6047552,,,3,,POINT (140.6047552 36.4978863)
742227285,36.5154639,140.6243784,,,3,,POINT (140.6243784 36.5154639)
742227290,36.5128761,140.6311354,,,3,,POINT (140.6311354 36.5128761)
742227292,36.5184208,140.615816,traffic_signals,,3,,POINT (140.615816 36.5184208)
742227295,36.513229,140.6114427,,,3,,POINT (140.6114427 36.513229)
742227298,36.5069133,140.6292739,traffic_signals,,4,,POINT (140.6292739 36.5069133)
742227299,36.5149092,140.6244182,,,4,,POINT (140.6244182 36.5149092)
742227301,36.5129929,140.6290346,,,3,,POINT (140.6290346 36.5129929)
742227307,36.5127864,140.6112626,,,4,yes,POINT (140.6112626 36.5127864)
742227308,36.5120908,140.6232094,traffic_signals,,4,,POINT (140.6232094 36.5120908)
742227310,36.5151129,140.6225399,traffic_signals,,4,,POINT (140.6225399 36.5151129)
742997577,36.5066832,140.6082349,traffic_signals,,3,,POINT (140.6082349 36.5066832)
742997586,36.5149437,140.6132836,traffic_signals,,3,,POINT (140.6132836 36.5149437)
742997610,36.5024676,140.626787,,,3,,POINT (140.626787 36.5024676)
742997628,36.502136,140.605722,traffic_signals,,3,,POINT (140.605722 36.502136)
742997636,36.5008996,140.6253326,,,4,yes,POINT (140.6253326 36.5008996)
742997643,36.4975915,140.6041622,traffic_signals,,4,,POINT (140.6041622 36.4975915)
752443165,36.5081006,140.6296465,,,4,,POINT (140.6296465 36.5081006)
752443180,36.5078847,140.6301654,,,4,,POINT (140.6301654 36.5078847)
752443193,36.5115566,140.6307264,traffic_signals,,4,,POINT (140.6307264 36.5115566)
752443228,36.5104674,140.6312718,,,4,,POINT (140.6312718 36.5104674)
752443246,36.508771,140.6306053,,,4,,POINT (140.6306053 36.508771)
761108840,36.5098576,140.6301972,traffic_signals,,4,,POINT (140.6301972 36.5098576)
761108847,36.508656,140.6223187,,,3,,POINT (140.6223187 36.508656)
761108857,36.5105932,140.6251687,,,3,,POINT (140.6251687 36.5105932)
761108864,36.5045056,140.6158788,,,3,,POINT (140.6158788 36.5045056)
761108866,36.5162754,140.6288671,,,3,,POINT (140.6288671 36.5162754)
761108870,36.5012388,140.6145266,,,4,,POINT (140.6145266 36.5012388)
761108872,36.5091009,140.6217382,,,3,,POINT (140.6217382 36.5091009)
761108878,36.5031455,140.6063855,traffic_signals,,4,,POINT (140.6063855 36.5031455)
761109098,36.5105657,140.6256944,,,4,,POINT (140.6256944 36.5105657)
761109103,36.5095364,140.6230575,,,4,,POINT (140.6230575 36.5095364)
761109114,36.5114561,140.6242866,,,4,,POINT (140.6242866 36.5114561)
761109116,36.500519,140.612063,,,3,,POINT (140.612063 36.500519)
761109118,36.515475,140.6283606,,,4,,POINT (140.6283606 36.515475)
761109120,36.5079772,140.6264058,,,4,,POINT (140.6264058 36.5079772)
761109122,36.5118037,140.627192,,,3,,POINT (140.627192 36.5118037)
761109124,36.5090179,140.6236551,,,4,,POINT (140.6236551 36.5090179)
761109125,36.5119526,140.6250795,,,4,,POINT (140.6250795 36.5119526)
761109129,36.5147836,140.6255401,,,4,,POINT (140.6255401 36.5147836)
761109131,36.5109592,140.6239935,,,3,,POINT (140.6239935 36.5109592)
761109133,36.510425,140.6277326,,,4,,POINT (140.6277326 36.510425)
761109135,36.5082707,140.6220849,,,3,,POINT (140.6220849 36.5082707)
761109140,36.5114116,140.6250293,,,4,,POINT (140.6250293 36.5114116)
761109148,36.5015567,140.6147054,,,3,,POINT (140.6147054 36.5015567)
761109149,36.5117581,140.6278704,,,3,,POINT (140.6278704 36.5117581)
761109151,36.5107666,140.6246306,,,4,,POINT (140.6246306 36.5107666)
761109155,36.50853,140.6214011,,,3,,POINT (140.6214011 36.50853)
761109166,36.5156386,140.6254043,,,4,,POINT (140.6254043 36.5156386)
761109167,36.5119947,140.6244081,,,3,,POINT (140.6244081 36.5119947)
761109171,36.5153596,140.6289427,,,3,,POINT (140.6289427 36.5153596)
761109173,36.5134132,140.6273723,,,3,,POINT (140.6273723 36.5134132)
761112896,36.5035757,140.5767603,,,3,,POINT (140.5767603 36.5035757)
761127865,36.5129124,140.5773656,traffic_signals,,3,,POINT (140.5773656 36.5129124)
769231139,36.5068719,140.6257899,,,3,,POINT (140.6257899 36.5068719)
769250985,36.4953614,140.616804,,,4,,POINT (140.616804 36.4953614)
769250992,36.4921248,140.6146893,,,3,,POINT (140.6146893 36.4921248)
769250995,36.4938483,140.6139916,,,3,,POINT (140.6139916 36.4938483)
769250997,36.4913722,140.6130307,,,3,,POINT (140.6130307 36.4913722)
769251000,36.491233,140.6136606,,,3,,POINT (140.6136606 36.491233)
769251003,36.4975333,140.6236712,,,3,,POINT (140.6236712 36.4975333)
769251005,36.4944305,140.6185592,,,3,,POINT (140.6185592 36.4944305)
769251006,36.4938008,140.6150529,,,3,,POINT (140.6150529 36.4938008)
769251008,36.4962471,140.621098,traffic_signals,,3,,POINT (140.621098 36.4962471)
769251010,36.4914428,140.6137663,,,3,,POINT (140.6137663 36.4914428)
769251011,36.489894,140.6165524,,,3,,POINT (140.6165524 36.489894)
769251012,36.4844875,140.6107247,,,3,,POINT (140.6107247 36.4844875)
769251013,36.4925075,140.6134073,,,3,,POINT (140.6134073 36.4925075)
769251016,36.4945421,140.6156541,traffic_signals,,4,,POINT (140.6156541 36.4945421)
769251024,36.4956608,140.6175009,,,4,,POINT (140.6175009 36.4956608)
769251026,36.4987232,140.6228816,traffic_signals,,3,,POINT (140.6228816 36.4987232)
769251030,36.4928784,140.615675,,,3,,POINT (140.615675 36.4928784)
769251034,36.4943789,140.6155144,,,4,,POINT (140.6155144 36.4943789)
769251035,36.4947786,140.6181681,,,3,,POINT (140.6181681 36.4947786)
769251037,36.4847898,140.6047482,,,3,,POINT (140.6047482 36.4847898)
769251038,36.4960806,140.6197141,,,3,,POINT (140.6197141 36.4960806)
769251040,36.4987176,140.6229966,traffic_signals,,4,,POINT (140.6229966 36.4987176)
769251042,36.4933557,140.6137422,,,3,,POINT (140.6137422 36.4933557)
769251045,36.4910309,140.6141621,traffic_signals,,5,,POINT (140.6141621 36.4910309)
769251047,36.4986606,140.6229375,traffic_signals,,4,,POINT (140.6229375 36.4986606)
769251051,36.4909571,140.6142382,traffic_signals,,4,,POINT (140.6142382 36.4909571)
769251052,36.4899566,140.6166049,,,4,,POINT (140.6166049 36.4899566)
769251057,36.4941714,140.6142171,,,3,,POINT (140.6142171 36.4941714)
769251061,36.4934136,140.6147723,,,3,,POINT (140.6147723 36.4934136)
769251062,36.4925158,140.6160882,,,3,,POINT (140.6160882 36.4925158)
769251064,36.4916178,140.6131125,,,3,,POINT (140.6131125 36.4916178)
769251070,36.4910156,140.6143191,traffic_signals,,4,,POINT (140.6143191 36.4910156)
769251073,36.4899474,140.6124924,,,3,,POINT (140.6124924 36.4899474)
769251075,36.4963169,140.6210152,traffic_signals,,4,,POINT (140.6210152 36.4963169)
769251079,36.4951043,140.6148814,,,4,,POINT (140.6148814 36.4951043)
769251080,36.4974936,140.6236078,,,3,,POINT (140.6236078 36.4974936)
769251083,36.4931228,140.6145883,,,3,,POINT (140.6145883 36.4931228)
769251085,36.4841048,140.6130739,,,4,,POINT (140.6130739 36.4841048)
769251086,36.4987901,140.6229547,traffic_signals,,3,,POINT (140.6229547 36.4987901)
773686928,36.5084955,140.6250281,,,4,,POINT (140.6250281 36.5084955)
773686929,36.5101861,140.6287662,,,4,,POINT (140.6287662 36.5101861)
773686930,36.5116889,140.6289274,traffic_signals,,4,,POINT (140.6289274 36.5116889)
773686931,36.5076137,140.6273934,,,4,,POINT (140.6273934 36.5076137)
775711817,36.516388,140.6294618,,,3,,POINT (140.6294618 36.516388)
775711823,36.5179149,140.6266011,,,3,,POINT (140.6266011 36.5179149)
775711831,36.5192178,140.6276437,traffic_signals,,4,,POINT (140.6276437 36.5192178)
775711833,36.5167882,140.6297856,,,4,,POINT (140.6297856 36.5167882)
775711835,36.5170638,140.6249919,,,5,,POINT (140.6249919 36.5170638)
775715194,36.4950652,140.592703,,,3,,POINT (140.592703 36.4950652)
775715202,36.4970143,140.5707182,,,3,,POINT (140.5707182 36.4970143)
775715207,36.4951217,140.5875002,,,3,,POINT (140.5875002 36.4951217)
775715214,36.4953094,140.5986292,,,3,,POINT (140.5986292 36.4953094)
775715226,36.4956158,140.5864693,,,3,,POINT (140.5864693 36.4956158)
775716498,36.5026751,140.5755644,,,3,,POINT (140.5755644 36.5026751)
937434214,36.4993049,140.613821,,,3,,POINT (140.613821 36.4993049)
937434215,36.4965108,140.6170503,traffic_signals,,4,,POINT (140.6170503 36.4965108)
937434216,36.5004097,140.6134545,traffic_signals,,4,,POINT (140.6134545 36.5004097)
937434221,36.4976914,140.6143698,,,3,,POINT (140.6143698 36.4976914)
937434224,36.4983178,140.6138241,,,3,,POINT (140.6138241 36.4983178)
959513312,36.6373213,140.6871289,,,4,yes,POINT (140.6871289 36.6373213)
959514189,36.6370362,140.6897313,,,3,,POINT (140.6897313 36.6370362)
959514191,36.6369395,140.6906192,,,3,yes,POINT (140.6906192 36.6369395)
959514197,36.6359479,140.6904099,,,3,,POINT (140.6904099 36.6359479)
959518630,36.6052764,140.6742963,,,3,yes,POINT (140.6742963 36.6052764)
959533132,36.604491,140.6557588,,,4,yes,POINT (140.6557588 36.604491)
959533344,36.6041649,140.6562526,,,3,,POINT (140.6562526 36.6041649)
959533366,36.6032542,140.6577158,,,4,,POINT (140.6577158 36.6032542)
959533392,36.6016621,140.6592322,,,3,,POINT (140.6592322 36.6016621)
959533432,36.6001163,140.6635699,,,3,,POINT (140.6635699 36.6001163)
959533434,36.5999332,140.6641495,traffic_signals,,4,,POINT (140.6641495 36.5999332)
959533443,36.5995544,140.6654716,,,4,,POINT (140.6654716 36.5995544)
959533452,36.599251,140.6667092,,,3,,POINT (140.6667092 36.599251)
959533455,36.5991093,140.66712,,,3,,POINT (140.66712 36.5991093)
959533463,36.5989829,140.6674392,,,3,,POINT (140.6674392 36.5989829)
959533603,36.5975697,140.6704824,,,3,yes,POINT (140.6704824 36.5975697)
959568582,36.52517,140.6251294,,,3,,POINT (140.6251294 36.52517)
959568602,36.5286555,140.6200735,,,3,,POINT (140.6200735 36.5286555)
959568607,36.5289159,140.618509,,,4,,POINT (140.618509 36.5289159)
959568674,36.5897821,140.6467647,,,3,yes,POINT (140.6467647 36.5897821)
959568680,36.5273699,140.6342925,traffic_signals,,3,,POINT (140.6342925 36.5273699)
959568684,36.5266799,140.6338689,,,3,,POINT (140.6338689 36.5266799)
959568688,36.5259001,140.6330445,,,3,,POINT (140.6330445 36.5259001)
959568750,36.5208767,140.6274909,,,3,,POINT (140.6274909 36.5208767)
959568754,36.5204504,140.6273889,,,3,,POINT (140.6273889 36.5204504)
959568765,36.5275212,140.6338135,,,3,,POINT (140.6338135 36.5275212)
959568767,36.5276556,140.6334355,,,3,,POINT (140.6334355 36.5276556)
959568770,36.5281874,140.6333041,,,3,,POINT (140.6333041 36.5281874)
959568773,36.5279587,140.6330891,,,3,,POINT (140.6330891 36.5279587)
959568777,36.5281216,140.6321625,,,4,,POINT (140.6321625 36.5281216)
959568779,36.5282546,140.6314246,,,4,,POINT (140.6314246 36.5282546)
959568784,36.5288233,140.630244,,,3,,POINT (140.630244 36.5288233)
959568785,36.5289861,140.6300114,,,4,,POINT (140.6300114 36.5289861)
959568789,36.5284698,140.629456,,,3,,POINT (140.629456 36.5284698)
959568790,36.5283836,140.6294399,,,3,,POINT (140.6294399 36.5283836)
959568793,36.5281825,140.6292448,,,3,,POINT (140.6292448 36.5281825)
959568794,36.5282937,140.6288714,,,3,,POINT (140.6288714 36.5282937)
959568796,36.5284176,140.6285463,,,3,,POINT (140.6285463 36.5284176)
959568800,36.5282595,140.6280287,,,3,,POINT (140.6280287 36.5282595)
959568801,36.5282932,140.6278949,,,4,,POINT (140.6278949 36.5282932)
959568803,36.5285737,140.6280278,,,3,,POINT (140.6280278 36.5285737)
959568817,36.5251539,140.6263333,,,3,,POINT (140.6263333 36.5251539)
959568823,36.5922953,140.6485439,,,4,yes,POINT (140.6485439 36.5922953)
959568876,36.5920834,140.6469866,,,3,,POINT (140.6469866 36.5920834)
959568888,36.5928041,140.6459729,,,3,,POINT (140.6459729 36.5928041)
959568926,36.5921155,140.6433395,,,4,,POINT (140.6433395 36.5921155)
959568930,36.5922635,140.6424497,,,3,,POINT (140.6424497 36.5922635)
959568951,36.5908778,140.6408484,,,3,,POINT (140.6408484 36.5908778)
959568969,36.5893721,140.6389976,,,3,,POINT (140.6389976 36.5893721)
959568977,36.5887543,140.639813,,,3,,POINT (140.639813 36.5887543)
959568979,36.5885827,140.6399748,,,3,,POINT (140.6399748 36.5885827)
974576782,36.5190257,140.6273081,,,3,,POINT (140.6273081 36.5190257)
988956149,36.5233816,140.6300606,traffic_signals,,4,,POINT (140.6300606 36.5233816)
988956186,36.5247971,140.6260477,traffic_signals,,4,,POINT (140.6260477 36.5247971)
988956226,36.5236499,140.629607,,,3,,POINT (140.629607 36.5236499)
988956258,36.524482,140.6269176,,,4,,POINT (140.6269176 36.524482)
988963424,36.5198867,140.6070377,,,3,,POINT (140.6070377 36.5198867)
988963480,36.51868,140.6063732,,,3,,POINT (140.6063732 36.51868)
988964566,36.5226723,140.6077292,,,1,,POINT (140.6077292 36.5226723)
994803626,36.5003247,140.60575,,,4,,POINT (140.60575 36.5003247)
994803634,36.5016936,140.6056863,traffic_signals,,3,,POINT (140.6056863 36.5016936)
994803673,36.5005351,140.6119359,,,3,,POINT (140.6119359 36.5005351)
994803681,36.502565,140.607201,,,4,,POINT (140.607201 36.502565)
994803746,36.4965653,140.6140301,,,3,,POINT (140.6140301 36.4965653)
994803765,36.4971432,140.613444,,,3,,POINT (140.613444 36.4971432)
994803781,36.4982342,140.6132576,,,3,,POINT (140.6132576 36.4982342)
994803794,36.4984757,140.6123403,,,3,,POINT (140.6123403 36.4984757)
994803818,36.4985405,140.6118248,,,3,,POINT (140.6118248 36.4985405)
994803821,36.4988176,140.611836,,,3,,POINT (140.611836 36.4988176)
994803851,36.5020596,140.6067368,,,3,,POINT (140.6067368 36.5020596)
995829435,36.5426668,140.6434196,,,3,,POINT (140.6434196 36.5426668)
995829481,36.5472692,140.6432813,,,3,,POINT (140.6432813 36.5472692)
995829497,36.5480667,140.6410962,traffic_signals,,3,,POINT (140.6410962 36.5480667)
995831243,36.5650777,140.6463224,,,3,,POINT (140.6463224 36.5650777)
995831330,36.5780786,140.6559741,traffic_signals,,4,,POINT (140.6559741 36.5780786)
995832563,36.5784461,140.6561945,,,3,,POINT (140.6561945 36.5784461)
995832582,36.5781796,140.6575964,,,4,,POINT (140.6575964 36.5781796)
995832587,36.5788299,140.6578053,,,3,,POINT (140.6578053 36.5788299)
995832653,36.5830417,140.6613921,,,3,,POINT (140.6613921 36.5830417)
995832657,36.5835033,140.660563,,,3,,POINT (140.660563 36.5835033)
995832662,36.5837472,140.6598935,,,4,,POINT (140.6598935 36.5837472)
995834874,36.5868746,140.6617795,,,3,,POINT (140.6617795 36.5868746)
995834887,36.5880901,140.6617398,,,3,,POINT (140.6617398 36.5880901)
995834891,36.5885082,140.6617076,,,3,,POINT (140.6617076 36.5885082)
995834907,36.5896011,140.6599166,,,3,,POINT (140.6599166 36.5896011)
995834909,36.5892634,140.6607907,,,3,,POINT (140.6607907 36.5892634)
995836418,36.5927479,140.6639582,,,3,,POINT (140.6639582 36.5927479)
995836440,36.5949753,140.6660464,,,3,,POINT (140.6660464 36.5949753)
995836513,36.5975378,140.6682555,,,1,,POINT (140.6682555 36.5975378)
995859436,36.5859997,140.6619272,,,4,,POINT (140.6619272 36.5859997)
995859642,36.5868627,140.6594699,,,4,yes,POINT (140.6594699 36.5868627)
995859699,36.5907706,140.6548707,,,5,yes,POINT (140.6548707 36.5907706)
995859713,36.5915376,140.6532989,,,4,yes,POINT (140.6532989 36.5915376)
995859715,36.5917791,140.6528082,,,4,,POINT (140.6528082 36.5917791)
995859716,36.5919267,140.6524968,,,3,,POINT (140.6524968 36.5919267)
995859723,36.5922197,140.6518947,,,4,yes,POINT (140.6518947 36.5922197)
995866047,36.5935419,140.6528576,,,3,,POINT (140.6528576 36.5935419)
996119836,36.6140712,140.6711939,,,3,yes,POINT (140.6711939 36.6140712)
996119943,36.6055166,140.6573819,,,3,,POINT (140.6573819 36.6055166)
996120043,36.6131767,140.672156,,,3,,POINT (140.672156 36.6131767)
996120054,36.6127533,140.6728698,,,3,yes,POINT (140.6728698 36.6127533)
996120091,36.6111121,140.6755562,,,3,,POINT (140.6755562 36.6111121)
996120095,36.6108325,140.6756953,,,3,,POINT (140.6756953 36.6108325)
996120116,36.612813,140.6765705,,,4,,POINT (140.6765705 36.612813)
996120125,36.6141569,140.6772016,,,3,,POINT (140.6772016 36.6141569)
996120127,36.6143655,140.6773692,traffic_signals,,4,,POINT (140.6773692 36.6143655)
996130431,36.5843192,140.6414484,,,4,yes,POINT (140.6414484 36.5843192)
996130461,36.6128121,140.6727353,,,3,yes,POINT (140.6727353 36.6128121)
996130471,36.6106162,140.6713217,,,4,,POINT (140.6713217 36.6106162)
996130476,36.6101702,140.671262,,,3,,POINT (140.671262 36.6101702)
996130481,36.6092059,140.6710409,,,3,,POINT (140.6710409 36.6092059)
996130491,36.6082727,140.6699097,,,3,,POINT (140.6699097 36.6082727)
996130496,36.6074364,140.6690207,,,3,,POINT (140.6690207 36.6074364)
996130501,36.6071121,140.6689441,,,3,,POINT (140.6689441 36.6071121)
996130524,36.6059678,140.6676221,,,3,,POINT (140.6676221 36.6059678)
996130528,36.6052271,140.6675669,,,3,,POINT (140.6675669 36.6052271)
996130531,36.6049658,140.6675236,traffic_signals,,3,,POINT (140.6675236 36.6049658)
996130563,36.6050301,140.6668845,,,3,,POINT (140.6668845 36.6050301)
996130572,36.6051358,140.6659121,,,3,,POINT (140.6659121 36.6051358)
996130575,36.6051972,140.6654298,,,3,,POINT (140.6654298 36.6051972)
996130577,36.6052163,140.6652471,traffic_signals,,4,,POINT (140.6652471 36.6052163)
996130594,36.6036068,140.6643633,traffic_signals,,4,,POINT (140.6643633 36.6036068)
996130639,36.6013586,140.6621993,traffic_signals,,4,,POINT (140.6621993 36.6013586)
996130657,36.5993567,140.6607338,,,4,,POINT (140.6607338 36.5993567)
996130667,36.599017,140.6602766,,,3,,POINT (140.6602766 36.599017)
996130671,36.5986841,140.6594741,,,3,,POINT (140.6594741 36.5986841)
996130696,36.5975232,140.658255,traffic_signals,,3,,POINT (140.658255 36.5975232)
996130704,36.5970897,140.657923,,,3,,POINT (140.657923 36.5970897)
996130725,36.5943064,140.657609,,,3,,POINT (140.657609 36.5943064)
996130731,36.5929902,140.6567855,,,3,,POINT (140.6567855 36.5929902)
996130733,36.5922681,140.6563105,traffic_signals,,4,,POINT (140.6563105 36.5922681)
996130759,36.5891173,140.6534684,,,3,,POINT (140.6534684 36.5891173)
996130763,36.5884497,140.6530227,,,3,,POINT (140.6530227 36.5884497)
996130812,36.5860462,140.6485205,traffic_signals,,4,,POINT (140.6485205 36.5860462)
996130830,36.5851137,140.6453368,,,4,,POINT (140.6453368 36.5851137)
996146154,36.5740364,140.6349764,,,3,yes,POINT (140.6349764 36.5740364)
996146201,36.5740803,140.6324135,,,3,,POINT (140.6324135 36.5740803)
996146340,36.5732037,140.6249629,,,3,,POINT (140.6249629 36.5732037)
996146398,36.5737431,140.6208789,,,3,,POINT (140.6208789 36.5737431)
996146615,36.5822382,140.6091041,,,3,,POINT (140.6091041 36.5822382)
996366317,36.5087766,140.6207454,,,3,,POINT (140.6207454 36.5087766)
996366325,36.5100914,140.622769,,,4,,POINT (140.622769 36.5100914)
996366340,36.5099655,140.6212696,,,4,,POINT (140.6212696 36.5099655)
996366356,36.5099395,140.6221451,,,3,,POINT (140.6221451 36.5099395)
996366360,36.5104191,140.6235097,,,3,,POINT (140.6235097 36.5104191)
996380339,36.5096834,140.6309652,,,4,,POINT (140.6309652 36.5096834)
996380342,36.5095105,140.6317114,,,3,,POINT (140.6317114 36.5095105)
996380351,36.5106273,140.6304352,,,3,,POINT (140.6304352 36.5106273)
996380386,36.5337784,140.6363209,traffic_signals,,4,,POINT (140.6363209 36.5337784)
996387642,36.5360899,140.637607,,,3,,POINT (140.637607 36.5360899)
996387659,36.5377435,140.637771,,,3,,POINT (140.637771 36.5377435)
996387714,36.541815,140.6415352,,,3,,POINT (140.6415352 36.541815)
999760452,36.5881437,140.6452849,,,3,yes,POINT (140.6452849 36.5881437)
999767825,36.5834711,140.6502716,traffic_signals,,3,,POINT (140.6502716 36.5834711)
1000292665,36.5803263,140.6496113,,,3,,POINT (140.6496113 36.5803263)
1000292669,36.5799218,140.6493894,traffic_signals,,4,,POINT (140.6493894 36.5799218)
1000292722,36.5758128,140.6454492,traffic_signals,,4,,POINT (140.6454492 36.5758128)
1000292975,36.5590199,140.6384325,,,3,,POINT (140.6384325 36.5590199)
1000293028,36.553158,140.632571,,,3,,POINT (140.632571 36.553158)
1000320706,36.5535275,140.630826,,,4,yes,POINT (140.630826 36.5535275)
1000320752,36.5482481,140.6261866,,,3,,POINT (140.6261866 36.5482481)
1000320763,36.5450964,140.6244639,,,3,,POINT (140.6244639 36.5450964)
1000320768,36.5432683,140.6237457,,,3,,POINT (140.6237457 36.5432683)
1000329411,36.5404324,140.6221485,traffic_signals,,4,,POINT (140.6221485 36.5404324)
1000329613,36.5388198,140.6111747,,,3,,POINT (140.6111747 36.5388198)
1000329620,36.5383399,140.6103151,,,3,,POINT (140.6103151 36.5383399)
1000329625,36.5381403,140.6099533,,,4,,POINT (140.6099533 36.5381403)
1000329629,36.5373381,140.6106366,,,5,,POINT (140.6106366 36.5373381)
1000329735,36.5317258,140.6114355,,,3,,POINT (140.6114355 36.5317258)
1000329748,36.5311453,140.6127668,,,3,,POINT (140.6127668 36.5311453)
1000329782,36.5291045,140.6137858,traffic_signals,,4,,POINT (140.6137858 36.5291045)
1000336131,36.5129501,140.6029741,traffic_signals,,3,,POINT (140.6029741 36.5129501)
1000336204,36.5185802,140.6066839,,,3,,POINT (140.6066839 36.5185802)
1000336222,36.5160464,140.6058978,,,2,,POINT (140.6058978 36.5160464)
1000347799,36.5119064,140.6074718,,,3,,POINT (140.6074718 36.5119064)
1000347813,36.5118567,140.6061407,,,3,,POINT (140.6061407 36.5118567)
1000347815,36.5107819,140.6059722,,,3,,POINT (140.6059722 36.5107819)
1000347817,36.5099854,140.6059477,,,4,,POINT (140.6059477 36.5099854)
1000347824,36.5099811,140.605387,,,3,,POINT (140.605387 36.5099811)
1000347830,36.5096431,140.6054009,,,3,,POINT (140.6054009 36.5096431)
1000347833,36.509444,140.6047129,,,4,,POINT (140.6047129 36.509444)
1000347835,36.5093706,140.6020332,,,4,,POINT (140.6020332 36.5093706)
1000347889,36.511646,140.5904514,,,3,,POINT (140.5904514 36.511646)
1000347898,36.5124198,140.585595,,,3,,POINT (140.585595 36.5124198)
1029421480,36.4875633,140.5994699,,,3,,POINT (140.5994699 36.4875633)
1029421550,36.4896458,140.604281,,,4,,POINT (140.604281 36.4896458)
1029421555,36.4868628,140.6074524,,,5,yes,POINT (140.6074524 36.4868628)
1029426739,36.4930128,140.5945714,,,4,,POINT (140.5945714 36.4930128)
1029426759,36.491335,140.5928365,,,3,,POINT (140.5928365 36.491335)
1029426763,36.4905145,140.5923328,,,3,,POINT (140.5923328 36.4905145)
1029426819,36.4894335,140.5965696,,,3,,POINT (140.5965696 36.4894335)
1029426870,36.4899117,140.5983642,,,3,,POINT (140.5983642 36.4899117)
1029426897,36.4880996,140.5989659,,,3,,POINT (140.5989659 36.4880996)
1029426926,36.4871787,140.5994815,,,3,,POINT (140.5994815 36.4871787)
1029426949,36.4850039,140.6019491,,,3,,POINT (140.6019491 36.4850039)
1029426966,36.4847951,140.6029337,,,3,,POINT (140.6029337 36.4847951)
1029426971,36.4858953,140.6003724,,,3,,POINT (140.6003724 36.4858953)
1029426990,36.4879322,140.5991398,,,3,,POINT (140.5991398 36.4879322)
1030567317,36.4971726,140.5698708,traffic_signals,,4,,POINT (140.5698708 36.4971726)
1093523079,36.5121496,140.588477,,,3,,POINT (140.588477 36.5121496)
1093523080,36.5061802,140.5803322,traffic_signals,,5,,POINT (140.5803322 36.5061802)
1093523162,36.5099518,140.58538,,,3,,POINT (140.58538 36.5099518)
1093523173,36.5120335,140.5833431,,,3,,POINT (140.5833431 36.5120335)
1093523386,36.5101868,140.5875843,,,3,,POINT (140.5875843 36.5101868)
1093523404,36.5092246,140.5825489,,,3,,POINT (140.5825489 36.5092246)
1093523471,36.506594,140.5799805,,,4,,POINT (140.5799805 36.506594)
1093523488,36.5088428,140.5821978,traffic_signals,,4,,POINT (140.5821978 36.5088428)
1093523499,36.5103477,140.579135,traffic_signals,,4,,POINT (140.579135 36.5103477)
1093523500,36.5110841,140.5832391,,,3,,POINT (140.5832391 36.5110841)
1093665941,36.5102869,140.6194697,,,4,,POINT (140.6194697 36.5102869)
1093665943,36.5062134,140.6275433,,,3,,POINT (140.6275433 36.5062134)
1093665954,36.5149109,140.6280914,,,4,,POINT (140.6280914 36.5149109)
1093665965,36.5126193,140.6243362,,,3,,POINT (140.6243362 36.5126193)
1093665971,36.5176974,140.6289658,,,4,,POINT (140.6289658 36.5176974)
1093665978,36.5144163,140.6277911,,,4,,POINT (140.6277911 36.5144163)
1093665992,36.511614,140.6299451,,,3,,POINT (140.6299451 36.511614)
1093665993,36.5091114,140.6198504,,,3,,POINT (140.6198504 36.5091114)
1093666018,36.511438,140.6219438,,,4,,POINT (140.6219438 36.511438)
1093666021,36.515869,140.6266084,,,3,,POINT (140.6266084 36.515869)
1093666024,36.5113559,140.625778,,,4,,POINT (140.625778 36.5113559)
1093666049,36.5104949,140.626717,,,3,,POINT (140.626717 36.5104949)
1093666050,36.5161552,140.6282572,,,3,,POINT (140.6282572 36.5161552)
1093666051,36.5141159,140.6291641,,,4,,POINT (140.6291641 36.5141159)
1093666065,36.5049973,140.6168944,,,3,,POINT (140.6168944 36.5049973)
1093666073,36.5044591,140.6181519,,,3,,POINT (140.6181519 36.5044591)
1093666108,36.5153014,140.623552,,,3,,POINT (140.623552 36.5153014)
1093666116,36.5106798,140.6226439,,,3,,POINT (140.6226439 36.5106798)
1093666122,36.5085952,140.6311781,,,3,,POINT (140.6311781 36.5085952)
1093666153,36.5133164,140.6210219,,,4,,POINT (140.6210219 36.5133164)
1093666171,36.5152647,140.6295001,,,4,,POINT (140.6295001 36.5152647)
1093666174,36.5096126,140.6201357,,,3,,POINT (140.6201357 36.5096126)
1093666177,36.5111837,140.6227968,,,3,,POINT (140.6227968 36.5111837)
1093666183,36.5110358,140.6305574,,,3,,POINT (140.6305574 36.5110358)
1093666185,36.5119927,140.6196831,,,3,,POINT (140.6196831 36.5119927)
1093666195,36.5100814,140.6240087,,,3,,POINT (140.6240087 36.5100814)
1093666197,36.5105652,140.6215534,,,4,,POINT (140.6215534 36.5105652)
1093666200,36.5160454,140.6241974,,,3,,POINT (140.6241974 36.5160454)
1093666223,36.5007325,140.6254909,,,3,,POINT (140.6254909 36.5007325)
1093666228,36.5037685,140.6174137,,,4,,POINT (140.6174137 36.5037685)
1093666229,36.5124449,140.6272662,,,4,,POINT (140.6272662 36.5124449)
1093666238,36.5139594,140.6302131,,,3,,POINT (140.6302131 36.5139594)
1093666249,36.5050643,140.617728,,,3,,POINT (140.617728 36.5050643)
1093666251,36.515431,140.6241943,,,3,,POINT (140.6241943 36.515431)
1093666257,36.5084155,140.6287962,,,4,,POINT (140.6287962 36.5084155)
1093666279,36.5122434,140.630945,,,3,,POINT (140.630945 36.5122434)
1093666284,36.5117932,140.6230623,,,4,,POINT (140.6230623 36.5117932)
1093666290,36.5077121,140.6235629,,,3,,POINT (140.6235629 36.5077121)
1093666302,36.5144225,140.6232828,,,4,,POINT (140.6232828 36.5144225)
1093666305,36.5125328,140.6259066,,,4,,POINT (140.6259066 36.5125328)
1093666311,36.503783,140.6188555,,,3,,POINT (140.6188555 36.503783)
1093666324,36.5134902,140.62046,,,3,,POINT (140.62046 36.5134902)
1093666325,36.504227,140.6168228,,,3,,POINT (140.6168228 36.504227)
1093666331,36.5158798,140.6327919,,,3,,POINT (140.6327919 36.5158798)
1093666333,36.5011419,140.6245495,,,4,,POINT (140.6245495 36.5011419)
1093666337,36.5073231,140.6281502,,,4,,POINT (140.6281502 36.5073231)
1093666340,36.5132571,140.6212335,,,3,,POINT (140.6212335 36.5132571)
1093666356,36.5122615,140.6223186,,,4,,POINT (140.6223186 36.5122615)
1093666358,36.5021728,140.6157479,,,4,,POINT (140.6157479 36.5021728)
1093666368,36.5141195,140.6253718,,,3,,POINT (140.6253718 36.5141195)
1093666371,36.5123542,140.6289749,,,4,,POINT (140.6289749 36.5123542)
1093666384,36.5043832,140.6289937,,,1,,POINT (140.6289937 36.5043832)
1093666399,36.5090855,140.6270093,,,4,,POINT (140.6270093 36.5090855)
1093666412,36.5122895,140.6300319,,,4,,POINT (140.6300319 36.5122895)
1093666414,36.5146272,140.6311084,,,3,,POINT (140.6311084 36.5146272)
1093666446,36.5164474,140.6264283,,,4,,POINT (140.6264283 36.5164474)
1093666449,36.5093193,140.6254643,,,3,,POINT (140.6254643 36.5093193)
1093666472,36.5096577,140.6245732,,,4,,POINT (140.6245732 36.5096577)
1093666477,36.5142971,140.62417,,,4,,POINT (140.62417 36.5142971)
1093666499,36.5088134,140.6241826,,,3,,POINT (140.6241826 36.5088134)
1093666504,36.5170425,140.6262664,,,3,,POINT (140.6262664 36.5170425)
1093666507,36.5166113,140.6305025,,,4,,POINT (140.6305025 36.5166113)
1093666508,36.513534,140.6252459,,,4,,POINT (140.6252459 36.513534)
1093666526,36.5163768,140.6241397,,,3,,POINT (140.6241397 36.5163768)
1093666529,36.5100179,140.6295141,,,4,,POINT (140.6295141 36.5100179)
1093666535,36.5140512,140.6312116,,,3,,POINT (140.6312116 36.5140512)
1093666550,36.514213,140.6247482,,,3,,POINT (140.6247482 36.514213)
1093666558,36.5108821,140.619772,,,4,,POINT (140.619772 36.5108821)
1093666560,36.5166387,140.6275181,,,3,,POINT (140.6275181 36.5166387)
1093666576,36.5087008,140.6280094,,,4,,POINT (140.6280094 36.5087008)
1093666580,36.5026623,140.6197284,,,4,,POINT (140.6197284 36.5026623)
1093666583,36.5129318,140.6301,,,4,,POINT (140.6301 36.5129318)
1093666594,36.5136291,140.6238694,,,4,,POINT (140.6238694 36.5136291)
1093666596,36.5093484,140.6210133,,,4,,POINT (140.6210133 36.5093484)
1093666597,36.5100653,140.6203687,,,3,,POINT (140.6203687 36.5100653)
1093666599,36.5151672,140.6268403,,,3,,POINT (140.6268403 36.5151672)
1093666623,36.5118998,140.6221531,,,4,,POINT (140.6221531 36.5118998)
1093666626,36.5162391,140.6252499,,,4,,POINT (140.6252499 36.5162391)
1093666630,36.5125732,140.6251451,,,4,,POINT (140.6251451 36.5125732)
1093666654,36.5110997,140.6296238,,,3,,POINT (140.6296238 36.5110997)
1093666664,36.5064606,140.6172109,,,3,,POINT (140.6172109 36.5064606)
1093666682,36.5111523,140.6288758,,,4,,POINT (140.6288758 36.5111523)
1093666694,36.5110727,140.6190975,,,3,,POINT (140.6190975 36.5110727)
1093666704,36.5093545,140.62628,,,3,,POINT (140.62628 36.5093545)
1093666705,36.5156916,140.6271147,,,3,,POINT (140.6271147 36.5156916)
1093666706,36.5146189,140.6265398,,,4,,POINT (140.6265398 36.5146189)
1093666709,36.5145598,140.621839,,,3,,POINT (140.621839 36.5145598)
1093666712,36.5126863,140.6234632,,,4,,POINT (140.6234632 36.5126863)
1093666741,36.5155096,140.6315224,,,4,,POINT (140.6315224 36.5155096)
1093666750,36.514711,140.631997,,,3,,POINT (140.631997 36.514711)
1093666780,36.511226,140.6278091,,,4,,POINT (140.6278091 36.511226)
1093666800,36.5182731,140.6277294,,,4,,POINT (140.6277294 36.5182731)
1093666802,36.5124388,140.6205665,,,3,,POINT (140.6205665 36.5124388)
1093666805,36.5173106,140.6279778,,,3,,POINT (140.6279778 36.5173106)
1093666810,36.5172948,140.6279105,,,3,,POINT (140.6279105 36.5172948)
1093666822,36.504696,140.6173297,,,3,,POINT (140.6173297 36.504696)
1093666825,36.5032403,140.6182651,,,3,,POINT (140.6182651 36.5032403)
1093666839,36.513581,140.6245956,,,4,,POINT (140.6245956 36.513581)
1093666841,36.5089911,140.6299284,,,3,,POINT (140.6299284 36.5089911)
1093666854,36.5165284,140.6309242,,,3,,POINT (140.6309242 36.5165284)
1093666857,36.5092613,140.6222271,,,4,,POINT (140.6222271 36.5092613)
1093666861,36.5128576,140.622584,,,4,,POINT (140.622584 36.5128576)
1093666876,36.5137293,140.622969,,,4,,POINT (140.622969 36.5137293)
1093666880,36.5055396,140.6174946,,,3,,POINT (140.6174946 36.5055396)
1093666887,36.5105023,140.6187613,,,3,,POINT (140.6187613 36.5105023)
1093666898,36.5146587,140.6293262,,,4,,POINT (140.6293262 36.5146587)
1093666900,36.5172723,140.6278085,,,3,,POINT (140.6278085 36.5172723)
1093666909,36.5185505,140.6281816,,,4,,POINT (140.6281816 36.5185505)
1093666912,36.5148693,140.6234814,,,4,,POINT (140.6234814 36.5148693)
1093666931,36.5153435,140.6308477,,,4,,POINT (140.6308477 36.5153435)
1093666947,36.5052917,140.6164772,,,3,,POINT (140.6164772 36.5052917)
1093767348,36.5123616,140.6050429,,,1,,POINT (140.6050429 36.5123616)
1093767356,36.5048316,140.606659,,,3,,POINT (140.606659 36.5048316)
1093767361,36.5022866,140.6092619,,,4,,POINT (140.6092619 36.5022866)
1093767378,36.5108688,140.6040176,,,1,,POINT (140.6040176 36.5108688)
1093767394,36.5093093,140.604262,,,4,,POINT (140.604262 36.5093093)
1093767399,36.5084086,140.6049114,,,4,,POINT (140.6049114 36.5084086)
1093767411,36.5031681,140.6095882,,,4,,POINT (140.6095882 36.5031681)
1093767415,36.5063559,140.6085509,,,3,,POINT (140.6085509 36.5063559)
1093767420,36.5061248,140.6008533,,,4,,POINT (140.6008533 36.5061248)
1093767423,36.5062965,140.6043297,,,4,,POINT (140.6043297 36.5062965)
1093767430,36.5083548,140.6071893,,,4,,POINT (140.6071893 36.5083548)
1093767433,36.5101339,140.6034512,,,4,,POINT (140.6034512 36.5101339)
1093767455,36.5048903,140.6085923,,,3,,POINT (140.6085923 36.5048903)
1093767459,36.5073636,140.6090823,,,3,,POINT (140.6090823 36.5073636)
1093767465,36.5076901,140.6052831,,,3,,POINT (140.6052831 36.5076901)
1093767470,36.5066909,140.6107883,,,4,,POINT (140.6107883 36.5066909)
1093767486,36.5089686,140.6052846,,,3,,POINT (140.6052846 36.5089686)
1093767493,36.5100888,140.6085273,,,4,,POINT (140.6085273 36.5100888)
1093767496,36.5054748,140.5989253,,,1,,POINT (140.5989253 36.5054748)
1093767504,36.5092617,140.6038146,,,4,,POINT (140.6038146 36.5092617)
1093767514,36.5084755,140.6062113,,,3,,POINT (140.6062113 36.5084755)
1093767517,36.5071559,140.606582,,,3,,POINT (140.606582 36.5071559)
1093767519,36.5149697,140.6179802,,,3,,POINT (140.6179802 36.5149697)
1093767522,36.5059666,140.6036512,,,3,,POINT (140.6036512 36.5059666)
1093767535,36.504828,140.6080959,,,3,,POINT (140.6080959 36.504828)
1093767549,36.5084258,140.6105387,,,3,,POINT (140.6105387 36.5084258)
1093767551,36.509969,140.6072,,,4,,POINT (140.6072 36.509969)
1093767552,36.508395,140.6044673,,,4,,POINT (140.6044673 36.508395)
1093767567,36.5065758,140.6064882,,,4,,POINT (140.6064882 36.5065758)
1093767576,36.5062392,140.605201,,,3,,POINT (140.605201 36.5062392)
1093767580,36.5102445,140.6038545,,,4,,POINT (140.6038545 36.5102445)
1093767588,36.5103648,140.6042791,,,4,,POINT (140.6042791 36.5103648)
1093767602,36.5070769,140.6112345,,,4,,POINT (140.6112345 36.5070769)
1093767608,36.5075942,140.604321,,,4,,POINT (140.604321 36.5075942)
1093767610,36.5090148,140.60934,,,3,,POINT (140.60934 36.5090148)
1093767615,36.5043912,140.6065536,,,3,,POINT (140.6065536 36.5043912)
1093767625,36.5076682,140.608706,,,3,,POINT (140.608706 36.5076682)
1093767632,36.5075765,140.6036835,,,4,,POINT (140.6036835 36.5075765)
1093767640,36.5116413,140.60778,,,3,yes,POINT (140.60778 36.5116413)
1093767647,36.5061537,140.6130996,,,4,,POINT (140.6130996 36.5061537)
1093767649,36.5053228,140.6064437,,,4,,POINT (140.6064437 36.5053228)
1093767660,36.5119901,140.6049828,,,3,,POINT (140.6049828 36.5119901)
1093767671,36.5084203,140.6053373,,,4,,POINT (140.6053373 36.5084203)
1093767679,36.5078766,140.6121142,,,3,yes,POINT (140.6121142 36.5078766)
1093767681,36.5073285,140.6100616,,,3,,POINT (140.6100616 36.5073285)
1093767695,36.5046772,140.6044451,traffic_signals,,4,,POINT (140.6044451 36.5046772)
1093767710,36.51038,140.60241,,,3,,POINT (140.60241 36.51038)
1093767713,36.501755,140.6089427,,,3,,POINT (140.6089427 36.501755)
1093767722,36.5092703,140.6094614,,,3,,POINT (140.6094614 36.5092703)
1093767723,36.5055225,140.5990953,,,3,,POINT (140.5990953 36.5055225)
1093767726,36.5074124,140.6078204,,,3,,POINT (140.6078204 36.5074124)
1093767728,36.5122731,140.6034689,,,3,,POINT (140.6034689 36.5122731)
1093767730,36.5101472,140.6029078,,,3,,POINT (140.6029078 36.5101472)
1093767731,36.5029689,140.6083045,,,4,,POINT (140.6083045 36.5029689)
1093767736,36.5147687,140.6191479,,,3,,POINT (140.6191479 36.5147687)
1093767739,36.5116718,140.5950153,,,3,,POINT (140.5950153 36.5116718)
1093767742,36.5032757,140.6103336,,,3,,POINT (140.6103336 36.5032757)
1093767754,36.506927,140.6053556,,,3,,POINT (140.6053556 36.506927)
1093767758,36.509888,140.6082752,,,3,,POINT (140.6082752 36.509888)
1093767761,36.5057214,140.6090885,traffic_signals,,4,,POINT (140.6090885 36.5057214)
1093767766,36.503576,140.6082466,,,3,,POINT (140.6082466 36.503576)
1093767770,36.5125484,140.6037261,,,3,,POINT (140.6037261 36.5125484)
1093767771,36.5013026,140.6100107,traffic_signals,,4,,POINT (140.6100107 36.5013026)
1093767773,36.5051324,140.6049449,,,3,,POINT (140.6049449 36.5051324)
1093767778,36.5071032,140.6047112,,,3,,POINT (140.6047112 36.5071032)
1093767779,36.504563,140.6058719,,,3,,POINT (140.6058719 36.504563)
1093767781,36.5050962,140.6095243,,,3,,POINT (140.6095243 36.5050962)
1093767787,36.5059256,140.612787,,,3,,POINT (140.612787 36.5059256)
1093767788,36.5055446,140.6082289,,,3,,POINT (140.6082289 36.5055446)
1093767789,36.5159128,140.6177281,,,4,,POINT (140.6177281 36.5159128)
1093767794,36.5043237,140.6092498,,,3,,POINT (140.6092498 36.5043237)
1093767804,36.5056872,140.6069441,,,3,,POINT (140.6069441 36.5056872)
1093767812,36.5051901,140.607644,,,3,,POINT (140.607644 36.5051901)
1093767813,36.5066617,140.612504,,,3,,POINT (140.612504 36.5066617)
1093767820,36.5080934,140.6100829,,,4,,POINT (140.6100829 36.5080934)
1093767825,36.5154206,140.6188382,,,3,,POINT (140.6188382 36.5154206)
1093767829,36.5059892,140.6115665,,,3,,POINT (140.6115665 36.5059892)
1093767838,36.5108069,140.6045145,,,1,,POINT (140.6045145 36.5108069)
1093767843,36.5085201,140.607632,,,3,,POINT (140.607632 36.5085201)
1093767847,36.5047197,140.6050014,,,3,,POINT (140.6050014 36.5047197)
1093767850,36.5058331,140.6040698,,,3,,POINT (140.6040698 36.5058331)
1093767853,36.5107883,140.6031316,,,3,,POINT (140.6031316 36.5107883)
1093767856,36.5069987,140.6080581,,,3,,POINT (140.6080581 36.5069987)
1093767863,36.5100732,140.6032485,,,3,,POINT (140.6032485 36.5100732)
1093767868,36.5030237,140.6075206,,,4,,POINT (140.6075206 36.5030237)
1093767874,36.5127761,140.6056498,,,3,,POINT (140.6056498 36.5127761)
1093767880,36.5023836,140.6105247,,,3,,POINT (140.6105247 36.5023836)
1093767881,36.5158332,140.6144057,,,3,,POINT (140.6144057 36.5158332)
1093767885,36.5063427,140.6102903,,,4,,POINT (140.6102903 36.5063427)
1093767893,36.5104874,140.6046957,,,4,,POINT (140.6046957 36.5104874)
1093767897,36.5163154,140.6167194,,,3,,POINT (140.6167194 36.5163154)
1093767899,36.504208,140.6071912,,,4,,POINT (140.6071912 36.504208)
1093767901,36.5042298,140.6071164,,,3,,POINT (140.6071164 36.5042298)
1093767906,36.5021774,140.6079469,,,3,,POINT (140.6079469 36.5021774)
1093767909,36.5059476,140.6124783,,,3,,POINT (140.6124783 36.5059476)
1093767911,36.5070872,140.6071959,,,4,,POINT (140.6071959 36.5070872)
1093767914,36.5052737,140.6038129,,,3,,POINT (140.6038129 36.5052737)
1093767924,36.509352,140.6094984,,,3,,POINT (140.6094984 36.509352)
1093767929,36.5055373,140.608468,,,3,,POINT (140.608468 36.5055373)
1093767932,36.50627,140.6080822,,,3,,POINT (140.6080822 36.50627)
1093767933,36.5087857,140.6110403,,,3,,POINT (140.6110403 36.5087857)
1093767940,36.5106726,140.6053435,,,3,,POINT (140.6053435 36.5106726)
1093767941,36.5166607,140.6160028,,,3,,POINT (140.6160028 36.5166607)
1093767942,36.5119212,140.603106,,,3,,POINT (140.603106 36.5119212)
1093767958,36.5113663,140.6033599,,,3,,POINT (140.6033599 36.5113663)
1093767962,36.5081235,140.6065152,,,4,,POINT (140.6065152 36.5081235)
1093767963,36.5083425,140.6115441,,,3,,POINT (140.6115441 36.5083425)
1093767966,36.5093851,140.6026299,,,3,,POINT (140.6026299 36.5093851)
1093767974,36.5091115,140.6071882,,,4,,POINT (140.6071882 36.5091115)
1093767986,36.5037422,140.6094413,,,4,,POINT (140.6094413 36.5037422)
1093767987,36.5154474,140.6189799,,,3,,POINT (140.6189799 36.5154474)
1093767988,36.5024762,140.6110158,,,1,,POINT (140.6110158 36.5024762)
1093767990,36.5095648,140.6051126,,,4,,POINT (140.6051126 36.5095648)
1093767996,36.5059716,140.609599,,,3,,POINT (140.609599 36.5059716)
1093768000,36.5075332,140.6048412,,,4,,POINT (140.6048412 36.5075332)
1093768009,36.5067134,140.6025079,,,4,,POINT (140.6025079 36.5067134)
1093768010,36.5041042,140.607589,,,3,,POINT (140.607589 36.5041042)
1093768025,36.5061881,140.6064212,,,3,,POINT (140.6064212 36.5061881)
1093768026,36.5057516,140.606345,,,4,,POINT (140.606345 36.5057516)
1093768033,36.5150601,140.6179783,,,3,,POINT (140.6179783 36.5150601)
1093768036,36.5078149,140.6056822,,,3,,POINT (140.6056822 36.5078149)
1093768041,36.5056277,140.6110756,,,3,,POINT (140.6110756 36.5056277)
1093768044,36.5126944,140.6044992,,,3,,POINT (140.6044992 36.5126944)
1093768045,36.5027679,140.6107143,,,3,,POINT (140.6107143 36.5027679)
1093768048,36.5066442,140.6090254,,,4,,POINT (140.6090254 36.5066442)
1093768050,36.5112536,140.6060641,,,3,,POINT (140.6060641 36.5112536)
1093768052,36.5035059,140.606062,,,3,,POINT (140.606062 36.5035059)
1093768058,36.5066418,140.6136988,,,3,,POINT (140.6136988 36.5066418)
1093768063,36.5041637,140.6081783,,,4,,POINT (140.6081783 36.5041637)
1093768065,36.506307,140.6051862,,,3,,POINT (140.6051862 36.506307)
1093768068,36.5049528,140.609052,,,3,,POINT (140.609052 36.5049528)
1093768070,36.5173147,140.617063,,,3,,POINT (140.617063 36.5173147)
1093768081,36.5071086,140.6130934,,,3,,POINT (140.6130934 36.5071086)
1093768089,36.5058723,140.6052472,,,3,,POINT (140.6052472 36.5058723)
1093768090,36.5121529,140.6055989,,,1,,POINT (140.6055989 36.5121529)
1093768095,36.5038357,140.6101601,,,3,,POINT (140.6101601 36.5038357)
1093768099,36.5088315,140.6092509,,,3,,POINT (140.6092509 36.5088315)
1093768101,36.514355,140.6151206,,,3,,POINT (140.6151206 36.514355)
1093768107,36.5072694,140.6041684,traffic_signals,,3,,POINT (140.6041684 36.5072694)
1093768111,36.5112108,140.6072595,,,4,,POINT (140.6072595 36.5112108)
1093768121,36.5120603,140.6044396,,,3,,POINT (140.6044396 36.5120603)
1093768122,36.506334,140.6120415,,,4,,POINT (140.6120415 36.506334)
1093768141,36.5083879,140.6040079,,,3,,POINT (140.6040079 36.5083879)
1093768142,36.5027775,140.6095712,,,3,,POINT (140.6095712 36.5027775)
1093768147,36.5072492,140.6085095,,,3,,POINT (140.6085095 36.5072492)
1093768154,36.5079039,140.6073285,,,3,,POINT (140.6073285 36.5079039)
1093768162,36.5069727,140.6095427,,,4,,POINT (140.6095427 36.5069727)
1093768167,36.5091154,140.6059384,,,3,,POINT (140.6059384 36.5091154)
1093768181,36.510493,140.6090887,,,3,,POINT (140.6090887 36.510493)
1093768183,36.5018576,140.6102824,,,3,,POINT (140.6102824 36.5018576)
1093768186,36.5055988,140.6078222,traffic_signals,,4,,POINT (140.6078222 36.5055988)
1093768189,36.5063886,140.6070385,,,4,,POINT (140.6070385 36.5063886)
1093768206,36.5086525,140.6059615,,,4,,POINT (140.6059615 36.5086525)
1093768207,36.5078595,140.6087942,,,3,,POINT (140.6087942 36.5078595)
1093768210,36.5063782,140.6037479,,,3,,POINT (140.6037479 36.5063782)
1093768211,36.5115523,140.5908152,,,3,,POINT (140.5908152 36.5115523)
1093768215,36.5049579,140.6075393,,,3,,POINT (140.6075393 36.5049579)
1093768217,36.5175205,140.6168304,,,1,,POINT (140.6168304 36.5175205)
1093768219,36.507668,140.6105562,,,4,,POINT (140.6105562 36.507668)
1093768220,36.5079273,140.605951,,,3,,POINT (140.605951 36.5079273)
1094534951,36.4956069,140.6126932,,,4,,POINT (140.6126932 36.4956069)
1094534955,36.4953934,140.6112299,,,3,,POINT (140.6112299 36.4953934)
1094534966,36.4977678,140.6126621,,,3,,POINT (140.6126621 36.4977678)
1094535031,36.5032839,140.614673,,,3,,POINT (140.614673 36.5032839)
1094535098,36.5026451,140.6157767,,,3,,POINT (140.6157767 36.5026451)
1094535130,36.4941931,140.6121785,,,3,,POINT (140.6121785 36.4941931)
1094535195,36.5021404,140.611793,,,3,,POINT (140.611793 36.5021404)
1094535198,36.5026676,140.6167158,,,3,,POINT (140.6167158 36.5026676)
1094535305,36.4923421,140.6086514,,,3,,POINT (140.6086514 36.4923421)
1094535346,36.5043037,140.6141661,,,3,,POINT (140.6141661 36.5043037)
1094535461,36.501447,140.6164473,,,3,,POINT (140.6164473 36.501447)
1094535539,36.4973036,140.6165931,,,3,,POINT (140.6165931 36.4973036)
1094535698,36.4935119,140.6121653,,,3,,POINT (140.6121653 36.4935119)
1094535716,36.5016498,140.6122678,,,3,,POINT (140.6122678 36.5016498)
1094535846,36.4918195,140.6125035,,,3,,POINT (140.6125035 36.4918195)
1094535880,36.4997242,140.619552,,,3,,POINT (140.619552 36.4997242)
1094535906,36.5049087,140.613991,,,3,,POINT (140.613991 36.5049087)
1094535990,36.495608,140.6106926,,,3,,POINT (140.6106926 36.495608)
1094536208,36.4953369,140.6133166,,,3,,POINT (140.6133166 36.4953369)
1094536211,36.495914,140.6145102,traffic_signals,,4,,POINT (140.6145102 36.495914)
1094536235,36.4934323,140.6172783,,,4,,POINT (140.6172783 36.4934323)
1094536274,36.4931755,140.6136722,,,3,,POINT (140.6136722 36.4931755)
1094536276,36.4963,140.6161885,,,4,,POINT (140.6161885 36.4963)
1094536381,36.4980904,140.619575,,,3,,POINT (140.619575 36.4980904)
1094536384,36.4986702,140.6185076,,,3,,POINT (140.6185076 36.4986702)
1094536414,36.4998368,140.6144131,,,3,,POINT (140.6144131 36.4998368)
1094536491,36.500522,140.621741,,,1,,POINT (140.621741 36.500522)
1094536496,36.5040097,140.6128398,,,3,,POINT (140.6128398 36.5040097)
1094536513,36.5009034,140.6195214,,,3,,POINT (140.6195214 36.5009034)
1094536594,36.4909914,140.6086321,,,3,,POINT (140.6086321 36.4909914)
1094536608,36.5020402,140.6208518,,,3,yes,POINT (140.6208518 36.5020402)
1094536638,36.4919419,140.6090857,,,3,,POINT (140.6090857 36.4919419)
1094536662,36.499194,140.6111995,,,3,,POINT (140.6111995 36.499194)
1094536670,36.5085985,140.5950008,,,3,,POINT (140.5950008 36.5085985)
1094536672,36.5022949,140.6152968,,,1,,POINT (140.6152968 36.5022949)
1094536760,36.504679,140.6148423,,,3,,POINT (140.6148423 36.504679)
1094536980,36.5056792,140.6149318,,,3,,POINT (140.6149318 36.5056792)
1094537023,36.4983294,140.6196767,,,3,,POINT (140.6196767 36.4983294)
1094537027,36.5033044,140.6168491,,,3,,POINT (140.6168491 36.5033044)
1094537082,36.5033072,140.61503,,,4,,POINT (140.61503 36.5033072)
1094537156,36.5009415,140.6141598,,,3,,POINT (140.6141598 36.5009415)
1094537193,36.4991172,140.6127413,,,1,,POINT (140.6127413 36.4991172)
1094537280,36.4945122,140.6124602,,,3,,POINT (140.6124602 36.4945122)
1094537351,36.5000098,140.6188274,,,3,,POINT (140.6188274 36.5000098)
1094537376,36.5016212,140.6164557,,,1,,POINT (140.6164557 36.5016212)
1094537438,36.4968989,140.6133929,traffic_signals,,4,,POINT (140.6133929 36.4968989)
1094537444,36.5001259,140.6218754,,,3,,POINT (140.6218754 36.5001259)
1094537580,36.4999902,140.6212254,,,3,,POINT (140.6212254 36.4999902)
1094537651,36.5028195,140.6180898,,,3,,POINT (140.6180898 36.5028195)
1094537674,36.493566,140.6120806,,,3,,POINT (140.6120806 36.493566)
1094537677,36.4895217,140.6100048,,,3,,POINT (140.6100048 36.4895217)
1094537720,36.4932942,140.6171002,,,3,,POINT (140.6171002 36.4932942)
1094537749,36.5032766,140.6144613,,,3,,POINT (140.6144613 36.5032766)
1094537829,36.4978634,140.6187927,,,3,,POINT (140.6187927 36.4978634)
1094537881,36.4972182,140.6109992,,,4,,POINT (140.6109992 36.4972182)
1094538033,36.5029597,140.6182664,,,3,,POINT (140.6182664 36.5029597)
1094538035,36.4970176,140.6125242,,,4,,POINT (140.6125242 36.4970176)
1094538041,36.502155,140.6126484,,,4,,POINT (140.6126484 36.502155)
1094538084,36.5006378,140.6200359,,,4,,POINT (140.6200359 36.5006378)
1094538099,36.4959054,140.6119828,,,4,,POINT (140.6119828 36.4959054)
1094538156,36.5020803,140.6171451,,,1,,POINT (140.6171451 36.5020803)
1094538164,36.4974158,140.6127574,,,3,,POINT (140.6127574 36.4974158)
1094538209,36.5018166,140.6142287,,,3,,POINT (140.6142287 36.5018166)
1094538349,36.4916598,140.6083444,,,3,,POINT (140.6083444 36.4916598)
1094538359,36.5012904,140.6158535,,,4,,POINT (140.6158535 36.5012904)
1094538500,36.4979562,140.6194819,,,1,,POINT (140.6194819 36.4979562)
1094538574,36.4915863,140.6138356,,,3,,POINT (140.6138356 36.4915863)
1094538582,36.4965507,140.6115708,,,3,,POINT (140.6115708 36.4965507)
1094538625,36.4954311,140.6103752,,,3,,POINT (140.6103752 36.4954311)
1094538640,36.4961222,140.6056848,,,3,,POINT (140.6056848 36.4961222)
1094538682,36.4973001,140.6104046,,,3,,POINT (140.6104046 36.4973001)
1094538734,36.5020583,140.6187017,,,3,,POINT (140.6187017 36.5020583)
1094538738,36.5017914,140.612083,,,3,,POINT (140.612083 36.5017914)
1094538790,36.4950008,140.6116588,,,3,,POINT (140.6116588 36.4950008)
1094538845,36.502702,140.6137347,,,3,,POINT (140.6137347 36.502702)
1094538883,36.4981784,140.6110952,,,3,,POINT (140.6110952 36.4981784)
1094538966,36.4991505,140.6118523,,,4,,POINT (140.6118523 36.4991505)
1094539005,36.5004393,140.6127738,,,4,,POINT (140.6127738 36.5004393)
1094539034,36.50146,140.6151317,,,4,,POINT (140.6151317 36.50146)
1094539040,36.5013006,140.6112349,,,3,,POINT (140.6112349 36.5013006)
1094539069,36.5001304,140.6112898,,,3,,POINT (140.6112898 36.5001304)
1094539126,36.4975887,140.6201505,,,3,,POINT (140.6201505 36.4975887)
1094539145,36.5054293,140.5979804,,,3,,POINT (140.5979804 36.5054293)
1094539154,36.5013557,140.6204078,,,4,,POINT (140.6204078 36.5013557)
1094539229,36.5028978,140.6155124,,,3,,POINT (140.6155124 36.5028978)
1094539288,36.5051387,140.6142663,,,3,,POINT (140.6142663 36.5051387)
1094539318,36.4944513,140.6096787,,,3,,POINT (140.6096787 36.4944513)
1094539326,36.4985186,140.6190516,,,4,,POINT (140.6190516 36.4985186)
1094539351,36.502691,140.6131551,,,3,,POINT (140.6131551 36.502691)
1094539545,36.5012226,140.6161356,,,3,,POINT (140.6161356 36.5012226)
1094539631,36.4913009,140.6089464,,,3,,POINT (140.6089464 36.4913009)
1094539707,36.4957367,140.6109204,,,3,,POINT (140.6109204 36.4957367)
1094539712,36.5035883,140.6128088,,,3,,POINT (140.6128088 36.5035883)
1094539817,36.5038724,140.6136001,,,3,,POINT (140.6136001 36.5038724)
1094540028,36.4997073,140.6224014,,,1,,POINT (140.6224014 36.4997073)
1094540100,36.5041121,140.6169709,,,3,,POINT (140.6169709 36.5041121)
1094540172,36.5017911,140.6136779,,,4,,POINT (140.6136779 36.5017911)
1094540191,36.4945459,140.6101595,,,3,,POINT (140.6101595 36.4945459)
1094540206,36.5030086,140.6163546,,,3,,POINT (140.6163546 36.5030086)
1094540244,36.5027461,140.6144157,,,3,,POINT (140.6144157 36.5027461)
1094540314,36.5025692,140.6177997,,,4,,POINT (140.6177997 36.5025692)
1094540544,36.4918252,140.6076524,,,3,,POINT (140.6076524 36.4918252)
1094540686,36.5069461,140.5966058,,,3,,POINT (140.5966058 36.5069461)
1094540695,36.5037363,140.6132034,,,3,,POINT (140.6132034 36.5037363)
1094540769,36.5034357,140.6121697,,,3,,POINT (140.6121697 36.5034357)
1094540773,36.4999381,140.6221114,,,3,,POINT (140.6221114 36.4999381)
1094540820,36.4969185,140.6158068,,,3,,POINT (140.6158068 36.4969185)
1094540833,36.4971303,140.6117421,,,4,,POINT (140.6117421 36.4971303)
1094540923,36.4945996,140.6124174,,,3,,POINT (140.6124174 36.4945996)
1094541001,36.4946458,140.6109445,,,3,,POINT (140.6109445 36.4946458)
1094541008,36.4969265,140.6143254,,,3,,POINT (140.6143254 36.4969265)
1094541011,36.5035344,140.6171515,,,3,,POINT (140.6171515 36.5035344)
1094541058,36.493228,140.6084612,,,3,,POINT (140.6084612 36.493228)
1094541085,36.5021991,140.617324,,,3,,POINT (140.617324 36.5021991)
1094541094,36.4983231,140.6128183,,,3,,POINT (140.6128183 36.4983231)
1094541150,36.4920113,140.6080172,,,4,,POINT (140.6080172 36.4920113)
1094541204,36.5007223,140.6155997,,,4,,POINT (140.6155997 36.5007223)
1094541208,36.4961862,140.6113772,,,3,,POINT (140.6113772 36.4961862)
1094541236,36.502121,140.6153131,,,3,,POINT (140.6153131 36.502121)
1094541253,36.500812,140.6111455,,,4,,POINT (140.6111455 36.500812)
1094541276,36.50445,140.6145807,,,3,,POINT (140.6145807 36.50445)
1094541332,36.5037993,140.6125139,,,3,,POINT (140.6125139 36.5037993)
1094541533,36.4919577,140.6086439,,,3,,POINT (140.6086439 36.4919577)
1094541549,36.4981364,140.6117986,,,3,,POINT (140.6117986 36.4981364)
1094541575,36.4999279,140.6152173,,,3,,POINT (140.6152173 36.4999279)
1094541578,36.4927795,140.6086098,,,3,,POINT (140.6086098 36.4927795)
1094541582,36.5008586,140.6151422,,,3,,POINT (140.6151422 36.5008586)
1094541603,36.503217,140.6138229,,,3,,POINT (140.6138229 36.503217)
1094541608,36.4993204,140.6215696,,,3,,POINT (140.6215696 36.4993204)
1094541664,36.5040956,140.6138901,,,3,,POINT (140.6138901 36.5040956)
1094541742,36.5000122,140.6119023,,,4,,POINT (140.6119023 36.5000122)
1094541747,36.4999391,140.6148078,,,3,,POINT (140.6148078 36.4999391)
1094541749,36.5046687,140.6137078,,,3,,POINT (140.6137078 36.5046687)
1094541801,36.4961081,140.6102332,,,3,,POINT (140.6102332 36.4961081)
1094541868,36.496531,140.6135712,,,3,,POINT (140.6135712 36.496531)
1094541870,36.5044492,140.6134252,,,3,,POINT (140.6134252 36.5044492)
1094541951,36.5021448,140.6172395,,,3,,POINT (140.6172395 36.5021448)
1094542047,36.5003186,140.6174846,,,3,,POINT (140.6174846 36.5003186)
1094542086,36.4991169,140.6124857,,,4,,POINT (140.6124857 36.4991169)
1094542092,36.4981756,140.6175989,,,1,,POINT (140.6175989 36.4981756)
1094542156,36.4996886,140.613717,,,3,,POINT (140.613717 36.4996886)
1094542256,36.49677,140.6109583,,,3,,POINT (140.6109583 36.49677)
1094542259,36.5042181,140.6131278,,,3,,POINT (140.6131278 36.5042181)
1094542377,36.5015355,140.6167127,,,1,,POINT (140.6167127 36.5015355)
1094542385,36.4960997,140.611323,,,3,,POINT (140.611323 36.4960997)
1094542423,36.5035044,140.6160846,,,3,,POINT (140.6160846 36.5035044)
1097662561,36.5008415,140.6086962,,,3,,POINT (140.6086962 36.5008415)
1097662566,36.4972876,140.6096259,,,1,,POINT (140.6096259 36.4972876)
1097662572,36.4945326,140.6066781,,,3,,POINT (140.6066781 36.4945326)
1097662577,36.4963191,140.6091031,,,3,,POINT (140.6091031 36.4963191)
1097662579,36.5007154,140.6078866,,,4,,POINT (140.6078866 36.5007154)
1097662592,36.5012406,140.6089258,,,1,,POINT (140.6089258 36.5012406)
1097662595,36.4969657,140.6072925,,,4,,POINT (140.6072925 36.4969657)
1097662613,36.5012028,140.6057262,,,3,,POINT (140.6057262 36.5012028)
1097662633,36.493727,140.6069194,,,3,,POINT (140.6069194 36.493727)
1097662639,36.5014325,140.6077294,,,3,,POINT (140.6077294 36.5014325)
1097662645,36.4934742,140.6076376,,,1,,POINT (140.6076376 36.4934742)
1097662647,36.501303,140.6081708,,,3,,POINT (140.6081708 36.501303)
1097662649,36.4988687,140.6066188,,,3,,POINT (140.6066188 36.4988687)
1097662652,36.4977158,140.6059383,,,3,,POINT (140.6059383 36.4977158)
1097662655,36.4971862,140.608921,,,3,,POINT (140.608921 36.4971862)
1097662669,36.4953905,140.6061279,,,3,,POINT (140.6061279 36.4953905)
1097662672,36.4964608,140.6092038,,,3,,POINT (140.6092038 36.4964608)
1097662688,36.4978357,140.6066534,,,4,,POINT (140.6066534 36.4978357)
1097662690,36.4936553,140.6069822,,,3,,POINT (140.6069822 36.4936553)
1097662692,36.495687,140.6063652,,,3,,POINT (140.6063652 36.495687)
1097662694,36.5005887,140.6070885,,,3,,POINT (140.6070885 36.5005887)
1097662698,36.4939631,140.6071514,,,1,,POINT (140.6071514 36.4939631)
1097662706,36.5005398,140.6091853,,,3,,POINT (140.6091853 36.5005398)
1097662709,36.4977857,140.6070857,,,3,,POINT (140.6070857 36.4977857)
1097662713,36.4971895,140.6085812,,,4,,POINT (140.6085812 36.4971895)
1097662714,36.4955025,140.6072252,,,3,,POINT (140.6072252 36.4955025)
1097662731,36.4961292,140.6079704,,,4,,POINT (140.6079704 36.4961292)
1097662733,36.4999419,140.6071865,,,3,,POINT (140.6071865 36.4999419)
1097662734,36.5009915,140.609907,,,3,,POINT (140.609907 36.5009915)
1097662736,36.4979088,140.6070519,,,3,,POINT (140.6070519 36.4979088)
1097662741,36.5026323,140.6059388,,,3,,POINT (140.6059388 36.5026323)
1097662742,36.4977678,140.6062347,,,3,,POINT (140.6062347 36.4977678)
1097662743,36.4968954,140.6069008,,,3,,POINT (140.6069008 36.4968954)
1097662754,36.5016402,140.6068187,,,3,,POINT (140.6068187 36.5016402)
1097662756,36.4963087,140.6068228,,,3,,POINT (140.6068228 36.4963087)
1097662767,36.5014794,140.6087625,,,3,,POINT (140.6087625 36.5014794)
1097662773,36.4954646,140.6081331,,,3,,POINT (140.6081331 36.4954646)
1097662781,36.498452,140.6069108,,,3,,POINT (140.6069108 36.498452)
1097662784,36.4983201,140.606523,,,3,,POINT (140.606523 36.4983201)
1097662789,36.49627,140.6088259,,,3,,POINT (140.6088259 36.49627)
1097662790,36.5012662,140.6064902,,,3,,POINT (140.6064902 36.5012662)
1097662795,36.5017056,140.6090571,,,3,,POINT (140.6090571 36.5017056)
1097662805,36.4961984,140.6084026,,,4,,POINT (140.6084026 36.4961984)
1097662807,36.4977351,140.6089504,,,3,,POINT (140.6089504 36.4977351)
1097662809,36.4995472,140.6065076,,,3,,POINT (140.6065076 36.4995472)
1097662817,36.5015782,140.6064288,,,3,,POINT (140.6064288 36.5015782)
1097662823,36.5009336,140.6065709,,,3,,POINT (140.6065709 36.5009336)
1097662829,36.5007806,140.6083063,,,4,,POINT (140.6083063 36.5007806)
1097662831,36.5002437,140.6093202,,,1,,POINT (140.6093202 36.5002437)
1097662842,36.4960559,140.6075409,,,3,,POINT (140.6075409 36.4960559)
1097662849,36.4998136,140.606481,,,3,,POINT (140.606481 36.4998136)
1097662855,36.5001293,140.6102246,,,1,,POINT (140.6102246 36.5001293)
1097662869,36.497127,140.6094798,,,3,,POINT (140.6094798 36.497127)
1097662871,36.4958264,140.6085039,,,3,,POINT (140.6085039 36.4958264)
1097662873,36.4971755,140.6090882,,,3,,POINT (140.6090882 36.4971755)
1097662878,36.4968243,140.6064868,,,3,,POINT (140.6064868 36.4968243)
1097662887,36.5015536,140.6062804,,,1,,POINT (140.6062804 36.5015536)
1097662889,36.5005154,140.6067104,,,3,,POINT (140.6067104 36.5005154)
1097662908,36.4958445,140.6066352,,,3,,POINT (140.6066352 36.4958445)
1097662910,36.4971104,140.608168,,,4,,POINT (140.608168 36.4971104)
1097662913,36.4953977,140.6077145,,,3,,POINT (140.6077145 36.4953977)
1097662922,36.5017118,140.6072207,,,3,,POINT (140.6072207 36.5017118)
1097662929,36.5009355,140.609459,,,1,,POINT (140.609459 36.5009355)
1097662932,36.5006539,140.6074701,,,3,,POINT (140.6074701 36.5006539)
1097662935,36.4978453,140.6074794,,,3,,POINT (140.6074794 36.4978453)
1097662938,36.4970326,140.6077386,,,3,,POINT (140.6077386 36.4970326)
1097662953,36.4969279,140.6070662,,,3,,POINT (140.6070662 36.4969279)
1097662956,36.4926483,140.607135,,,1,,POINT (140.607135 36.4926483)
1097670916,36.5027379,140.6005008,,,3,,POINT (140.6005008 36.5027379)
1097670919,36.5059138,140.603641,,,3,,POINT (140.603641 36.5059138)
1097670933,36.5039427,140.6009187,,,5,,POINT (140.6009187 36.5039427)
1097670936,36.5023065,140.6056151,,,3,,POINT (140.6056151 36.5023065)
1097670939,36.5036448,140.5995819,,,3,,POINT (140.5995819 36.5036448)
1097670940,36.5058762,140.6026272,,,3,,POINT (140.6026272 36.5058762)
1097670947,36.5032979,140.6001162,,,1,,POINT (140.6001162 36.5032979)
1097670951,36.5040965,140.6015907,,,3,,POINT (140.6015907 36.5040965)
1097670957,36.5034691,140.6059456,,,4,,POINT (140.6059456 36.5034691)
1097670962,36.5034456,140.6016511,,,3,,POINT (140.6016511 36.5034456)
1097670966,36.5044959,140.6037623,,,3,,POINT (140.6037623 36.5044959)
1097670968,36.5010773,140.6043629,,,3,,POINT (140.6043629 36.5010773)
1097670971,36.5045194,140.6016657,,,3,,POINT (140.6016657 36.5045194)
1097670973,36.5033932,140.6033304,,,3,,POINT (140.6033304 36.5033932)
1097670979,36.5016223,140.6027662,,,1,,POINT (140.6027662 36.5016223)
1097670987,36.5044496,140.6035222,,,3,,POINT (140.6035222 36.5044496)
1097670988,36.5000546,140.6051162,,,3,,POINT (140.6051162 36.5000546)
1097670996,36.5026987,140.6022814,,,3,,POINT (140.6022814 36.5026987)
1097670998,36.5038117,140.6024349,,,1,,POINT (140.6024349 36.5038117)
1097671001,36.4994751,140.6050534,,,3,,POINT (140.6050534 36.4994751)
1097671006,36.505136,140.6011989,,,3,,POINT (140.6011989 36.505136)
1097671007,36.5040074,140.6043938,,,3,,POINT (140.6043938 36.5040074)
1097671010,36.5039405,140.5993774,,,3,,POINT (140.5993774 36.5039405)
1097671013,36.5049212,140.5994309,,,3,,POINT (140.5994309 36.5049212)
1097671016,36.4996127,140.6044261,,,1,,POINT (140.6044261 36.4996127)
1097671021,36.5053816,140.6009598,,,3,,POINT (140.6009598 36.5053816)
1097671024,36.5035281,140.6033625,,,3,,POINT (140.6033625 36.5035281)
1097671030,36.5038108,140.604206,,,3,,POINT (140.604206 36.5038108)
1097671035,36.5041204,140.6019496,,,3,,POINT (140.6019496 36.5041204)
1097671039,36.5049132,140.6017266,,,3,,POINT (140.6017266 36.5049132)
1097671046,36.50089,140.6043103,,,3,,POINT (140.6043103 36.50089)
1097671050,36.504465,140.6033062,,,4,,POINT (140.6033062 36.504465)
1097671051,36.4982306,140.6052441,,,3,,POINT (140.6052441 36.4982306)
1097671053,36.5053319,140.6026228,,,3,,POINT (140.6026228 36.5053319)
1097671062,36.5044016,140.6047654,,,3,,POINT (140.6047654 36.5044016)
1097671063,36.5017402,140.6034483,,,3,,POINT (140.6034483 36.5017402)
1097671074,36.5058427,140.6025928,,,3,,POINT (140.6025928 36.5058427)
1097671078,36.5042043,140.6005537,,,3,,POINT (140.6005537 36.5042043)
1097671079,36.5016012,140.6030123,,,3,,POINT (140.6030123 36.5016012)
1097671080,36.4998837,140.6044776,,,3,,POINT (140.6044776 36.4998837)
1097671084,36.5049373,140.6028573,,,4,,POINT (140.6028573 36.5049373)
1097671093,36.5029798,140.6020543,,,3,,POINT (140.6020543 36.5029798)
1097671100,36.5031106,140.6055139,,,3,,POINT (140.6055139 36.5031106)
1097671101,36.5008673,140.605751,,,4,,POINT (140.605751 36.5008673)
1097671105,36.5037493,140.6047322,,,3,,POINT (140.6047322 36.5037493)
1097671106,36.5023446,140.6042105,,,3,,POINT (140.6042105 36.5023446)
1097671111,36.5057861,140.6019848,,,3,,POINT (140.6019848 36.5057861)
1097671113,36.5040304,140.6007836,,,3,,POINT (140.6007836 36.5040304)
1097671117,36.500114,140.6036919,,,3,,POINT (140.6036919 36.500114)
1097671121,36.5004925,140.6057587,,,3,,POINT (140.6057587 36.5004925)
1097671124,36.5059174,140.6002669,,,3,,POINT (140.6002669 36.5059174)
1097671126,36.5028405,140.603866,,,3,,POINT (140.603866 36.5028405)
1097671129,36.5057464,140.6015074,,,3,,POINT (140.6015074 36.5057464)
1097671132,36.5036391,140.6037049,,,3,,POINT (140.6037049 36.5036391)
1097671133,36.5018742,140.6034543,,,3,,POINT (140.6034543 36.5018742)
1097671135,36.4999674,140.6044546,,,3,,POINT (140.6044546 36.4999674)
1097675320,36.5093365,140.6030743,,,3,,POINT (140.6030743 36.5093365)
1097675321,36.5067774,140.6005305,,,3,,POINT (140.6005305 36.5067774)
1097675322,36.5079169,140.5991288,,,3,,POINT (140.5991288 36.5079169)
1097675324,36.5066532,140.5975518,,,3,,POINT (140.5975518 36.5066532)
1097675328,36.5078906,140.6058979,,,3,,POINT (140.6058979 36.5078906)
1097675333,36.5073225,140.5981598,,,1,,POINT (140.5981598 36.5073225)
1097675339,36.5073492,140.6010983,,,4,,POINT (140.6010983 36.5073492)
1097675342,36.5077801,140.6022867,,,4,,POINT (140.6022867 36.5077801)
1097675343,36.5070844,140.600373,,,3,,POINT (140.600373 36.5070844)
1097675346,36.5064075,140.6016266,,,3,,POINT (140.6016266 36.5064075)
1097675349,36.5077211,140.6008852,,,1,,POINT (140.6008852 36.5077211)
1097675356,36.5064395,140.5972898,,,3,,POINT (140.5972898 36.5064395)
1097675357,36.4987706,140.6037223,,,1,,POINT (140.6037223 36.4987706)
1097675359,36.5078402,140.6026716,,,3,,POINT (140.6026716 36.5078402)
1097680882,36.5119654,140.5991497,,,3,,POINT (140.5991497 36.5119654)
1097680883,36.5117135,140.602948,,,3,,POINT (140.602948 36.5117135)
1097680885,36.5115728,140.5936643,,,4,,POINT (140.5936643 36.5115728)
1097680899,36.5102085,140.5983899,,,3,,POINT (140.5983899 36.5102085)
1097680900,36.5112381,140.5972229,,,3,,POINT (140.5972229 36.5112381)
1097680902,36.511398,140.6016814,,,3,,POINT (140.6016814 36.511398)
1097680903,36.5104712,140.6015798,,,3,,POINT (140.6015798 36.5104712)
1097680906,36.5118557,140.6023835,,,1,,POINT (140.6023835 36.5118557)
1097680907,36.5074806,140.5971598,,,3,,POINT (140.5971598 36.5074806)
1097680917,36.5095221,140.5980973,,,3,,POINT (140.5980973 36.5095221)
1097680925,36.5127021,140.5984095,,,1,,POINT (140.5984095 36.5127021)
1097680926,36.5108201,140.5986178,,,3,,POINT (140.5986178 36.5108201)
1097680927,36.5122725,140.5936514,,,3,,POINT (140.5936514 36.5122725)
1097680938,36.5115487,140.5960529,,,3,,POINT (140.5960529 36.5115487)
1097680945,36.5113567,140.6016848,,,3,,POINT (140.6016848 36.5113567)
1097680946,36.5104343,140.6010785,,,3,,POINT (140.6010785 36.5104343)
1097680949,36.5126165,140.5947358,,,4,,POINT (140.5947358 36.5126165)
1097680956,36.5119802,140.5967396,,,3,,POINT (140.5967396 36.5119802)
1097680960,36.5113748,140.5958671,,,3,,POINT (140.5958671 36.5113748)
1097680967,36.5105271,140.599343,,,3,,POINT (140.599343 36.5105271)
1097680969,36.5120817,140.5936668,,,3,,POINT (140.5936668 36.5120817)
1097680975,36.5122695,140.5971657,,,3,,POINT (140.5971657 36.5122695)
1097680980,36.512447,140.5926087,,,3,,POINT (140.5926087 36.512447)
1097680984,36.5075546,140.5977857,,,3,,POINT (140.5977857 36.5075546)
1097680989,36.5095573,140.5936964,,,3,,POINT (140.5936964 36.5095573)
1097680990,36.5113829,140.6022332,,,1,,POINT (140.6022332 36.5113829)
1097680999,36.5119891,140.5971864,,,3,,POINT (140.5971864 36.5119891)
1097681007,36.51062,140.5975844,,,3,,POINT (140.5975844 36.51062)
1097681009,36.510878,140.5992226,,,3,,POINT (140.5992226 36.510878)
1097681010,36.5107005,140.5976087,,,3,,POINT (140.5976087 36.5107005)
1097681015,36.508361,140.5964925,,,3,,POINT (140.5964925 36.508361)
1097681017,36.512701,140.5966853,,,3,,POINT (140.5966853 36.512701)
1097681021,36.5119732,140.5960565,,,1,,POINT (140.5960565 36.5119732)
1097681031,36.51045,140.5994135,,,3,,POINT (140.5994135 36.51045)
1097681032,36.5098332,140.5944878,,,1,,POINT (140.5944878 36.5098332)
1097681039,36.508627,140.5962208,,,4,,POINT (140.5962208 36.508627)
1097681052,36.5104936,140.6019858,,,3,,POINT (140.6019858 36.5104936)
1097681060,36.5073611,140.5973227,,,3,,POINT (140.5973227 36.5073611)
1097681065,36.5126706,140.5929406,,,3,,POINT (140.5929406 36.5126706)
1097681069,36.5131231,140.5946237,,,3,,POINT (140.5946237 36.5131231)
1097681075,36.5103941,140.5998829,,,3,,POINT (140.5998829 36.5103941)
1097681077,36.5120051,140.5993559,,,3,,POINT (140.5993559 36.5120051)
1097681083,36.5105141,140.5929551,,,1,,POINT (140.5929551 36.5105141)
1097681088,36.5100129,140.6020514,,,3,,POINT (140.6020514 36.5100129)
1097681091,36.5104764,140.6005801,,,3,,POINT (140.6005801 36.5104764)
1097681097,36.5078669,140.5975149,,,1,,POINT (140.5975149 36.5078669)
1097681101,36.5118041,140.5964438,,,1,,POINT (140.5964438 36.5118041)
1097681110,36.5119636,140.5918582,,,1,,POINT (140.5918582 36.5119636)
1097681114,36.5117852,140.6027384,,,3,,POINT (140.6027384 36.5117852)
1097681115,36.5119225,140.5936558,,,3,,POINT (140.5936558 36.5119225)
1097681116,36.5113189,140.5992057,,,3,,POINT (140.5992057 36.5113189)
1097681122,36.5122904,140.5948136,,,4,,POINT (140.5948136 36.5122904)
1097681124,36.5122934,140.592612,,,3,,POINT (140.592612 36.5122934)
1097681127,36.5115891,140.5972169,,,4,,POINT (140.5972169 36.5115891)
1097681134,36.5106919,140.593627,,,3,,POINT (140.593627 36.5106919)
1097681136,36.5114156,140.6025907,,,1,,POINT (140.6025907 36.5114156)
1097681137,36.5081959,140.595853,,,3,,POINT (140.595853 36.5081959)
1097681139,36.5088923,140.596546,,,3,,POINT (140.596546 36.5088923)
1097689792,36.4875587,140.6022198,,,3,,POINT (140.6022198 36.4875587)
1097689804,36.490954,140.6027563,,,3,,POINT (140.6027563 36.490954)
1097689815,36.4946931,140.6020099,,,3,,POINT (140.6020099 36.4946931)
1097689816,36.4969175,140.6000821,,,1,,POINT (140.6000821 36.4969175)
1097689817,36.494784,140.598286,,,4,,POINT (140.598286 36.494784)
1097689818,36.4873667,140.6000856,,,4,,POINT (140.6000856 36.4873667)
1097689827,36.4862632,140.6028094,,,3,,POINT (140.6028094 36.4862632)
1097689829,36.4964355,140.6017402,,,3,,POINT (140.6017402 36.4964355)
1097689835,36.4969647,140.5978997,,,3,,POINT (140.5978997 36.4969647)
1097689840,36.4882586,140.6058671,,,3,,POINT (140.6058671 36.4882586)
1097689846,36.4883913,140.5999864,,,4,,POINT (140.5999864 36.4883913)
1097689865,36.4869982,140.6016473,,,3,,POINT (140.6016473 36.4869982)
1097689868,36.4936358,140.6047566,,,1,,POINT (140.6047566 36.4936358)
1097689873,36.4855105,140.6020318,,,3,,POINT (140.6020318 36.4855105)
1097689888,36.4942455,140.6012995,,,3,,POINT (140.6012995 36.4942455)
1097689889,36.4959781,140.6007867,,,3,,POINT (140.6007867 36.4959781)
1097689890,36.4941378,140.596932,,,4,,POINT (140.596932 36.4941378)
1097689900,36.4889264,140.6051038,,,3,,POINT (140.6051038 36.4889264)
1097689902,36.4952404,140.6028841,,,3,,POINT (140.6028841 36.4952404)
1097689906,36.4880841,140.6003101,,,4,,POINT (140.6003101 36.4880841)
1097689911,36.4971062,140.5991137,,,3,,POINT (140.5991137 36.4971062)
1097689930,36.4952225,140.5966937,,,3,,POINT (140.5966937 36.4952225)
1097689946,36.4975688,140.5971242,,,4,,POINT (140.5971242 36.4975688)
1097689956,36.4959707,140.5970837,,,3,,POINT (140.5970837 36.4959707)
1097689959,36.4900263,140.5987892,,,3,,POINT (140.5987892 36.4900263)
1097689975,36.4907556,140.6065768,,,1,,POINT (140.6065768 36.4907556)
1097689977,36.4948544,140.6022631,,,3,,POINT (140.6022631 36.4948544)
1097689987,36.4856431,140.600672,,,3,,POINT (140.600672 36.4856431)
1097690000,36.4886518,140.6091668,,,1,,POINT (140.6091668 36.4886518)
1097690007,36.4935491,140.5984402,,,3,,POINT (140.5984402 36.4935491)
1097690009,36.4886985,140.6012722,,,3,,POINT (140.6012722 36.4886985)
1097690010,36.4963876,140.595833,,,1,,POINT (140.595833 36.4963876)
1097690031,36.4941246,140.6001849,,,3,,POINT (140.6001849 36.4941246)
1097690040,36.4955962,140.5999905,,,3,,POINT (140.5999905 36.4955962)
1097690044,36.4963468,140.5979274,,,3,,POINT (140.5979274 36.4963468)
1097690060,36.4931076,140.6039234,,,3,,POINT (140.6039234 36.4931076)
1097690069,36.49341,140.600476,,,1,,POINT (140.600476 36.49341)
1097690071,36.4959055,140.5982286,,,4,,POINT (140.5982286 36.4959055)
1097690072,36.493636,140.598443,,,3,,POINT (140.598443 36.493636)
1097690077,36.4956856,140.6036027,,,1,,POINT (140.6036027 36.4956856)
1097690086,36.4959789,140.5968295,,,3,,POINT (140.5968295 36.4959789)
1097690089,36.4939514,140.5995249,,,4,,POINT (140.5995249 36.4939514)
1097690101,36.4875068,140.6041922,,,3,,POINT (140.6041922 36.4875068)
1097690102,36.4924936,140.6029461,,,3,,POINT (140.6029461 36.4924936)
1097690104,36.4851032,140.6028393,,,3,,POINT (140.6028393 36.4851032)
1097690108,36.4971574,140.5970033,,,3,,POINT (140.5970033 36.4971574)
1097690111,36.4974095,140.599516,,,1,,POINT (140.599516 36.4974095)
1097690130,36.4952743,140.600295,,,3,,POINT (140.600295 36.4952743)
1097690134,36.4953498,140.5981275,,,3,,POINT (140.5981275 36.4953498)
1097690140,36.4855541,140.6019656,,,3,,POINT (140.6019656 36.4855541)
1097690141,36.4917817,140.6018253,traffic_signals,,3,,POINT (140.6018253 36.4917817)
1097690145,36.4964144,140.5995445,,,3,,POINT (140.5995445 36.4964144)
1097690149,36.4889795,140.6068485,,,3,,POINT (140.6068485 36.4889795)
1097694524,36.4959808,140.5848181,,,3,,POINT (140.5848181 36.4959808)
1097694551,36.4956099,140.5837412,,,1,,POINT (140.5837412 36.4956099)
1097694560,36.4963853,140.5715438,,,3,,POINT (140.5715438 36.4963853)
1097694577,36.4966118,140.5779513,,,3,,POINT (140.5779513 36.4966118)
1097694601,36.4951578,140.5697373,,,1,,POINT (140.5697373 36.4951578)
1097694602,36.4955574,140.5827545,,,1,,POINT (140.5827545 36.4955574)
1097694623,36.4949698,140.5842038,,,3,,POINT (140.5842038 36.4949698)
1097694636,36.4980163,140.572472,,,1,,POINT (140.572472 36.4980163)
1097694639,36.495414,140.56584,,,1,,POINT (140.56584 36.495414)
1097694645,36.4959378,140.5829107,,,3,,POINT (140.5829107 36.4959378)
1097694662,36.4965885,140.5780519,,,3,,POINT (140.5780519 36.4965885)
1097694666,36.4962748,140.5786137,,,1,,POINT (140.5786137 36.4962748)
1097699430,36.5053052,140.5920665,,,3,,POINT (140.5920665 36.5053052)
1097699432,36.5066464,140.5940308,,,3,,POINT (140.5940308 36.5066464)
1097699439,36.4960432,140.5819823,,,3,,POINT (140.5819823 36.4960432)
1097699457,36.5062138,140.5876285,,,3,,POINT (140.5876285 36.5062138)
1097699495,36.4961245,140.5872119,,,3,,POINT (140.5872119 36.4961245)
1097699514,36.5034309,140.5973866,,,1,,POINT (140.5973866 36.5034309)
1097699525,36.5046021,140.5947367,,,3,,POINT (140.5947367 36.5046021)
1097699529,36.4999921,140.5725275,,,3,,POINT (140.5725275 36.4999921)
1097699532,36.5083341,140.587697,,,3,,POINT (140.587697 36.5083341)
1097699541,36.5051335,140.5898286,,,4,,POINT (140.5898286 36.5051335)
1097699547,36.5004107,140.5993719,,,4,,POINT (140.5993719 36.5004107)
1097699554,36.5074005,140.5900246,,,3,,POINT (140.5900246 36.5074005)
1097699560,36.5024168,140.5752646,,,4,,POINT (140.5752646 36.5024168)
1097699584,36.5018844,140.5813888,,,4,,POINT (140.5813888 36.5018844)
1097699594,36.5074129,140.589595,,,3,,POINT (140.589595 36.5074129)
1097699599,36.5047976,140.5968417,,,4,,POINT (140.5968417 36.5047976)
1097699603,36.5022729,140.5889859,,,4,,POINT (140.5889859 36.5022729)
1097699609,36.5069528,140.5918473,,,3,,POINT (140.5918473 36.5069528)
1097699612,36.5019589,140.5942036,,,3,,POINT (140.5942036 36.5019589)
1097699622,36.5077919,140.588806,,,4,,POINT (140.588806 36.5077919)
1097699625,36.496162,140.589119,,,1,,POINT (140.589119 36.496162)
1097699628,36.4999329,140.5997722,,,1,,POINT (140.5997722 36.4999329)
1097699630,36.5031779,140.5929283,,,3,,POINT (140.5929283 36.5031779)
1097699637,36.5005909,140.5926103,,,3,,POINT (140.5926103 36.5005909)
1097699639,36.5036263,140.5925091,,,3,,POINT (140.5925091 36.5036263)
1097699643,36.49999,140.573598,,,3,,POINT (140.573598 36.49999)
1097699659,36.4998714,140.5995919,,,1,,POINT (140.5995919 36.4998714)
1097699674,36.5064673,140.5808844,,,4,,POINT (140.5808844 36.5064673)
1097699690,36.5037546,140.5927495,,,3,,POINT (140.5927495 36.5037546)
1097699698,36.5010695,140.5934691,,,3,,POINT (140.5934691 36.5010695)
1097699703,36.5003396,140.5991818,,,3,,POINT (140.5991818 36.5003396)
1097699708,36.5000833,140.5954567,,,4,,POINT (140.5954567 36.5000833)
1097699727,36.5071814,140.5806446,,,3,,POINT (140.5806446 36.5071814)
1097699731,36.4999555,140.594525,,,3,,POINT (140.594525 36.4999555)
1097699756,36.5011041,140.6013059,,,3,,POINT (140.6013059 36.5011041)
1097699777,36.5032321,140.5930073,,,3,,POINT (140.5930073 36.5032321)
1097699778,36.4991163,140.5955333,,,1,,POINT (140.5955333 36.4991163)
1097699779,36.5021228,140.5986981,,,3,,POINT (140.5986981 36.5021228)
1097721964,36.5063858,140.6140236,,,3,yes,POINT (140.6140236 36.5063858)
1196708494,36.5178213,140.6328292,,,3,,POINT (140.6328292 36.5178213)
1196708532,36.5175931,140.6315652,,,4,,POINT (140.6315652 36.5175931)
1196708542,36.5262828,140.6145184,,,3,,POINT (140.6145184 36.5262828)
1196708561,36.5378218,140.6253763,traffic_signals,,4,,POINT (140.6253763 36.5378218)
1196708584,36.5212943,140.6296326,,,3,,POINT (140.6296326 36.5212943)
1196708646,36.5262073,140.6337676,,,3,,POINT (140.6337676 36.5262073)
1196708727,36.5220886,140.6242895,,,3,,POINT (140.6242895 36.5220886)
1196708738,36.5266669,140.6145654,,,3,,POINT (140.6145654 36.5266669)
1196708746,36.5184886,140.632708,,,3,,POINT (140.632708 36.5184886)
1196708827,36.5199429,140.6225545,traffic_signals,,4,,POINT (140.6225545 36.5199429)
1196708834,36.5206241,140.6321529,,,3,,POINT (140.6321529 36.5206241)
1196708908,36.5210112,140.6295352,,,3,,POINT (140.6295352 36.5210112)
1196708942,36.5201374,140.6325505,,,3,,POINT (140.6325505 36.5201374)
1196708985,36.5268798,140.6145906,,,3,,POINT (140.6145906 36.5268798)
1196709022,36.5198377,140.6302024,,,3,,POINT (140.6302024 36.5198377)
1196709053,36.5357825,140.6256559,,,3,,POINT (140.6256559 36.5357825)
1196709147,36.5202816,140.6226311,turning_circle,,1,,POINT (140.6226311 36.5202816)
1196709155,36.5194062,140.6329322,,,3,,POINT (140.6329322 36.5194062)
1196709223,36.5235864,140.6254131,,,3,,POINT (140.6254131 36.5235864)
1196709277,36.5205818,140.6324776,,,3,,POINT (140.6324776 36.5205818)
1196709288,36.5196282,140.6310798,,,4,,POINT (140.6310798 36.5196282)
1196709312,36.5180627,140.6306445,,,3,,POINT (140.6306445 36.5180627)
1196709337,36.5171878,140.6317041,,,3,,POINT (140.6317041 36.5171878)
1196709402,36.5202674,140.6303159,,,3,,POINT (140.6303159 36.5202674)
1196709484,36.5190455,140.6277629,,,3,,POINT (140.6277629 36.5190455)
1196709564,36.521234,140.63057,,,3,,POINT (140.63057 36.521234)
1196709605,36.5162837,140.6221561,,,3,,POINT (140.6221561 36.5162837)
1196709610,36.5179832,140.6305733,,,3,,POINT (140.6305733 36.5179832)
1196709664,36.5166427,140.6236469,,,4,,POINT (140.6236469 36.5166427)
1196709679,36.5165192,140.6309711,,,3,,POINT (140.6309711 36.5165192)
1196709680,36.5203894,140.6294218,,,3,,POINT (140.6294218 36.5203894)
1196709709,36.5193056,140.6324502,,,3,,POINT (140.6324502 36.5193056)
1196709748,36.5227342,140.611944,,,3,,POINT (140.611944 36.5227342)
1196709755,36.5155086,140.6229876,,,3,,POINT (140.6229876 36.5155086)
1196709760,36.5171329,140.6305039,,,3,,POINT (140.6305039 36.5171329)
1196709772,36.5163741,140.6317336,,,3,,POINT (140.6317336 36.5163741)
1196709784,36.520495,140.633206,,,3,,POINT (140.633206 36.520495)
1196709841,36.5422229,140.6266582,,,4,,POINT (140.6266582 36.5422229)
1196709906,36.517467,140.6309866,,,3,,POINT (140.6309866 36.517467)
1196709970,36.5211227,140.630375,,,3,,POINT (140.630375 36.5211227)
1196709985,36.5194331,140.6325462,,,4,,POINT (140.6325462 36.5194331)
1196709990,36.5199572,140.6293603,,,3,,POINT (140.6293603 36.5199572)
1196710010,36.5161956,140.6327972,,,3,,POINT (140.6327972 36.5161956)
1196710029,36.5180634,140.6314799,,,4,,POINT (140.6314799 36.5180634)
1196710032,36.5171476,140.6310367,,,3,,POINT (140.6310367 36.5171476)
1196710034,36.5204035,140.6306474,,,1,,POINT (140.6306474 36.5204035)
1196710056,36.5204781,140.6229791,,,3,,POINT (140.6229791 36.5204781)
1196710080,36.5278223,140.6139033,,,3,,POINT (140.6139033 36.5278223)
1196710125,36.5395222,140.625885,traffic_signals,,4,,POINT (140.625885 36.5395222)
1196710178,36.5187718,140.6306785,,,3,,POINT (140.6306785 36.5187718)
1196710181,36.5174321,140.6304801,,,3,,POINT (140.6304801 36.5174321)
1196710182,36.5195426,140.6334361,,,3,,POINT (140.6334361 36.5195426)
1196710190,36.5260572,140.6143685,,,4,,POINT (140.6143685 36.5260572)
1197450447,36.5203798,140.6206463,,,3,,POINT (140.6206463 36.5203798)
1197450458,36.5282645,140.6200384,,,3,,POINT (140.6200384 36.5282645)
1197450460,36.5201241,140.6178219,,,3,,POINT (140.6178219 36.5201241)
1197450490,36.527646,140.619883,,,3,,POINT (140.619883 36.527646)
1197450511,36.5240092,140.6213443,,,3,,POINT (140.6213443 36.5240092)
1197450515,36.5229178,140.6244395,,,3,,POINT (140.6244395 36.5229178)
1197450521,36.525145,140.6182744,,,3,,POINT (140.6182744 36.525145)
1197450529,36.5283628,140.6193585,,,1,,POINT (140.6193585 36.5283628)
1197450535,36.5227573,140.6204547,,,3,,POINT (140.6204547 36.5227573)
1197450555,36.5677487,140.647439,,,4,,POINT (140.647439 36.5677487)
1197450558,36.5249071,140.6240073,,,3,,POINT (140.6240073 36.5249071)
1197450600,36.5247548,140.6220965,,,4,,POINT (140.6220965 36.5247548)
1197450602,36.523245,140.6208836,,,3,,POINT (140.6208836 36.523245)
1197450614,36.5236394,140.6217434,,,4,,POINT (140.6217434 36.5236394)
1197450626,36.5218246,140.6205931,,,3,,POINT (140.6205931 36.5218246)
1197450631,36.5226332,140.6221656,,,4,,POINT (140.6221656 36.5226332)
1197450634,36.523221,140.618506,,,3,,POINT (140.618506 36.523221)
1197450635,36.5204388,140.6207129,,,3,,POINT (140.6207129 36.5204388)
1197450650,36.5224395,140.6231816,,,3,,POINT (140.6231816 36.5224395)
1197450673,36.5252717,140.6189256,,,3,,POINT (140.6189256 36.5252717)
1197450677,36.520107,140.6200673,,,3,,POINT (140.6200673 36.520107)
1197450682,36.5187957,140.6194285,,,3,,POINT (140.6194285 36.5187957)
1197450698,36.5261305,140.6207438,,,3,,POINT (140.6207438 36.5261305)
1197450712,36.5224234,140.6179621,,,3,,POINT (140.6179621 36.5224234)
1197450722,36.522768,140.6205062,,,3,,POINT (140.6205062 36.522768)
1197450736,36.5185987,140.6179464,,,3,,POINT (140.6179464 36.5185987)
1197450753,36.5218227,140.6201775,,,3,,POINT (140.6201775 36.5218227)
1197450781,36.519361,140.6201412,,,3,,POINT (140.6201412 36.519361)
1197450789,36.5249701,140.623653,,,3,,POINT (140.623653 36.5249701)
1197450812,36.5285628,140.6206041,,,3,,POINT (140.6206041 36.5285628)
1197450817,36.5272468,140.6189817,,,1,,POINT (140.6189817 36.5272468)
1197450845,36.528224,140.6205716,,,3,,POINT (140.6205716 36.528224)
1197450855,36.5234102,140.618784,,,3,,POINT (140.618784 36.5234102)
1197450873,36.5240776,140.6232572,,,3,,POINT (140.6232572 36.5240776)
1197450880,36.5258072,140.6200161,,,3,,POINT (140.6200161 36.5258072)
1197450893,36.5257457,140.6212709,,,3,,POINT (140.6212709 36.5257457)
1197450907,36.5242674,140.6215472,,,3,,POINT (140.6215472 36.5242674)
1197450926,36.5280719,140.6194815,,,3,,POINT (140.6194815 36.5280719)
1197450931,36.5227194,140.6182943,,,3,,POINT (140.6182943 36.5227194)
1197450959,36.5220804,140.6222633,,,4,,POINT (140.6222633 36.5220804)
1197451004,36.5268099,140.6196769,,,3,,POINT (140.6196769 36.5268099)
1197451008,36.5233295,140.6232808,,,3,,POINT (140.6232808 36.5233295)
1197451014,36.5247948,140.6249106,,,4,,POINT (140.6249106 36.5247948)
1197451042,36.523393,140.6243697,,,3,,POINT (140.6243697 36.523393)
1197451053,36.522203,140.6236363,,,3,,POINT (140.6236363 36.522203)
1197451077,36.5201103,140.6187033,,,4,,POINT (140.6187033 36.5201103)
1197451092,36.5225148,140.6216322,,,3,,POINT (140.6216322 36.5225148)
1197451112,36.5225099,140.619506,,,3,,POINT (140.619506 36.5225099)
1197451149,36.5219674,140.619432,,,3,,POINT (140.619432 36.5219674)
1197451183,36.5205836,140.6200208,,,4,,POINT (140.6200208 36.5205836)
1197451197,36.5231694,140.6202845,,,4,,POINT (140.6202845 36.5231694)
1197451208,36.5245333,140.6194022,,,3,,POINT (140.6194022 36.5245333)
1197451232,36.5235184,140.6171483,,,3,,POINT (140.6171483 36.5235184)
1197451275,36.5192173,140.6195367,,,3,,POINT (140.6195367 36.5192173)
1197451284,36.5212247,140.6235814,,,3,,POINT (140.6235814 36.5212247)
1197451303,36.5206074,140.6206563,,,3,,POINT (140.6206563 36.5206074)
1197451358,36.5222141,140.6185134,,,5,,POINT (140.6185134 36.5222141)
1197451418,36.5254269,140.617458,,,3,,POINT (140.617458 36.5254269)
1197451422,36.5280658,140.6200147,,,3,,POINT (140.6200147 36.5280658)
1197451468,36.525255,140.6195457,,,3,,POINT (140.6195457 36.525255)
1197451504,36.5237915,140.6231447,,,4,,POINT (140.6231447 36.5237915)
1197451521,36.521909,140.6241461,,,3,,POINT (140.6241461 36.521909)
1197451544,36.5216836,140.6223166,,,3,,POINT (140.6223166 36.5216836)
1197451549,36.5273411,140.6195941,,,3,,POINT (140.6195941 36.5273411)
1197451594,36.526677,140.6199094,,,3,,POINT (140.6199094 36.526677)
1197451611,36.5285474,140.6193566,,,3,,POINT (140.6193566 36.5285474)
1197451621,36.524908,140.619458,,,3,,POINT (140.619458 36.524908)
1197451627,36.5275286,140.6183412,,,3,,POINT (140.6183412 36.5275286)
1197451637,36.5232344,140.6206856,,,3,,POINT (140.6206856 36.5232344)
1197451647,36.5249907,140.6224407,,,4,,POINT (140.6224407 36.5249907)
1197451651,36.52371,140.6173338,,,3,,POINT (140.6173338 36.52371)
1197451674,36.5240664,140.6241078,,,3,,POINT (140.6241078 36.5240664)
1197451678,36.5252602,140.6203377,,,3,,POINT (140.6203377 36.5252602)
1197451691,36.5203246,140.6165175,traffic_signals,,3,,POINT (140.6165175 36.5203246)
1197451710,36.5246852,140.6235193,,,4,,POINT (140.6235193 36.5246852)
1197451722,36.5214978,140.6230482,,,4,,POINT (140.6230482 36.5214978)
1197451752,36.5219905,140.6217212,,,4,,POINT (140.6217212 36.5219905)
1197451776,36.5235555,140.6247799,,,3,,POINT (140.6247799 36.5235555)
1197451780,36.5249049,140.6175362,,,3,,POINT (140.6175362 36.5249049)
1197451809,36.5202126,140.6173289,,,3,,POINT (140.6173289 36.5202126)
1197451855,36.5268919,140.6203441,,,3,,POINT (140.6203441 36.5268919)
1197451864,36.5176738,140.6173418,,,3,,POINT (140.6173418 36.5176738)
1197451875,36.5226717,140.6201134,,,3,,POINT (140.6201134 36.5226717)
1197451917,36.5218987,140.6199199,,,3,,POINT (140.6199199 36.5218987)
1197451994,36.5258158,140.6203185,,,3,,POINT (140.6203185 36.5258158)
1197452005,36.5202325,140.621552,,,3,,POINT (140.621552 36.5202325)
1197452024,36.5225559,140.6229952,,,3,,POINT (140.6229952 36.5225559)
1197452030,36.522416,140.624126,,,3,,POINT (140.624126 36.522416)
1197452047,36.521678,140.6217466,,,3,,POINT (140.6217466 36.521678)
1197452102,36.5238631,140.6204345,,,4,,POINT (140.6204345 36.5238631)
1197452112,36.5249993,140.619539,,,3,,POINT (140.619539 36.5249993)
1197452119,36.5224254,140.6245386,,,3,,POINT (140.6245386 36.5224254)
1197452135,36.5275337,140.6181674,,,1,,POINT (140.6181674 36.5275337)
1197452139,36.5201331,140.6220015,,,3,,POINT (140.6220015 36.5201331)
1197452153,36.5225638,140.6169535,traffic_signals,,3,,POINT (140.6169535 36.5225638)
1197452181,36.5216678,140.6227278,,,3,,POINT (140.6227278 36.5216678)
1197452193,36.5277657,140.6199674,,,3,,POINT (140.6199674 36.5277657)
1197452197,36.5193415,140.6182742,,,3,,POINT (140.6182742 36.5193415)
1197452203,36.526101,140.6212549,,,1,,POINT (140.6212549 36.526101)
1197452240,36.5259673,140.618041,,,3,,POINT (140.618041 36.5259673)
1197452261,36.5204368,140.6210572,,,3,,POINT (140.6210572 36.5204368)
1197452267,36.5665962,140.6462959,,,3,,POINT (140.6462959 36.5665962)
1197452270,36.5244532,140.6246751,,,3,,POINT (140.6246751 36.5244532)
1197452275,36.5249286,140.6200451,,,3,,POINT (140.6200451 36.5249286)
1197452276,36.5231049,140.6231385,,,4,,POINT (140.6231385 36.5231049)
1197452295,36.5233666,140.6239608,,,3,,POINT (140.6239608 36.5233666)
1197452310,36.5243764,140.6233869,,,4,,POINT (140.6233869 36.5243764)
1197452327,36.5174156,140.6171411,traffic_signals,,4,,POINT (140.6171411 36.5174156)
1197452333,36.5218331,140.6210133,,,3,,POINT (140.6210133 36.5218331)
1197452335,36.5239569,140.620869,,,3,,POINT (140.620869 36.5239569)
1197452348,36.5233653,140.6240918,,,3,,POINT (140.6240918 36.5233653)
1197452359,36.5257619,140.6196517,,,3,,POINT (140.6196517 36.5257619)
1197452379,36.5242718,140.6244062,,,4,,POINT (140.6244062 36.5242718)
1197452415,36.5276047,140.6205314,,,3,,POINT (140.6205314 36.5276047)
1197452462,36.5250986,140.6207831,,,3,,POINT (140.6207831 36.5250986)
1197452466,36.5263822,140.6203275,,,4,,POINT (140.6203275 36.5263822)
1197452491,36.5226422,140.6228013,,,3,,POINT (140.6228013 36.5226422)
1197452525,36.5208888,140.6226281,,,3,,POINT (140.6226281 36.5208888)
1197452545,36.5217713,140.6203045,,,3,,POINT (140.6203045 36.5217713)
1197452598,36.5228974,140.6208988,,,3,,POINT (140.6208988 36.5228974)
1197483056,36.5275979,140.6126223,,,3,,POINT (140.6126223 36.5275979)
1197483062,36.5283867,140.6143798,,,3,,POINT (140.6143798 36.5283867)
1197483099,36.5276058,140.6162813,,,3,,POINT (140.6162813 36.5276058)
1197483125,36.5264505,140.6131931,,,3,,POINT (140.6131931 36.5264505)
1197483157,36.5249634,140.6149334,,,3,,POINT (140.6149334 36.5249634)
1197483166,36.5275728,140.6148371,,,3,,POINT (140.6148371 36.5275728)
1197483177,36.5258823,140.6164885,,,3,,POINT (140.6164885 36.5258823)
1197483194,36.5250895,140.6107816,,,3,,POINT (140.6107816 36.5250895)
1197483215,36.5244916,140.6123708,,,4,,POINT (140.6123708 36.5244916)
1197483235,36.5278856,140.6161786,,,3,,POINT (140.6161786 36.5278856)
1197483243,36.5240659,140.6104901,,,4,,POINT (140.6104901 36.5240659)
1197483251,36.5234847,140.6123084,,,4,,POINT (140.6123084 36.5234847)
1197483262,36.5261401,140.6110685,,,3,,POINT (140.6110685 36.5261401)
1197483294,36.5283795,140.6158813,,,1,,POINT (140.6158813 36.5283795)
1197483301,36.5243379,140.6158889,,,3,,POINT (140.6158889 36.5243379)
1197483327,36.5230889,140.6108386,,,3,,POINT (140.6108386 36.5230889)
1197483381,36.5243715,140.6127486,,,4,,POINT (140.6127486 36.5243715)
1197483456,36.5286602,140.6136291,,,1,,POINT (140.6136291 36.5286602)
1197483471,36.5247539,140.6112336,,,3,,POINT (140.6112336 36.5247539)
1197483534,36.5256998,140.6125928,,,3,,POINT (140.6125928 36.5256998)
1197483548,36.5234383,140.6097534,,,3,,POINT (140.6097534 36.5234383)
1197483557,36.5267277,140.61223,,,4,,POINT (140.61223 36.5267277)
1197483626,36.5248142,140.6104283,,,3,,POINT (140.6104283 36.5248142)
1197483654,36.5268481,140.6118421,,,4,,POINT (140.6118421 36.5268481)
1197483704,36.5255108,140.6161056,,,3,,POINT (140.6161056 36.5255108)
1197483723,36.5267394,140.6113566,,,3,,POINT (140.6113566 36.5267394)
1197483745,36.527433,140.6154713,,,3,,POINT (140.6154713 36.527433)
1197483781,36.5238311,140.6112135,,,4,,POINT (140.6112135 36.5238311)
1197483807,36.5280467,140.6175437,,,3,,POINT (140.6175437 36.5280467)
1197483826,36.5251178,140.6103755,,,3,,POINT (140.6103755 36.5251178)
1197483840,36.5236064,140.6119349,,,4,,POINT (140.6119349 36.5236064)
1197483843,36.5266744,140.6141897,,,3,,POINT (140.6141897 36.5266744)
1197483851,36.5279892,140.6165693,,,3,,POINT (140.6165693 36.5279892)
1197483858,36.526159,140.613169,,,3,,POINT (140.613169 36.526159)
1197483864,36.5243017,140.6097597,,,3,,POINT (140.6097597 36.5243017)
1197483884,36.5260219,140.6165818,,,3,,POINT (140.6165818 36.5260219)
1197483902,36.5251416,140.6100179,,,3,,POINT (140.6100179 36.5251416)
1197483945,36.5232453,140.6130376,,,3,,POINT (140.6130376 36.5232453)
1197483988,36.5247198,140.6116589,,,3,,POINT (140.6116589 36.5247198)
1197483995,36.5246063,140.6120215,,,3,,POINT (140.6120215 36.5246063)
1197484016,36.5241832,140.6101359,,,4,,POINT (140.6101359 36.5241832)
1197484051,36.5267153,140.6102381,,,3,,POINT (140.6102381 36.5267153)
1197484058,36.5259127,140.6094312,,,3,,POINT (140.6094312 36.5259127)
1197484069,36.5252678,140.6118195,,,3,,POINT (140.6118195 36.5252678)
1197484105,36.5239563,140.6108574,,,4,,POINT (140.6108574 36.5239563)
1197484146,36.5281615,140.6166609,,,3,,POINT (140.6166609 36.5281615)
1197484166,36.5234282,140.6171315,,,3,,POINT (140.6171315 36.5234282)
1197484171,36.5229693,140.6112058,,,3,,POINT (140.6112058 36.5229693)
1197484179,36.523206,140.6104781,,,3,,POINT (140.6104781 36.523206)
1197484185,36.5236915,140.6166206,,,3,,POINT (140.6166206 36.5236915)
1197484194,36.5235409,140.6094031,,,3,,POINT (140.6094031 36.5235409)
1197484216,36.525426,140.6173408,traffic_signals,,4,,POINT (140.6173408 36.525426)
1197484222,36.5277178,140.6166524,,,3,,POINT (140.6166524 36.5277178)
1197484234,36.5261199,140.6097689,,,3,,POINT (140.6097689 36.5261199)
1197484260,36.5248479,140.6099911,,,3,,POINT (140.6099911 36.5248479)
1197484275,36.5262315,140.6139818,,,3,,POINT (140.6139818 36.5262315)
1197484298,36.5289315,140.6159544,,,3,,POINT (140.6159544 36.5289315)
1197484320,36.52471,140.6124824,,,3,,POINT (140.6124824 36.52471)
1197484338,36.5260271,140.6114652,,,3,,POINT (140.6114652 36.5260271)
1197484357,36.5260724,140.6099169,,,3,,POINT (140.6099169 36.5260724)
1197484363,36.52712,140.616345,,,3,,POINT (140.616345 36.52712)
1197484369,36.5246319,140.6162734,,,3,,POINT (140.6162734 36.5246319)
1197484401,36.5248364,140.6100634,,,3,,POINT (140.6100634 36.5248364)
1197484442,36.5260475,140.617367,,,3,,POINT (140.617367 36.5260475)
1197484455,36.5242488,140.6131347,,,3,,POINT (140.6131347 36.5242488)
1197484490,36.5276895,140.617485,traffic_signals,,3,,POINT (140.617485 36.5276895)
1197484560,36.5237154,140.6115838,,,4,,POINT (140.6115838 36.5237154)
1197484600,36.5195223,140.6194237,,,1,,POINT (140.6194237 36.5195223)
1197484612,36.5255231,140.6165986,,,4,,POINT (140.6165986 36.5255231)
1197484688,36.5277037,140.6122444,,,3,,POINT (140.6122444 36.5277037)
1197484704,36.5259779,140.6103029,,,3,,POINT (140.6103029 36.5259779)
1197484777,36.5249649,140.6095007,,,3,,POINT (140.6095007 36.5249649)
1197484789,36.5226088,140.6123219,,,3,,POINT (140.6123219 36.5226088)
1197484827,36.5251028,140.6126921,,,3,,POINT (140.6126921 36.5251028)
1197484836,36.5272433,140.6140637,,,3,,POINT (140.6140637 36.5272433)
1197484868,36.5208696,140.6200012,,,3,,POINT (140.6200012 36.5208696)
1197484884,36.5258296,140.6130649,,,4,,POINT (140.6130649 36.5258296)
1197484901,36.5269048,140.6138227,,,3,,POINT (140.6138227 36.5269048)
1197484978,36.5249837,140.6159088,,,1,,POINT (140.6159088 36.5249837)
1197484982,36.5208403,140.6193946,,,3,,POINT (140.6193946 36.5208403)
1197485029,36.5254923,140.6109571,,,3,,POINT (140.6109571 36.5254923)
1197485075,36.5264456,140.6112028,,,3,,POINT (140.6112028 36.5264456)
1197485118,36.5271839,140.6150098,,,3,,POINT (140.6150098 36.5271839)
1197485157,36.5247833,140.6108334,,,3,,POINT (140.6108334 36.5247833)
1197485165,36.5233873,140.6187082,,,3,,POINT (140.6187082 36.5233873)
1197485173,36.5258813,140.610688,,,3,,POINT (140.610688 36.5258813)
1197485209,36.5264337,140.6100164,,,3,,POINT (140.6100164 36.5264337)
1197485225,36.5250723,140.6091128,,,3,,POINT (140.6091128 36.5250723)
1197485240,36.5233585,140.6126868,,,4,,POINT (140.6126868 36.5233585)
1197485268,36.5233231,140.6101136,,,3,,POINT (140.6101136 36.5233231)
1197485337,36.5228534,140.6115746,,,3,,POINT (140.6115746 36.5228534)
1197485348,36.5257214,140.615261,,,3,,POINT (140.615261 36.5257214)
1197485355,36.5208361,140.6191701,,,3,,POINT (140.6191701 36.5208361)
1197485361,36.5270265,140.6174193,,,4,,POINT (140.6174193 36.5270265)
1197485366,36.5254067,140.6135207,,,3,,POINT (140.6135207 36.5254067)
1197485380,36.5243931,140.6185607,,,3,,POINT (140.6185607 36.5243931)
1197485414,36.5269511,140.6114623,,,3,,POINT (140.6114623 36.5269511)
1197485468,36.5287279,140.6146696,,,3,,POINT (140.6146696 36.5287279)
1197850538,36.5675396,140.6478501,traffic_signals,,4,,POINT (140.6478501 36.5675396)
1197850539,36.562672,140.6365445,,,4,yes,POINT (140.6365445 36.562672)
1197850540,36.5685507,140.6302055,,,3,,POINT (140.6302055 36.5685507)
1197850547,36.5682207,140.6405929,traffic_signals,,4,,POINT (140.6405929 36.5682207)
1197850549,36.5572779,140.6336992,,,4,,POINT (140.6336992 36.5572779)
1197850553,36.5630166,140.6275345,,,3,,POINT (140.6275345 36.5630166)
1197850555,36.5610802,140.6369563,,,3,,POINT (140.6369563 36.5610802)
1197850566,36.5620556,140.6358958,traffic_signals,,4,,POINT (140.6358958 36.5620556)
1197850568,36.5585526,140.6354542,,,4,,POINT (140.6354542 36.5585526)
1197850572,36.5570923,140.6274911,,,3,,POINT (140.6274911 36.5570923)
1197850577,36.5561915,140.6278641,,,4,yes,POINT (140.6278641 36.5561915)
1197850583,36.554314,140.6315316,,,3,,POINT (140.6315316 36.554314)
1197850595,36.5613368,140.6360483,,,4,,POINT (140.6360483 36.5613368)
1197850616,36.5578256,140.6375245,traffic_signals,,4,,POINT (140.6375245 36.5578256)
1197850618,36.5544392,140.6298095,,,4,yes,POINT (140.6298095 36.5544392)
1197850637,36.5701692,140.6298467,,,4,,POINT (140.6298467 36.5701692)
1197850642,36.5593829,140.6365806,traffic_signals,,4,,POINT (140.6365806 36.5593829)
1197850648,36.5674118,140.6280785,,,3,,POINT (140.6280785 36.5674118)
1197850678,36.56769,140.6287137,,,3,,POINT (140.6287137 36.56769)
1197850695,36.5548829,140.6320859,,,3,,POINT (140.6320859 36.5548829)
1197850696,36.5654242,140.6275277,,,3,,POINT (140.6275277 36.5654242)
1197850697,36.5598143,140.6371749,traffic_signals,,3,,POINT (140.6371749 36.5598143)
1197850703,36.5530938,140.6423411,traffic_signals,,3,,POINT (140.6423411 36.5530938)
1197850705,36.5681497,140.6277322,,,3,,POINT (140.6277322 36.5681497)
1197850709,36.559854,140.6363618,,,3,,POINT (140.6363618 36.559854)
1197850718,36.5685072,140.6356309,,,4,yes,POINT (140.6356309 36.5685072)
1197850724,36.5518591,140.6262332,,,4,,POINT (140.6262332 36.5518591)
1197850725,36.5680582,140.6382422,traffic_signals,,3,,POINT (140.6382422 36.5680582)
1197850728,36.5674125,140.6278158,traffic_signals,,3,,POINT (140.6278158 36.5674125)
1197879702,36.5666427,140.6366502,,,3,,POINT (140.6366502 36.5666427)
1197879706,36.5562826,140.624531,,,3,,POINT (140.624531 36.5562826)
1197879709,36.5665591,140.6170783,,,3,,POINT (140.6170783 36.5665591)
1197879720,36.5614522,140.6296561,,,4,,POINT (140.6296561 36.5614522)
1197879722,36.5621671,140.6312651,,,4,,POINT (140.6312651 36.5621671)
1197879730,36.5567211,140.6256355,,,3,,POINT (140.6256355 36.5567211)
1197879736,36.5681464,140.6394672,,,3,,POINT (140.6394672 36.5681464)
1197879737,36.5612429,140.6212688,,,3,,POINT (140.6212688 36.5612429)
1197879739,36.5679407,140.621543,,,3,,POINT (140.621543 36.5679407)
1197879754,36.5564233,140.6325294,traffic_signals,,4,,POINT (140.6325294 36.5564233)
1197879756,36.553072,140.624481,,,3,,POINT (140.624481 36.553072)
1197879763,36.5568294,140.6246229,,,4,yes,POINT (140.6246229 36.5568294)
1197879767,36.5561729,140.6255341,,,4,,POINT (140.6255341 36.5561729)
1197879785,36.5596217,140.6335614,,,4,,POINT (140.6335614 36.5596217)
1197879790,36.5553571,140.6256079,,,4,,POINT (140.6256079 36.5553571)
1197879794,36.5645035,140.6294913,,,4,,POINT (140.6294913 36.5645035)
1197879811,36.5650346,140.6353044,,,3,,POINT (140.6353044 36.5650346)
1197879812,36.5557137,140.6333179,,,3,,POINT (140.6333179 36.5557137)
1197879813,36.5663971,140.6349785,,,3,,POINT (140.6349785 36.5663971)
1197879818,36.5611279,140.6265547,,,3,,POINT (140.6265547 36.5611279)
1197879839,36.5600247,140.6331027,traffic_signals,,4,,POINT (140.6331027 36.5600247)
1197879846,36.5645564,140.6310746,,,4,,POINT (140.6310746 36.5645564)
1197879849,36.5626955,140.6241994,,,4,,POINT (140.6241994 36.5626955)
1197879855,36.5488121,140.6314371,,,3,,POINT (140.6314371 36.5488121)
1197879858,36.5657641,140.6259192,,,3,,POINT (140.6259192 36.5657641)
1197879862,36.5527516,140.626162,,,3,,POINT (140.626162 36.5527516)
1197879868,36.5545705,140.624521,,,3,,POINT (140.624521 36.5545705)
1197879878,36.5639236,140.638637,traffic_signals,,3,,POINT (140.638637 36.5639236)
1197879880,36.5582691,140.6350709,,,4,,POINT (140.6350709 36.5582691)
1197879887,36.5627278,140.629614,,,4,,POINT (140.629614 36.5627278)
1197879901,36.570287,140.6351279,,,3,,POINT (140.6351279 36.570287)
1197879905,36.5647334,140.6462046,,,3,,POINT (140.6462046 36.5647334)
1197879907,36.5572384,140.6246859,,,3,,POINT (140.6246859 36.5572384)
1197879909,36.5667611,140.6348659,,,3,,POINT (140.6348659 36.5667611)
1197879911,36.5612025,140.6317821,,,4,,POINT (140.6317821 36.5612025)
1197879913,36.5598706,140.6156736,,,3,,POINT (140.6156736 36.5598706)
1197879914,36.5610857,140.6274514,traffic_signals,,3,,POINT (140.6274514 36.5610857)
1197879917,36.5648426,140.6314523,,,4,,POINT (140.6314523 36.5648426)
1197879919,36.5660293,140.6384565,,,3,,POINT (140.6384565 36.5660293)
1197879922,36.5648465,140.6276099,,,3,,POINT (140.6276099 36.5648465)
1197879923,36.5524381,140.6255942,,,3,,POINT (140.6255942 36.5524381)
1197879930,36.5597204,140.621928,,,4,,POINT (140.621928 36.5597204)
1197879936,36.5606623,140.6257201,,,3,,POINT (140.6257201 36.5606623)
1197879937,36.5683582,140.6177928,,,3,,POINT (140.6177928 36.5683582)
1197879959,36.5530488,140.6239965,traffic_signals,,4,,POINT (140.6239965 36.5530488)
1197879960,36.5678409,140.615102,,,3,,POINT (140.615102 36.5678409)
1197879963,36.559329,140.6124233,,,3,,POINT (140.6124233 36.559329)
1197879987,36.559933,140.6114855,,,3,,POINT (140.6114855 36.559933)
1197880004,36.567444,140.6221463,,,3,,POINT (140.6221463 36.567444)
1197880020,36.5602671,140.6231227,,,4,,POINT (140.6231227 36.5602671)
1197880044,36.5588193,140.6297384,,,3,,POINT (140.6297384 36.5588193)
1197880048,36.5594253,140.6154319,,,3,,POINT (140.6154319 36.5594253)
1197880053,36.5600689,140.6162726,,,3,,POINT (140.6162726 36.5600689)
1197880062,36.5588473,140.6274031,traffic_signals,,4,,POINT (140.6274031 36.5588473)
1197880085,36.5611929,140.6274549,traffic_signals,,3,,POINT (140.6274549 36.5611929)
1197880094,36.5491113,140.6306434,,,6,yes,POINT (140.6306434 36.5491113)
1197880095,36.5630938,140.6231078,,,3,,POINT (140.6231078 36.5630938)
1197880098,36.5637653,140.6411628,traffic_signals,,5,,POINT (140.6411628 36.5637653)
1197880112,36.5620769,140.623601,,,3,,POINT (140.623601 36.5620769)
1197880119,36.5523806,140.6269726,,,4,yes,POINT (140.6269726 36.5523806)
1197880120,36.5705792,140.6352586,,,4,yes,POINT (140.6352586 36.5705792)
1197880125,36.5579113,140.6250949,,,3,,POINT (140.6250949 36.5579113)
1197880134,36.5541319,140.6250212,,,4,yes,POINT (140.6250212 36.5541319)
1197880141,36.5701776,140.6368313,,,3,,POINT (140.6368313 36.5701776)
1197880144,36.5483753,140.6326364,,,3,,POINT (140.6326364 36.5483753)
1197880146,36.5613461,140.6242864,,,4,,POINT (140.6242864 36.5613461)
1197880149,36.5566104,140.6267794,,,4,yes,POINT (140.6267794 36.5566104)
1197880151,36.5464053,140.6367798,,,3,,POINT (140.6367798 36.5464053)
1197880157,36.5553957,140.6267625,,,4,,POINT (140.6267625 36.5553957)
1197880168,36.5540688,140.6259944,,,3,,POINT (140.6259944 36.5540688)
1197880169,36.5688419,140.6411198,,,3,,POINT (140.6411198 36.5688419)
1197880176,36.5640628,140.6310948,,,3,,POINT (140.6310948 36.5640628)
1197880178,36.5644245,140.6275872,traffic_signals,,4,,POINT (140.6275872 36.5644245)
1197880186,36.5586237,140.6300673,,,4,,POINT (140.6300673 36.5586237)
1197880197,36.5595287,140.629728,,,4,,POINT (140.629728 36.5595287)
1197880198,36.563523,140.6275539,,,3,,POINT (140.6275539 36.563523)
1197880200,36.5616941,140.6312904,,,3,,POINT (140.6312904 36.5616941)
1197880201,36.5669627,140.6347937,,,3,,POINT (140.6347937 36.5669627)
1197880214,36.5706161,140.636156,,,3,,POINT (140.636156 36.5706161)
1197880226,36.5689062,140.6346591,traffic_signals,,4,,POINT (140.6346591 36.5689062)
1197880228,36.5562278,140.6250323,,,3,,POINT (140.6250323 36.5562278)
1197880229,36.5635296,140.6267134,,,3,,POINT (140.6267134 36.5635296)
1197880231,36.569412,140.6396923,,,3,,POINT (140.6396923 36.569412)
1197880234,36.5726013,140.623368,,,3,,POINT (140.623368 36.5726013)
1197880243,36.5477472,140.6343987,,,3,,POINT (140.6343987 36.5477472)
1197880245,36.5556355,140.6244141,,,3,,POINT (140.6244141 36.5556355)
1197880246,36.5629754,140.6357103,,,4,,POINT (140.6357103 36.5629754)
1197880247,36.558168,140.6305687,traffic_signals,,4,,POINT (140.6305687 36.558168)
1197880250,36.561603,140.6306792,,,3,,POINT (140.6306792 36.561603)
1197880258,36.5508202,140.6287109,,,6,yes,POINT (140.6287109 36.5508202)
1197880259,36.562588,140.6243181,,,4,,POINT (140.6243181 36.562588)
1197880263,36.5557613,140.6283359,,,4,,POINT (140.6283359 36.5557613)
1197880264,36.5588066,140.6344772,,,4,,POINT (140.6344772 36.5588066)
1197880274,36.5618629,140.6251355,traffic_signals,,4,,POINT (140.6251355 36.5618629)
1197880277,36.5588721,140.6283279,,,3,,POINT (140.6283279 36.5588721)
1197880279,36.5568708,140.6242566,,,3,,POINT (140.6242566 36.5568708)
1197880282,36.5602932,140.611048,,,3,,POINT (140.611048 36.5602932)
1197880291,36.5654865,140.635215,,,3,,POINT (140.635215 36.5654865)
1197880293,36.5666857,140.6359569,,,4,yes,POINT (140.6359569 36.5666857)
1197880296,36.5676706,140.6345168,,,4,,POINT (140.6345168 36.5676706)
1197880302,36.5660273,140.6383001,,,3,,POINT (140.6383001 36.5660273)
1197880306,36.5635428,140.6254097,,,3,,POINT (140.6254097 36.5635428)
1197880315,36.5700754,140.6494502,,,3,,POINT (140.6494502 36.5700754)
1197880317,36.5606032,140.6113045,,,3,,POINT (140.6113045 36.5606032)
1197880323,36.5558417,140.6262615,,,4,,POINT (140.6262615 36.5558417)
1197880326,36.5531419,140.6280189,,,3,,POINT (140.6280189 36.5531419)
1197880330,36.5537166,140.6264168,,,3,,POINT (140.6264168 36.5537166)
1197880338,36.5529003,140.6263911,,,3,,POINT (140.6263911 36.5529003)
1197880340,36.5686085,140.6455582,,,4,,POINT (140.6455582 36.5686085)
1197941891,36.5514656,140.6208793,,,3,,POINT (140.6208793 36.5514656)
1197941893,36.5411347,140.6090383,,,3,,POINT (140.6090383 36.5411347)
1197941898,36.5479243,140.6196948,,,3,,POINT (140.6196948 36.5479243)
1197941900,36.5488177,140.6112571,,,3,,POINT (140.6112571 36.5488177)
1197941902,36.5421626,140.6182207,,,3,,POINT (140.6182207 36.5421626)
1197941924,36.5314745,140.6251418,,,4,,POINT (140.6251418 36.5314745)
1197941945,36.5397393,140.608593,,,4,,POINT (140.608593 36.5397393)
1197941947,36.5457362,140.6096572,traffic_signals,,4,,POINT (140.6096572 36.5457362)
1197941960,36.5477207,140.6408962,,,3,,POINT (140.6408962 36.5477207)
1197941961,36.5353038,140.6365308,traffic_signals,,3,,POINT (140.6365308 36.5353038)
1197941980,36.5389153,140.6132563,,,4,,POINT (140.6132563 36.5389153)
1197941988,36.5478496,140.6409694,,,3,,POINT (140.6409694 36.5478496)
1197941994,36.5540318,140.6206786,,,3,,POINT (140.6206786 36.5540318)
1197941997,36.5348939,140.6153651,,,3,,POINT (140.6153651 36.5348939)
1197942018,36.535031,140.6275088,,,3,,POINT (140.6275088 36.535031)
1197942022,36.5360016,140.6150271,,,4,,POINT (140.6150271 36.5360016)
1197942024,36.5468915,140.623916,,,3,,POINT (140.623916 36.5468915)
1197942034,36.5308247,140.6290915,traffic_signals,,3,,POINT (140.6290915 36.5308247)
1197942038,36.5398844,140.6299538,,,4,,POINT (140.6299538 36.5398844)
1197942046,36.5442071,140.6324837,,,3,,POINT (140.6324837 36.5442071)
1197942065,36.5469299,140.6231961,traffic_signals,,4,,POINT (140.6231961 36.5469299)
1197942069,36.53908,140.6070817,,,3,,POINT (140.6070817 36.53908)
1197942097,36.546773,140.6151087,,,3,,POINT (140.6151087 36.546773)
1197942101,36.5359859,140.6289178,,,3,,POINT (140.6289178 36.5359859)
1197942102,36.5462699,140.6163135,,,3,,POINT (140.6163135 36.5462699)
1197942111,36.5558824,140.6210378,,,3,,POINT (140.6210378 36.5558824)
1197942120,36.5412461,140.6175264,,,4,,POINT (140.6175264 36.5412461)
1197942122,36.5368763,140.6288184,,,4,,POINT (140.6288184 36.5368763)
1197942124,36.5498839,140.6171513,,,3,,POINT (140.6171513 36.5498839)
1197942133,36.5468659,140.6199872,,,3,,POINT (140.6199872 36.5468659)
1197942134,36.539038,140.6112134,,,3,,POINT (140.6112134 36.539038)
1197942137,36.5468318,140.6247421,,,4,,POINT (140.6247421 36.5468318)
1197942140,36.539212,140.6370521,,,4,,POINT (140.6370521 36.539212)
1197942156,36.5386796,140.6094917,,,4,,POINT (140.6094917 36.5386796)
1197942170,36.5466256,140.6402674,,,4,,POINT (140.6402674 36.5466256)
1197942177,36.5397282,140.607452,,,3,,POINT (140.607452 36.5397282)
1197942178,36.5363024,140.6290159,,,3,,POINT (140.6290159 36.5363024)
1197942210,36.5315272,140.6279053,,,3,,POINT (140.6279053 36.5315272)
1197942216,36.5488719,140.6104361,,,3,,POINT (140.6104361 36.5488719)
1197942230,36.5431671,140.6309528,,,3,,POINT (140.6309528 36.5431671)
1197942232,36.5455869,140.6344112,,,4,,POINT (140.6344112 36.5455869)
1197942238,36.5461168,140.6202465,,,3,,POINT (140.6202465 36.5461168)
1197942239,36.5473473,140.6165934,traffic_signals,,4,,POINT (140.6165934 36.5473473)
1197942244,36.5513367,140.6197322,,,3,,POINT (140.6197322 36.5513367)
1197942245,36.543123,140.6206514,,,4,,POINT (140.6206514 36.543123)
1197942246,36.5411992,140.6306204,,,4,,POINT (140.6306204 36.5411992)
1197942261,36.5381738,140.6071048,,,3,,POINT (140.6071048 36.5381738)
1197942274,36.5445734,140.6400113,,,4,yes,POINT (140.6400113 36.5445734)
1197942277,36.5490174,140.6269945,,,4,,POINT (140.6269945 36.5490174)
1197942289,36.5542255,140.6208195,,,3,,POINT (140.6208195 36.5542255)
1197942308,36.5487476,140.6169373,,,4,,POINT (140.6169373 36.5487476)
1197942318,36.5313861,140.6265506,,,4,,POINT (140.6265506 36.5313861)
1197942319,36.541567,140.6384428,traffic_signals,,4,,POINT (140.6384428 36.541567)
1197942324,36.5313961,140.6255553,,,3,,POINT (140.6255553 36.5313961)
1197942334,36.5375411,140.608854,,,4,,POINT (140.608854 36.5375411)
1197942336,36.538383,140.6366618,traffic_signals,,3,,POINT (140.6366618 36.538383)
1197942346,36.5456911,140.6203392,,,4,,POINT (140.6203392 36.5456911)
1197942347,36.5441784,140.6324368,,,4,,POINT (140.6324368 36.5441784)
1197942349,36.5389435,140.6092648,,,4,,POINT (140.6092648 36.5389435)
1197942355,36.5423954,140.6202265,,,3,,POINT (140.6202265 36.5423954)
1197942356,36.5469465,140.6127645,,,3,,POINT (140.6127645 36.5469465)
1197942364,36.5376971,140.6288222,,,3,,POINT (140.6288222 36.5376971)
1197942374,36.5366349,140.6254458,traffic_signals,,3,,POINT (140.6254458 36.5366349)
1197942377,36.5494169,140.6195696,,,3,,POINT (140.6195696 36.5494169)
1197942378,36.548387,140.6119076,traffic_signals,,4,,POINT (140.6119076 36.548387)
1197942381,36.5389059,140.6114739,,,3,,POINT (140.6114739 36.5389059)
1197942387,36.5471652,140.6199091,traffic_signals,,4,,POINT (140.6199091 36.5471652)
1197942392,36.5467274,140.6152062,,,3,,POINT (140.6152062 36.5467274)
1197942403,36.5547154,140.6208877,,,4,,POINT (140.6208877 36.5547154)
1197942408,36.5506084,140.6235955,,,4,,POINT (140.6235955 36.5506084)
1197942413,36.5513847,140.6166823,,,3,,POINT (140.6166823 36.5513847)
1197942416,36.5368652,140.6279404,,,3,,POINT (140.6279404 36.5368652)
1197942424,36.5449033,140.6290976,,,4,,POINT (140.6290976 36.5449033)
1197942425,36.5460732,140.6167157,,,3,,POINT (140.6167157 36.5460732)
1197942428,36.5478078,140.6122566,traffic_signals,,3,,POINT (140.6122566 36.5478078)
1197942436,36.542197,140.633085,,,3,,POINT (140.633085 36.542197)
1197942439,36.5572049,140.6217197,,,4,,POINT (140.6217197 36.5572049)
1197942441,36.5480519,140.6082757,,,3,,POINT (140.6082757 36.5480519)
1197942459,36.5445514,140.6335702,,,4,,POINT (140.6335702 36.5445514)
1197942461,36.5384131,140.6097198,,,4,,POINT (140.6097198 36.5384131)
1197942470,36.540257,140.6081518,,,3,,POINT (140.6081518 36.540257)
1197942488,36.5376374,140.6287304,,,3,,POINT (140.6287304 36.5376374)
1197942490,36.5388305,140.6069808,,,4,,POINT (140.6069808 36.5388305)
1197942497,36.5427788,140.6314592,traffic_signals,,4,,POINT (140.6314592 36.5427788)
1197942507,36.5486099,140.6116388,,,3,,POINT (140.6116388 36.5486099)
1197942512,36.5480349,140.6129811,,,3,,POINT (140.6129811 36.5480349)
1197942516,36.5417091,140.6182013,,,3,,POINT (140.6182013 36.5417091)
1197942532,36.5551781,140.6207903,,,5,,POINT (140.6207903 36.5551781)
1197942544,36.5368042,140.628351,,,3,,POINT (140.628351 36.5368042)
1197942551,36.549465,140.6171442,,,3,,POINT (140.6171442 36.549465)
1197942557,36.5405332,140.6079253,,,4,,POINT (140.6079253 36.5405332)
1197942559,36.547056,140.6356488,,,3,yes,POINT (140.6356488 36.547056)
1197942563,36.5332934,140.6194143,traffic_signals,,3,,POINT (140.6194143 36.5332934)
1197942569,36.5467947,140.6252196,traffic_signals,,4,,POINT (140.6252196 36.5467947)
1197942571,36.5471496,140.6088151,,,3,,POINT (140.6088151 36.5471496)
1197942576,36.5473176,140.6176486,,,4,,POINT (140.6176486 36.5473176)
1197942581,36.5482308,140.6375604,,,3,,POINT (140.6375604 36.5482308)
1197942603,36.5456933,140.6276592,traffic_signals,,4,,POINT (140.6276592 36.5456933)
1197942605,36.5498327,140.6195907,,,3,,POINT (140.6195907 36.5498327)
1197942613,36.5393101,140.6072107,,,3,,POINT (140.6072107 36.5393101)
1197957310,36.5682057,140.6108256,,,3,,POINT (140.6108256 36.5682057)
1197957317,36.5685766,140.6088006,,,3,,POINT (140.6088006 36.5685766)
1197957319,36.5666689,140.6103922,,,3,,POINT (140.6103922 36.5666689)
1197957347,36.5678861,140.6086945,,,3,,POINT (140.6086945 36.5678861)
1197957350,36.5685761,140.6091974,,,3,,POINT (140.6091974 36.5685761)
1197957380,36.5672005,140.6095905,,,3,,POINT (140.6095905 36.5672005)
1197957382,36.568817,140.6099914,,,3,,POINT (140.6099914 36.568817)
1197957404,36.5664667,140.6108256,,,3,,POINT (140.6108256 36.5664667)
1197957436,36.5678195,140.6087951,,,3,,POINT (140.6087951 36.5678195)
1197957438,36.5668727,140.6099837,,,3,,POINT (140.6099837 36.5668727)
1197957459,36.5688177,140.6096037,,,3,,POINT (140.6096037 36.5688177)
1197957474,36.567541,140.6091913,,,3,,POINT (140.6091913 36.567541)
1197959541,36.5686272,140.6430409,,,3,,POINT (140.6430409 36.5686272)
1197959551,36.5708071,140.6405982,,,3,,POINT (140.6405982 36.5708071)
1197959553,36.571353,140.6322785,,,3,,POINT (140.6322785 36.571353)
1197959568,36.5700918,140.6453935,,,1,,POINT (140.6453935 36.5700918)
1197959574,36.5685932,140.6426808,,,3,,POINT (140.6426808 36.5685932)
1197959597,36.5707752,140.6456581,,,3,,POINT (140.6456581 36.5707752)
1197959616,36.5690922,140.6433761,,,3,,POINT (140.6433761 36.5690922)
1197959618,36.5710372,140.6460031,,,1,,POINT (140.6460031 36.5710372)
1197959636,36.5714066,140.6400669,,,3,,POINT (140.6400669 36.5714066)
1197959659,36.5711148,140.6413662,,,3,,POINT (140.6413662 36.5711148)
1197959689,36.5690647,140.6429847,,,3,,POINT (140.6429847 36.5690647)
1197959711,36.5705109,140.6423822,,,5,,POINT (140.6423822 36.5705109)
1197959756,36.5693521,140.6425793,,,3,,POINT (140.6425793 36.5693521)
1197959768,36.5709428,140.6320184,,,3,,POINT (140.6320184 36.5709428)
1197959779,36.5699507,140.6314775,traffic_signals,,4,,POINT (140.6314775 36.5699507)
1197959788,36.5686637,140.6434273,,,3,,POINT (140.6434273 36.5686637)
1197959791,36.5716486,140.6389125,,,3,,POINT (140.6389125 36.5716486)
1197959803,36.570962,140.6435281,,,3,,POINT (140.6435281 36.570962)
1197959804,36.5706125,140.6279417,,,3,,POINT (140.6279417 36.5706125)
1197959829,36.5716407,140.6409308,,,3,,POINT (140.6409308 36.5716407)
1197959851,36.5714157,140.644258,,,3,,POINT (140.644258 36.5714157)
1197959861,36.569746,140.6419337,,,3,,POINT (140.6419337 36.569746)
1197959866,36.5713101,140.6257983,,,3,,POINT (140.6257983 36.5713101)
1197959918,36.568398,140.6427325,,,3,,POINT (140.6427325 36.568398)
1197959945,36.5711088,140.641408,,,3,,POINT (140.641408 36.5711088)
1197959947,36.5722681,140.6391744,,,3,,POINT (140.6391744 36.5722681)
1197965038,36.5649714,140.612237,,,4,,POINT (140.612237 36.5649714)
1197965039,36.5685261,140.6118984,,,3,,POINT (140.6118984 36.5685261)
1197965046,36.5652882,140.6132146,,,3,,POINT (140.6132146 36.5652882)
1197965067,36.5655988,140.6122291,,,3,,POINT (140.6122291 36.5655988)
1197965074,36.5658422,140.6152181,,,3,,POINT (140.6152181 36.5658422)
1197965078,36.5652889,140.6122355,,,3,,POINT (140.6122355 36.5652889)
1197965086,36.5649767,140.6132084,,,3,,POINT (140.6132084 36.5649767)
1197965088,36.5655999,140.6132093,,,3,,POINT (140.6132093 36.5655999)
1197965092,36.5680032,140.6121754,,,4,,POINT (140.6121754 36.5680032)
1197965102,36.5659279,140.6122224,,,4,,POINT (140.6122224 36.5659279)
1197966327,36.5672805,140.6122138,,,3,,POINT (140.6122138 36.5672805)
1197966328,36.5642059,140.6128274,,,4,,POINT (140.6128274 36.5642059)
1197966334,36.5668883,140.6159141,,,3,,POINT (140.6159141 36.5668883)
1197966336,36.5662865,140.6122128,,,3,,POINT (140.6122128 36.5662865)
1197966338,36.5643348,140.6122369,,,3,,POINT (140.6122369 36.5643348)
1197966340,36.564607,140.6123449,,,3,,POINT (140.6123449 36.564607)
1197966342,36.5664801,140.6136007,,,3,,POINT (140.6136007 36.5664801)
1197966345,36.5646066,140.6129873,,,3,,POINT (140.6129873 36.5646066)
1197966346,36.5671708,140.6156576,,,3,,POINT (140.6156576 36.5671708)
1197966350,36.5662783,140.6126803,,,3,,POINT (140.6126803 36.5662783)
1197966351,36.5661318,140.6146451,,,3,,POINT (140.6146451 36.5661318)
1197966353,36.5664843,140.6146662,,,3,,POINT (140.6146662 36.5664843)
1197966356,36.5668532,140.6146637,,,3,,POINT (140.6146637 36.5668532)
1197966357,36.5676716,140.613642,,,3,,POINT (140.613642 36.5676716)
1197966359,36.5668843,140.6136198,,,3,,POINT (140.6136198 36.5668843)
1197966361,36.565757,140.6146309,,,3,,POINT (140.6146309 36.565757)
1197966363,36.5676103,140.6122221,,,3,,POINT (140.6122221 36.5676103)
1197966364,36.5674683,140.6152995,,,3,,POINT (140.6152995 36.5674683)
1197966366,36.566949,140.6122095,,,3,,POINT (140.6122095 36.566949)
1197966368,36.567796,140.6133727,,,3,,POINT (140.6133727 36.567796)
1197966370,36.5672135,140.6146787,,,3,,POINT (140.6146787 36.5672135)
1197966372,36.5666588,140.6155338,,,3,,POINT (140.6155338 36.5666588)
1197966373,36.565962,140.615816,,,3,,POINT (140.615816 36.565962)
1197966374,36.5672777,140.6136315,,,3,,POINT (140.6136315 36.5672777)
1197966376,36.5666081,140.6122059,,,3,,POINT (140.6122059 36.5666081)
1197966380,36.5662746,140.6157755,,,3,,POINT (140.6157755 36.5662746)
1197970698,36.5650731,140.6138324,,,3,,POINT (140.6138324 36.5650731)
1197970702,36.564874,140.6176128,,,3,,POINT (140.6176128 36.564874)
1197970703,36.565713,140.6162194,,,3,,POINT (140.6162194 36.565713)
1197970704,36.5653952,140.6162509,,,4,,POINT (140.6162509 36.5653952)
1197970712,36.5652193,140.6153956,,,3,,POINT (140.6153956 36.5652193)
1197970716,36.5655493,140.6182917,,,3,,POINT (140.6182917 36.5655493)
1197970717,36.5655224,140.615322,,,4,,POINT (140.615322 36.5655224)
1197970729,36.5655823,140.6187283,,,3,,POINT (140.6187283 36.5655823)
1197970735,36.5654684,140.6171875,,,4,,POINT (140.6171875 36.5654684)
1197970737,36.5645764,140.6178732,,,3,,POINT (140.6178732 36.5645764)
1197970739,36.5653175,140.6146203,,,3,,POINT (140.6146203 36.5653175)
1197970740,36.5647092,140.6139116,,,1,,POINT (140.6139116 36.5647092)
1197970742,36.5662829,140.618211,,,3,,POINT (140.618211 36.5662829)
1197970743,36.5649502,140.614199,,,1,,POINT (140.614199 36.5649502)
1197970753,36.5644407,140.6133745,,,3,,POINT (140.6133745 36.5644407)
1197970754,36.5651086,140.6172261,,,4,,POINT (140.6172261 36.5651086)
1197970757,36.5648284,140.6136573,,,3,,POINT (140.6136573 36.5648284)
1197970764,36.5652143,140.6187112,,,3,,POINT (140.6187112 36.5652143)
1197970765,36.5658619,140.6182559,,,3,,POINT (140.6182559 36.5658619)
1197970766,36.5662481,140.618659,,,3,,POINT (140.618659 36.5662481)
1197970769,36.565783,140.6171484,,,3,,POINT (140.6171484 36.565783)
1197970771,36.5651767,140.6182267,,,3,,POINT (140.6182267 36.5651767)
1197970783,36.5649639,140.614748,,,3,,POINT (140.614748 36.5649639)
1197975673,36.5694742,140.6195794,,,3,,POINT (140.6195794 36.5694742)
1197975677,36.5683598,140.6199937,,,4,,POINT (140.6199937 36.5683598)
1197975679,36.568357,140.619155,,,3,,POINT (140.619155 36.568357)
1197975681,36.5683563,140.6173879,,,3,,POINT (140.6173879 36.5683563)
1197975682,36.571101,140.6172706,,,3,,POINT (140.6172706 36.571101)
1197975684,36.56836,140.6195747,,,3,,POINT (140.6195747 36.56836)
1197975685,36.567705,140.6169644,,,3,,POINT (140.6169644 36.567705)
1197975687,36.5697006,140.6215596,,,3,,POINT (140.6215596 36.5697006)
1197975688,36.567171,140.6169624,,,1,,POINT (140.6169624 36.567171)
1197975694,36.5676863,140.6186562,,,3,,POINT (140.6186562 36.5676863)
1197975697,36.5683587,140.620651,,,3,,POINT (140.620651 36.5683587)
1197975698,36.5677081,140.6173975,,,3,,POINT (140.6173975 36.5677081)
1197975699,36.5690675,140.6200145,,,4,,POINT (140.6200145 36.5690675)
1197975703,36.5691109,140.618421,,,1,,POINT (140.618421 36.5691109)
1197975705,36.5683623,140.6202286,,,3,,POINT (140.6202286 36.5683623)
1197975710,36.5690697,140.6195764,,,4,,POINT (140.6195764 36.5690697)
1197975711,36.5683592,140.6187239,,,3,,POINT (140.6187239 36.5683592)
1197975713,36.5683571,140.6190777,,,3,,POINT (140.6190777 36.5683571)
1197975717,36.5690642,140.6202608,,,3,,POINT (140.6202608 36.5690642)
1197975718,36.57046,140.6220582,,,3,,POINT (140.6220582 36.57046)
1197975719,36.5676825,140.6182268,,,3,,POINT (140.6182268 36.5676825)
1197975722,36.5681597,140.62,,,3,,POINT (140.62 36.5681597)
1197975723,36.5694503,140.6206521,,,3,,POINT (140.6206521 36.5694503)
1197975724,36.5698588,140.6215301,,,1,,POINT (140.6215301 36.5698588)
1197975725,36.5683646,140.6182285,,,4,,POINT (140.6182285 36.5683646)
1197975726,36.5683591,140.6208074,,,3,,POINT (140.6208074 36.5683591)
1197975727,36.5690751,140.619151,,,3,,POINT (140.619151 36.5690751)
1197975730,36.5683605,140.6186527,,,3,,POINT (140.6186527 36.5683605)
1197975738,36.5694501,140.6207028,,,3,,POINT (140.6207028 36.5694501)
1197975739,36.5690729,140.6187354,,,3,,POINT (140.6187354 36.5690729)
1197975741,36.5676858,140.6177918,,,3,,POINT (140.6177918 36.5676858)
1197975747,36.5698968,140.6200194,,,3,,POINT (140.6200194 36.5698968)
1198082627,36.5351753,140.6096013,,,3,,POINT (140.6096013 36.5351753)
1198082638,36.5326539,140.6102025,,,3,,POINT (140.6102025 36.5326539)
1198082653,36.5395241,140.6134692,,,3,,POINT (140.6134692 36.5395241)
1198082671,36.5366322,140.6144167,,,4,,POINT (140.6144167 36.5366322)
1198082672,36.5389033,140.6065552,,,4,,POINT (140.6065552 36.5389033)
1198082680,36.5354839,140.6091517,,,3,,POINT (140.6091517 36.5354839)
1198082701,36.5296579,140.6085402,,,1,,POINT (140.6085402 36.5296579)
1198082702,36.536245,140.6105449,,,3,,POINT (140.6105449 36.536245)
1198082714,36.5390809,140.6066095,,,3,,POINT (140.6066095 36.5390809)
1198082728,36.5382497,140.6120892,,,3,,POINT (140.6120892 36.5382497)
1198082731,36.5429276,140.6083691,,,3,,POINT (140.6083691 36.5429276)
1198082734,36.5417723,140.6089151,,,4,,POINT (140.6089151 36.5417723)
1198082738,36.5307555,140.6085533,,,4,,POINT (140.6085533 36.5307555)
1198082741,36.5376768,140.6098639,,,3,,POINT (140.6098639 36.5376768)
1198082744,36.5384422,140.6076626,,,3,,POINT (140.6076626 36.5384422)
1198082745,36.5376566,140.6121415,,,3,,POINT (140.6121415 36.5376566)
1198082753,36.535923,140.6105882,,,3,,POINT (140.6105882 36.535923)
1198082754,36.5367058,140.6122579,,,3,,POINT (140.6122579 36.5367058)
1198082755,36.5390933,140.607415,,,3,,POINT (140.607415 36.5390933)
1198082760,36.5380299,140.6123929,,,4,,POINT (140.6123929 36.5380299)
1198082761,36.5325565,140.6091514,,,4,,POINT (140.6091514 36.5325565)
1198082763,36.5311653,140.6111294,,,4,,POINT (140.6111294 36.5311653)
1198082768,36.5288836,140.6096632,,,3,,POINT (140.6096632 36.5288836)
1198082771,36.5303575,140.6161755,,,3,,POINT (140.6161755 36.5303575)
1198082774,36.5409292,140.6079008,,,4,,POINT (140.6079008 36.5409292)
1198082777,36.5302229,140.6127588,,,3,,POINT (140.6127588 36.5302229)
1198082779,36.5390999,140.6102697,,,3,,POINT (140.6102697 36.5390999)
1198082781,36.5292025,140.6098339,,,3,,POINT (140.6098339 36.5292025)
1198082786,36.5298259,140.6104428,,,3,,POINT (140.6104428 36.5298259)
1198082787,36.5382836,140.610949,,,3,,POINT (140.610949 36.5382836)
1198082790,36.5325314,140.6087737,,,4,,POINT (140.6087737 36.5325314)
1198082791,36.5405741,140.609416,,,3,,POINT (140.609416 36.5405741)
1198082792,36.5294914,140.6102306,,,3,,POINT (140.6102306 36.5294914)
1198082793,36.5373503,140.6128799,,,3,,POINT (140.6128799 36.5373503)
1198082794,36.5379299,140.6063559,,,4,,POINT (140.6063559 36.5379299)
1198082803,36.5395412,140.612068,,,3,,POINT (140.612068 36.5395412)
1198082804,36.5311726,140.6168563,,,3,,POINT (140.6168563 36.5311726)
1198082808,36.5366902,140.6148259,,,4,,POINT (140.6148259 36.5366902)
1198082809,36.5371894,140.6110614,,,3,,POINT (140.6110614 36.5371894)
1198082810,36.5313396,140.6130618,,,3,,POINT (140.6130618 36.5313396)
1198082816,36.5295915,140.6087341,,,3,,POINT (140.6087341 36.5295915)
1198082818,36.5392646,140.610541,,,3,,POINT (140.610541 36.5392646)
1198082823,36.5393014,140.6078124,,,3,,POINT (140.6078124 36.5393014)
1198082828,36.5389425,140.6061811,,,3,,POINT (140.6061811 36.5389425)
1198082830,36.5388304,140.6076546,,,3,,POINT (140.6076546 36.5388304)
1198082833,36.5397395,140.6065641,,,3,,POINT (140.6065641 36.5397395)
1198082835,36.5388882,140.6120784,,,4,,POINT (140.6120784 36.5388882)
1198082836,36.5308241,140.610959,,,4,,POINT (140.610959 36.5308241)
1198082837,36.5317549,140.6098383,,,3,,POINT (140.6098383 36.5317549)
1198082838,36.5398184,140.6115326,,,3,,POINT (140.6115326 36.5398184)
1198082839,36.5300632,140.6143629,,,3,,POINT (140.6143629 36.5300632)
1198082842,36.540844,140.6091887,,,3,,POINT (140.6091887 36.540844)
1198082843,36.5377667,140.6113987,,,4,,POINT (140.6113987 36.5377667)
1198082845,36.5285402,140.6099998,,,1,,POINT (140.6099998 36.5285402)
1198082848,36.5312587,140.6109084,,,3,,POINT (140.6109084 36.5312587)
1198082880,36.5312433,140.6163064,,,3,,POINT (140.6163064 36.5312433)
1198082883,36.5380509,140.6067172,,,4,,POINT (140.6067172 36.5380509)
1198082886,36.5410252,140.609536,,,3,,POINT (140.609536 36.5410252)
1198082889,36.5414587,140.6076043,,,3,,POINT (140.6076043 36.5414587)
1198082898,36.5352088,140.6099755,,,4,,POINT (140.6099755 36.5352088)
1198082899,36.5296777,140.6103629,,,3,,POINT (140.6103629 36.5296777)
1198082902,36.5304985,140.6107948,,,4,,POINT (140.6107948 36.5304985)
1198082904,36.5403432,140.6110978,,,4,,POINT (140.6110978 36.5403432)
1198082910,36.5351152,140.6116219,,,3,,POINT (140.6116219 36.5351152)
1198082911,36.5302454,140.6182412,,,3,,POINT (140.6182412 36.5302454)
1198082917,36.5395827,140.6075911,,,3,,POINT (140.6075911 36.5395827)
1198082919,36.5395311,140.6103086,,,3,,POINT (140.6103086 36.5395311)
1198082920,36.5355439,140.6099363,,,4,,POINT (140.6099363 36.5355439)
1198082924,36.5392151,140.6131068,,,3,,POINT (140.6131068 36.5392151)
1198082926,36.5394676,140.6068264,,,3,,POINT (140.6068264 36.5394676)
1198082928,36.5369536,140.6116823,,,3,,POINT (140.6116823 36.5369536)
1198082929,36.5385659,140.6078884,,,4,,POINT (140.6078884 36.5385659)
1198082935,36.535108,140.6088348,,,3,,POINT (140.6088348 36.535108)
1198082941,36.5367817,140.6114243,,,3,,POINT (140.6114243 36.5367817)
1198082946,36.5353637,140.6119754,,,4,,POINT (140.6119754 36.5353637)
1198082955,36.5397895,140.610091,,,4,,POINT (140.610091 36.5397895)
1198082961,36.5324688,140.6080236,,,3,,POINT (140.6080236 36.5324688)
1198082962,36.5385744,140.6107302,,,4,,POINT (140.6107302 36.5385744)
1198082966,36.5428973,140.6087718,,,3,,POINT (140.6087718 36.5428973)
1198082974,36.528641,140.609888,,,3,,POINT (140.609888 36.528641)
1198082986,36.5416259,140.6084582,,,3,,POINT (140.6084582 36.5416259)
1198082989,36.5394702,140.6088186,,,4,,POINT (140.6088186 36.5394702)
1198082993,36.5324997,140.6084039,,,4,,POINT (140.6084039 36.5324997)
1198083001,36.5378625,140.6101912,,,3,,POINT (140.6101912 36.5378625)
1198083004,36.5392264,140.612073,,,4,,POINT (140.612073 36.5392264)
1198083013,36.5411309,140.6104334,,,4,,POINT (140.6104334 36.5411309)
1198083029,36.5353425,140.6115964,,,4,,POINT (140.6115964 36.5353425)
1198083059,36.5400571,140.609854,,,3,,POINT (140.609854 36.5400571)
1198083075,36.5372715,140.6091124,,,4,,POINT (140.6091124 36.5372715)
1198083079,36.5401537,140.6107723,,,4,,POINT (140.6107723 36.5401537)
1198083084,36.5352883,140.6109433,,,4,,POINT (140.6109433 36.5352883)
1198083099,36.537784,140.6130031,,,3,,POINT (140.6130031 36.537784)
1198083135,36.5394409,140.61086,,,4,,POINT (140.61086 36.5394409)
1198083157,36.5355113,140.6095605,,,3,,POINT (140.6095605 36.5355113)
1198083162,36.5378011,140.6086184,,,4,,POINT (140.6086184 36.5378011)
1198083172,36.5361394,140.6096197,,,3,,POINT (140.6096197 36.5361394)
1198083177,36.537597,140.610418,,,3,,POINT (140.610418 36.537597)
1198083191,36.5383127,140.6081284,,,3,,POINT (140.6081284 36.5383127)
1198083205,36.5400456,140.6071714,,,4,,POINT (140.6071714 36.5400456)
1198083220,36.531094,140.6113739,,,3,,POINT (140.6113739 36.531094)
1198083226,36.5375013,140.6116172,,,3,,POINT (140.6116172 36.5375013)
1198083232,36.5388391,140.6104907,,,3,,POINT (140.6104907 36.5388391)
1198083233,36.53507,140.6084493,,,3,,POINT (140.6084493 36.53507)
1198083236,36.5337685,140.6116538,,,3,,POINT (140.6116538 36.5337685)
1198083255,36.5293771,140.6147423,,,3,,POINT (140.6147423 36.5293771)
1198083290,36.5405907,140.6075009,,,3,,POINT (140.6075009 36.5405907)
1198083295,36.5367995,140.6120339,,,3,,POINT (140.6120339 36.5367995)
1198083300,36.5392092,140.6090378,,,4,,POINT (140.6090378 36.5392092)
1198083310,36.5377983,140.6107686,,,3,,POINT (140.6107686 36.5377983)
1198083312,36.5403114,140.6096407,,,3,,POINT (140.6096407 36.5403114)
1198083324,36.5355428,140.611567,,,3,,POINT (140.611567 36.5355428)
1198083337,36.5409547,140.6101042,,,4,,POINT (140.6101042 36.5409547)
1198083349,36.5346098,140.6081194,,,3,,POINT (140.6081194 36.5346098)
1198083382,36.5307461,140.6123919,,,3,,POINT (140.6123919 36.5307461)
1198083385,36.5399234,140.6063705,,,1,,POINT (140.6063705 36.5399234)
1198083391,36.539972,140.6104327,,,4,,POINT (140.6104327 36.539972)
1198083398,36.5351397,140.6092169,,,3,,POINT (140.6092169 36.5351397)
1198083401,36.5413943,140.6079989,,,4,,POINT (140.6079989 36.5413943)
1198083404,36.5346846,140.6096602,,,3,,POINT (140.6096602 36.5346846)
1198083444,36.5380595,140.6083678,,,3,,POINT (140.6083678 36.5380595)
1198083483,36.530372,140.6143678,,,3,,POINT (140.6143678 36.530372)
1198083533,36.5380264,140.6111827,,,4,,POINT (140.6111827 36.5380264)
1198083544,36.5414558,140.6089714,,,4,,POINT (140.6089714 36.5414558)
1198083553,36.5365671,140.6140151,,,4,,POINT (140.6140151 36.5365671)
1198083587,36.537952,140.6078395,,,3,,POINT (140.6078395 36.537952)
1198083598,36.5362827,140.6140918,,,3,,POINT (140.6140918 36.5362827)
1198083656,36.5407748,140.6097646,,,3,,POINT (140.6097646 36.5407748)
1198083657,36.5364771,140.6089238,,,3,,POINT (140.6089238 36.5364771)
1198083674,36.5325919,140.6095481,,,4,,POINT (140.6095481 36.5325919)
1198083681,36.529359,140.6106821,,,3,,POINT (140.6106821 36.529359)
1198083708,36.5372054,140.6102667,,,3,,POINT (140.6102667 36.5372054)
1198083754,36.5358525,140.6098253,,,3,,POINT (140.6098253 36.5358525)
1198083755,36.530459,140.6132718,,,3,,POINT (140.6132718 36.530459)
1198083767,36.5350395,140.6080771,,,3,,POINT (140.6080771 36.5350395)
1198083773,36.5297278,140.6145966,,,3,,POINT (140.6145966 36.5297278)
1198083783,36.5366268,140.6092936,,,3,,POINT (140.6092936 36.5366268)
1198083802,36.538547,140.6120773,,,4,,POINT (140.6120773 36.538547)
1198083841,36.5344992,140.6120972,,,3,,POINT (140.6120972 36.5344992)
1198083843,36.5396438,140.6112135,,,4,,POINT (140.6112135 36.5396438)
1198083866,36.5399991,140.6083681,,,4,,POINT (140.6083681 36.5399991)
1198083867,36.5365533,140.6105103,,,3,,POINT (140.6105103 36.5365533)
1198094414,36.5382574,140.6189911,,,3,,POINT (140.6189911 36.5382574)
1198094416,36.536116,140.6156347,,,4,,POINT (140.6156347 36.536116)
1198094423,36.5348199,140.6199944,,,3,,POINT (140.6199944 36.5348199)
1198094438,36.5363283,140.6196089,,,3,,POINT (140.6196089 36.5363283)
1198094448,36.5346222,140.6174909,,,3,,POINT (140.6174909 36.5346222)
1198094451,36.5350165,140.6142635,,,3,,POINT (140.6142635 36.5350165)
1198094454,36.5357946,140.6203728,traffic_signals,,3,,POINT (140.6203728 36.5357946)
1198094463,36.539217,140.6151191,,,3,,POINT (140.6151191 36.539217)
1198094469,36.5328744,140.6126966,,,3,,POINT (140.6126966 36.5328744)
1198094474,36.5345594,140.6154669,,,3,,POINT (140.6154669 36.5345594)
1198094479,36.5341604,140.6124239,,,3,,POINT (140.6124239 36.5341604)
1198094486,36.5350711,140.6194798,,,3,,POINT (140.6194798 36.5350711)
1198094504,36.5339171,140.6127507,,,4,,POINT (140.6127507 36.5339171)
1198094530,36.5376618,140.6174522,,,3,,POINT (140.6174522 36.5376618)
1198094536,36.5359613,140.6159272,,,3,,POINT (140.6159272 36.5359613)
1198094552,36.5371857,140.6152728,,,3,,POINT (140.6152728 36.5371857)
1198094566,36.5359251,140.6146187,,,4,,POINT (140.6146187 36.5359251)
1198094580,36.5340454,140.6134068,,,4,,POINT (140.6134068 36.5340454)
1198094592,36.5327236,140.6133194,,,1,,POINT (140.6133194 36.5327236)
1198094595,36.5358592,140.6142151,,,4,,POINT (140.6142151 36.5358592)
1198094603,36.5368427,140.6196094,,,3,,POINT (140.6196094 36.5368427)
1198094633,36.5361762,140.6167351,,,3,,POINT (140.6167351 36.5361762)
1198094640,36.5373018,140.6142464,,,3,,POINT (140.6142464 36.5373018)
1198094641,36.5375996,140.6210651,,,3,,POINT (140.6210651 36.5375996)
1198094648,36.5334373,140.6138498,,,1,,POINT (140.6138498 36.5334373)
1198094653,36.5336592,140.6130546,,,3,,POINT (140.6130546 36.5336592)
1198094654,36.5364773,140.6160894,,,3,,POINT (140.6160894 36.5364773)
1198094668,36.5382854,140.6161977,,,4,,POINT (140.6161977 36.5382854)
1198094669,36.5345366,140.6127573,,,3,,POINT (140.6127573 36.5345366)
1198094670,36.5384921,140.6174508,,,3,,POINT (140.6174508 36.5384921)
1198094692,36.5354366,140.6147546,,,3,,POINT (140.6147546 36.5354366)
1198094715,36.5344227,140.6163164,,,3,,POINT (140.6163164 36.5344227)
1198094725,36.5336707,140.6147574,,,3,,POINT (140.6147574 36.5336707)
1198094729,36.5383896,140.6149416,,,4,,POINT (140.6149416 36.5383896)
1198094750,36.5377745,140.620022,,,4,,POINT (140.620022 36.5377745)
1198094761,36.5352608,140.6187358,,,3,,POINT (140.6187358 36.5352608)
1198094767,36.5339557,140.6160624,,,3,,POINT (140.6160624 36.5339557)
1198094772,36.5353971,140.6132878,,,3,,POINT (140.6132878 36.5353971)
1198094776,36.5348396,140.6139048,,,3,,POINT (140.6139048 36.5348396)
1198094780,36.5366457,140.6151383,,,3,,POINT (140.6151383 36.5366457)
1198094783,36.5377773,140.6184164,,,3,,POINT (140.6184164 36.5377773)
1198094788,36.5361171,140.616877,,,3,,POINT (140.616877 36.5361171)
1198094828,36.5378923,140.6148792,,,1,,POINT (140.6148792 36.5378923)
1198094850,36.5371959,140.6163684,,,3,,POINT (140.6163684 36.5371959)
1198094882,36.5388322,140.6171154,,,3,,POINT (140.6171154 36.5388322)
1198094886,36.5359691,140.6180605,,,3,,POINT (140.6180605 36.5359691)
1198094986,36.5367464,140.6158264,,,1,,POINT (140.6158264 36.5367464)
1198094987,36.5355285,140.6151597,,,3,,POINT (140.6151597 36.5355285)
1198094988,36.5376125,140.6163286,,,3,,POINT (140.6163286 36.5376125)
1198095000,36.5386202,140.6143297,,,1,,POINT (140.6143297 36.5386202)
1198095012,36.5369625,140.6155335,,,3,,POINT (140.6155335 36.5369625)
1198095068,36.5341118,140.6169316,,,3,,POINT (140.6169316 36.5341118)
1198095074,36.5338825,140.6165034,,,3,,POINT (140.6165034 36.5338825)
1198095091,36.5359628,140.617145,,,3,,POINT (140.617145 36.5359628)
1198095094,36.5351088,140.613609,,,3,,POINT (140.613609 36.5351088)
1198095095,36.5339077,140.6137989,,,3,,POINT (140.6137989 36.5339077)
1198095107,36.5328728,140.6122526,,,3,,POINT (140.6122526 36.5328728)
1198095108,36.5344725,140.6150228,,,3,,POINT (140.6150228 36.5344725)
1198095110,36.5327584,140.6138838,,,3,,POINT (140.6138838 36.5327584)
1198095114,36.5364251,140.6166545,,,3,,POINT (140.6166545 36.5364251)
1198095122,36.5344589,140.618976,,,3,,POINT (140.618976 36.5344589)
1198095132,36.5357407,140.6136265,,,3,,POINT (140.6136265 36.5357407)
1198095133,36.5371997,140.6170446,,,3,,POINT (140.6170446 36.5371997)
1198095135,36.535383,140.6145587,,,3,,POINT (140.6145587 36.535383)
1198095139,36.5333827,140.615719,,,3,,POINT (140.615719 36.5333827)
1198095143,36.5363964,140.6195,,,3,,POINT (140.6195 36.5363964)
1198095147,36.5342939,140.6130813,,,4,,POINT (140.6130813 36.5342939)
1198095148,36.5374001,140.6149871,,,3,,POINT (140.6149871 36.5374001)
1198095151,36.5361373,140.6188871,,,4,,POINT (140.6188871 36.5361373)
1198095159,36.5380283,140.6167328,,,3,,POINT (140.6167328 36.5380283)
1198150446,36.5298968,140.619966,,,4,,POINT (140.619966 36.5298968)
1198150459,36.537248,140.6278552,,,3,,POINT (140.6278552 36.537248)
1198150469,36.5396598,140.6246966,,,3,,POINT (140.6246966 36.5396598)
1198150473,36.5407011,140.6170462,,,4,,POINT (140.6170462 36.5407011)
1198150478,36.5299657,140.6208657,,,3,,POINT (140.6208657 36.5299657)
1198150496,36.5385895,140.6280248,,,3,,POINT (140.6280248 36.5385895)
1198150522,36.5397322,140.6240904,,,4,,POINT (140.6240904 36.5397322)
1198150527,36.5374404,140.6268885,,,3,,POINT (140.6268885 36.5374404)
1198150543,36.5364912,140.6269181,,,4,,POINT (140.6269181 36.5364912)
1198150550,36.5413054,140.6245178,,,4,,POINT (140.6245178 36.5413054)
1198150561,36.5396519,140.6218532,,,3,,POINT (140.6218532 36.5396519)
1198150597,36.5325885,140.6182438,,,3,,POINT (140.6182438 36.5325885)
1198150602,36.5390815,140.6199626,,,3,,POINT (140.6199626 36.5390815)
1198150610,36.5375814,140.6237236,,,3,,POINT (140.6237236 36.5375814)
1198150648,36.5287562,140.6194597,,,3,,POINT (140.6194597 36.5287562)
1198150665,36.5359003,140.6221037,,,3,,POINT (140.6221037 36.5359003)
1198150674,36.5408754,140.615311,,,3,,POINT (140.615311 36.5408754)
1198150676,36.5299326,140.6211241,,,3,,POINT (140.6211241 36.5299326)
1198150695,36.538379,140.6213671,,,3,,POINT (140.6213671 36.538379)
1198150704,36.5410392,140.6253407,,,4,,POINT (140.6253407 36.5410392)
1198150713,36.538246,140.6243394,,,3,,POINT (140.6243394 36.538246)
1198150724,36.5378125,140.6268125,,,3,,POINT (140.6268125 36.5378125)
1198150752,36.5362052,140.6239205,,,3,,POINT (140.6239205 36.5362052)
1198150757,36.5386551,140.6270786,,,3,,POINT (140.6270786 36.5386551)
1198150774,36.5402105,140.6182926,,,3,,POINT (140.6182926 36.5402105)
1198150777,36.5363609,140.626878,,,3,,POINT (140.626878 36.5363609)
1198150779,36.5321686,140.6153482,,,1,,POINT (140.6153482 36.5321686)
1198150781,36.5386253,140.621455,,,3,,POINT (140.621455 36.5386253)
1198150787,36.531752,140.6169613,,,3,,POINT (140.6169613 36.531752)
1198150789,36.5307347,140.6208105,,,3,,POINT (140.6208105 36.5307347)
1198150796,36.5404993,140.6270752,,,3,,POINT (140.6270752 36.5404993)
1198150824,36.5380599,140.6192342,,,3,,POINT (140.6192342 36.5380599)
1198150835,36.5384178,140.6292026,,,4,,POINT (140.6292026 36.5384178)
1198150852,36.5379927,140.6267795,,,4,,POINT (140.6267795 36.5379927)
1198150856,36.5404977,140.6190743,,,3,,POINT (140.6190743 36.5404977)
1198150893,36.5357414,140.622459,,,3,,POINT (140.622459 36.5357414)
1198150900,36.5384176,140.6255618,,,4,,POINT (140.6255618 36.5384176)
1198150904,36.5358289,140.6239433,,,3,,POINT (140.6239433 36.5358289)
1198150905,36.5392166,140.6197285,,,3,,POINT (140.6197285 36.5392166)
1198150907,36.5364173,140.6263911,,,3,,POINT (140.6263911 36.5364173)
1198150916,36.5375519,140.6277858,,,4,,POINT (140.6277858 36.5375519)
1198150922,36.5374815,140.6272457,,,3,,POINT (140.6272457 36.5374815)
1198150933,36.5408331,140.6200063,,,3,,POINT (140.6200063 36.5408331)
1198150954,36.5387154,140.6271213,,,3,,POINT (140.6271213 36.5387154)
1198150967,36.5385902,140.6266596,,,3,,POINT (140.6266596 36.5385902)
1198150979,36.5376449,140.6241814,,,3,,POINT (140.6241814 36.5376449)
1198150984,36.540162,140.6260653,,,4,,POINT (140.6260653 36.540162)
1198150994,36.537172,140.6197393,,,3,,POINT (140.6197393 36.537172)
1198151003,36.5417203,140.6228153,,,4,,POINT (140.6228153 36.5417203)
1198151020,36.5371648,140.626911,,,3,,POINT (140.626911 36.5371648)
1198151021,36.5408731,140.614817,,,4,,POINT (140.614817 36.5408731)
1198151024,36.5301836,140.6182188,traffic_signals,,3,,POINT (140.6182188 36.5301836)
1198151027,36.5380891,140.6287538,,,1,,POINT (140.6287538 36.5380891)
1198151054,36.5405274,140.6243022,,,3,,POINT (140.6243022 36.5405274)
1198151066,36.5355074,140.6265249,,,3,,POINT (140.6265249 36.5355074)
1198151070,36.5401129,140.618215,,,3,,POINT (140.618215 36.5401129)
1198151095,36.5328426,140.618201,,,3,,POINT (140.618201 36.5328426)
1198151097,36.5391041,140.6295601,traffic_signals,,4,,POINT (140.6295601 36.5391041)
1198151109,36.5393547,140.6274348,,,4,,POINT (140.6274348 36.5393547)
1198151119,36.5354374,140.6233339,,,3,,POINT (140.6233339 36.5354374)
1198151125,36.528672,140.6199824,,,3,,POINT (140.6199824 36.528672)
1198151132,36.5340802,140.6213935,,,3,,POINT (140.6213935 36.5340802)
1198151153,36.5381437,140.6279187,,,3,,POINT (140.6279187 36.5381437)
1198151164,36.5404606,140.6187754,,,4,,POINT (140.6187754 36.5404606)
1198151169,36.5368299,140.6269368,,,4,,POINT (140.6269368 36.5368299)
1198151174,36.538994,140.6172701,,,3,,POINT (140.6172701 36.538994)
1198151182,36.5396301,140.6249508,,,3,,POINT (140.6249508 36.5396301)
1198151198,36.5403548,140.6251508,,,4,,POINT (140.6251508 36.5403548)
1198151236,36.5399679,140.6208141,,,4,,POINT (140.6208141 36.5399679)
1198151248,36.5298783,140.6194211,,,3,,POINT (140.6194211 36.5298783)
1198151257,36.5379935,140.6224911,,,3,,POINT (140.6224911 36.5379935)
1198151266,36.5324061,140.6190719,,,3,,POINT (140.6190719 36.5324061)
1198151268,36.5407706,140.6262384,,,4,,POINT (140.6262384 36.5407706)
1198151304,36.5389082,140.6203999,,,3,,POINT (140.6203999 36.5389082)
1198151309,36.532798,140.6171792,,,1,,POINT (140.6171792 36.532798)
1198167500,36.5490645,140.6098369,,,4,,POINT (140.6098369 36.5490645)
1198167503,36.5487344,140.6100285,,,4,,POINT (140.6100285 36.5487344)
1198167509,36.5434688,140.6153384,,,4,,POINT (140.6153384 36.5434688)
1198167518,36.5472727,140.6108941,,,3,,POINT (140.6108941 36.5472727)
1198167529,36.5489955,140.612867,,,3,,POINT (140.612867 36.5489955)
1198167543,36.5422111,140.6131987,,,3,,POINT (140.6131987 36.5422111)
1198167546,36.5482114,140.6086777,,,3,,POINT (140.6086777 36.5482114)
1198167641,36.5474399,140.6086423,,,4,,POINT (140.6086423 36.5474399)
1198167702,36.5432561,140.6201099,,,3,,POINT (140.6201099 36.5432561)
1198167731,36.548612,140.6079985,,,3,,POINT (140.6079985 36.548612)
1198167735,36.5432452,140.6184589,,,3,,POINT (140.6184589 36.5432452)
1198167769,36.547504,140.6081091,,,3,,POINT (140.6081091 36.547504)
1198167786,36.5469961,140.6110577,,,3,,POINT (140.6110577 36.5469961)
1198167791,36.5454235,140.6098199,,,3,,POINT (140.6098199 36.5454235)
1198167795,36.5489029,140.6107193,,,3,,POINT (140.6107193 36.5489029)
1198167851,36.5459885,140.6185915,,,3,,POINT (140.6185915 36.5459885)
1198167866,36.5397153,140.619014,,,4,,POINT (140.619014 36.5397153)
1198167874,36.5400346,140.6167314,,,3,,POINT (140.6167314 36.5400346)
1198167882,36.5482087,140.6076862,,,3,,POINT (140.6076862 36.5482087)
1198167907,36.5492803,140.6105886,,,3,,POINT (140.6105886 36.5492803)
1198167913,36.5437387,140.6170821,,,3,,POINT (140.6170821 36.5437387)
1198167943,36.5433978,140.6185947,,,3,,POINT (140.6185947 36.5433978)
1198167952,36.5489785,140.6161123,,,3,,POINT (140.6161123 36.5489785)
1198167956,36.5422714,140.6145767,,,3,,POINT (140.6145767 36.5422714)
1198167971,36.5478889,140.6088727,,,3,,POINT (140.6088727 36.5478889)
1198168010,36.5430759,140.6169754,,,3,,POINT (140.6169754 36.5430759)
1198168016,36.5480993,140.6120786,,,4,,POINT (140.6120786 36.5480993)
1198168024,36.5461835,140.6098651,,,3,,POINT (140.6098651 36.5461835)
1198168041,36.5492034,140.610235,,,3,,POINT (140.610235 36.5492034)
1198168048,36.5468384,140.6106594,,,3,,POINT (140.6106594 36.5468384)
1198168050,36.5429697,140.6183258,,,3,,POINT (140.6183258 36.5429697)
1198168058,36.5500818,140.6096924,,,3,,POINT (140.6096924 36.5500818)
1198168065,36.5461944,140.6127208,,,3,,POINT (140.6127208 36.5461944)
1198168076,36.5493921,140.610121,,,3,,POINT (140.610121 36.5493921)
1198168081,36.5423385,140.6179,,,3,,POINT (140.6179 36.5423385)
1198168118,36.5434094,140.6170378,,,4,,POINT (140.6170378 36.5434094)
1198168124,36.5454453,140.6107911,,,3,,POINT (140.6107911 36.5454453)
1198168131,36.5478464,140.6210767,,,3,,POINT (140.6210767 36.5478464)
1198168167,36.5489064,140.6094204,,,3,,POINT (140.6094204 36.5489064)
1198168172,36.5471151,140.6104943,,,3,,POINT (140.6104943 36.5471151)
1198168180,36.5464117,140.6113993,,,4,,POINT (140.6113993 36.5464117)
1198168186,36.547525,140.612427,,,3,,POINT (140.612427 36.547525)
1198168193,36.5483696,140.6080551,,,4,,POINT (140.6080551 36.5483696)
1198168199,36.547835,140.6105626,,,4,,POINT (140.6105626 36.547835)
1198168205,36.5464593,140.6130789,,,3,,POINT (140.6130789 36.5464593)
1198168224,36.5476616,140.6178227,,,3,,POINT (140.6178227 36.5476616)
1198168244,36.5424593,140.6150264,,,3,,POINT (140.6150264 36.5424593)
1198168252,36.5407604,140.6182441,,,1,,POINT (140.6182441 36.5407604)
1198168264,36.5496502,140.6133348,,,1,,POINT (140.6133348 36.5496502)
1198168273,36.5473948,140.610329,,,3,,POINT (140.610329 36.5473948)
1198168284,36.5420267,140.616375,,,3,,POINT (140.616375 36.5420267)
1198168295,36.5489549,140.6187376,,,1,,POINT (140.6187376 36.5489549)
1198168305,36.5485752,140.609621,,,3,,POINT (140.609621 36.5485752)
1198168312,36.5480688,140.6073076,,,3,,POINT (140.6073076 36.5480688)
1198168375,36.5492211,140.6135734,,,3,,POINT (140.6135734 36.5492211)
1198168389,36.5494772,140.6090722,,,3,,POINT (140.6090722 36.5494772)
1198168391,36.5476787,140.6127993,,,3,,POINT (140.6127993 36.5476787)
1198168397,36.5482377,140.6196013,,,3,,POINT (140.6196013 36.5482377)
1198168427,36.549182,140.6082901,,,3,,POINT (140.6082901 36.549182)
1198168430,36.5421443,140.6171159,,,3,,POINT (140.6171159 36.5421443)
1198168481,36.545331,140.6189571,,,3,,POINT (140.6189571 36.545331)
1198168495,36.5491883,140.6092519,,,3,,POINT (140.6092519 36.5491883)
1198168506,36.5464645,140.6097015,,,3,,POINT (140.6097015 36.5464645)
1198168520,36.5422376,140.6219603,,,3,,POINT (140.6219603 36.5422376)
1198168537,36.5498195,140.616107,,,3,,POINT (140.616107 36.5498195)
1198168550,36.5467803,140.6123672,,,4,,POINT (140.6123672 36.5467803)
1198168562,36.547631,140.6118304,,,3,,POINT (140.6118304 36.547631)
1198168570,36.5499932,140.6218609,,,3,,POINT (140.6218609 36.5499932)
1198168576,36.5479042,140.6116807,,,3,,POINT (140.6116807 36.5479042)
1198168579,36.5476001,140.6090419,,,3,,POINT (140.6090419 36.5476001)
1198168587,36.5417771,140.6147833,,,3,,POINT (140.6147833 36.5417771)
1198168636,36.5475481,140.6107398,,,3,,POINT (140.6107398 36.5475481)
1198168641,36.5485917,140.621376,,,4,,POINT (140.621376 36.5485917)
1198168643,36.5483707,140.6127272,,,3,,POINT (140.6127272 36.5483707)
1198168654,36.5483037,140.6180175,,,3,,POINT (140.6180175 36.5483037)
1198168673,36.5479519,140.6099859,,,3,,POINT (140.6099859 36.5479519)
1198168700,36.5499363,140.6160183,,,1,,POINT (140.6160183 36.5499363)
1198168717,36.5467093,140.6112215,,,4,,POINT (140.6112215 36.5467093)
1198168727,36.5487236,140.608017,,,3,,POINT (140.608017 36.5487236)
1198168740,36.5464988,140.6195134,,,4,,POINT (140.6195134 36.5464988)
1198168744,36.5470933,140.612174,,,3,,POINT (140.612174 36.5470933)
1198168760,36.5467426,140.6095366,,,3,,POINT (140.6095366 36.5467426)
1198168766,36.5458167,140.6117534,,,3,,POINT (140.6117534 36.5458167)
1198168775,36.5478432,140.613216,,,3,,POINT (140.613216 36.5478432)
1198168780,36.5472595,140.6185198,,,4,,POINT (140.6185198 36.5472595)
1198168785,36.5473543,140.61201,,,3,,POINT (140.61201 36.5473543)
1198168829,36.5504313,140.6209397,,,3,,POINT (140.6209397 36.5504313)
1198168833,36.5464769,140.6125533,,,3,,POINT (140.6125533 36.5464769)
1198168835,36.547194,140.6232224,,,4,,POINT (140.6232224 36.547194)
1198168838,36.5460344,140.6094794,,,3,,POINT (140.6094794 36.5460344)
1198168853,36.5470198,140.6093683,,,3,,POINT (140.6093683 36.5470198)
1198168870,36.5465593,140.6108283,,,3,,POINT (140.6108283 36.5465593)
1198168883,36.5489119,140.6195319,,,3,,POINT (140.6195319 36.5489119)
1198168919,36.5452092,140.6147286,,,4,,POINT (140.6147286 36.5452092)
1198168944,36.5460413,140.610445,,,4,,POINT (140.610445 36.5460413)
1198168956,36.542822,140.614952,,,3,,POINT (140.614952 36.542822)
1198168962,36.5461039,140.6115832,,,4,,POINT (140.6115832 36.5461039)
1198168982,36.5482529,140.6098117,,,3,,POINT (140.6098117 36.5482529)
1198168990,36.5463407,140.6102666,,,3,,POINT (140.6102666 36.5463407)
1198168994,36.5505214,140.6154632,,,3,,POINT (140.6154632 36.5505214)
1198169000,36.5482151,140.6233363,,,3,,POINT (140.6233363 36.5482151)
1198169027,36.5457043,140.6200789,,,3,,POINT (140.6200789 36.5457043)
1198169030,36.5497444,140.6185935,,,1,,POINT (140.6185935 36.5497444)
1198169033,36.5473003,140.6091961,,,3,,POINT (140.6091961 36.5473003)
1198169034,36.543764,140.6184295,,,3,,POINT (140.6184295 36.543764)
1198169054,36.5472776,140.6082464,,,3,,POINT (140.6082464 36.5472776)
1198169075,36.5499398,140.6093161,,,3,,POINT (140.6093161 36.5499398)
1198169086,36.5476718,140.6101608,,,4,,POINT (140.6101608 36.5476718)
1198169128,36.5457316,140.6106241,,,4,,POINT (140.6106241 36.5457316)
1198169174,36.5479885,140.6109457,,,3,,POINT (140.6109457 36.5479885)
1198169185,36.5497743,140.6088954,,,3,,POINT (140.6088954 36.5497743)
1198169187,36.5469376,140.60894,,,3,,POINT (140.60894 36.5469376)
1198414791,36.5262818,140.6334825,,,3,,POINT (140.6334825 36.5262818)
1198720865,36.530182,140.6217206,,,3,,POINT (140.6217206 36.530182)
1198720887,36.532069,140.618944,traffic_signals,,3,,POINT (140.618944 36.532069)
1198720947,36.5287515,140.6194863,,,3,,POINT (140.6194863 36.5287515)
1198720998,36.5292369,140.6188082,,,4,,POINT (140.6188082 36.5292369)
1198721043,36.5291816,140.6190481,,,1,,POINT (140.6190481 36.5291816)
1198721117,36.5283673,140.6232587,,,4,,POINT (140.6232587 36.5283673)
1198721136,36.5287212,140.6176993,,,3,,POINT (140.6176993 36.5287212)
1198721212,36.528133,140.6185705,,,1,,POINT (140.6185705 36.528133)
1198721248,36.5281361,140.6223503,traffic_signals,,3,,POINT (140.6223503 36.5281361)
1198721326,36.528545,140.6176505,,,3,,POINT (140.6176505 36.528545)
1198721364,36.5295992,140.6219278,,,3,,POINT (140.6219278 36.5295992)
1198721384,36.527482,140.6221294,,,1,,POINT (140.6221294 36.527482)
1198721425,36.5282054,140.6233649,,,3,,POINT (140.6233649 36.5282054)
1198721439,36.5318364,140.6197307,,,3,,POINT (140.6197307 36.5318364)
1198721493,36.5258385,140.6156195,,,1,,POINT (140.6156195 36.5258385)
1198721517,36.5306704,140.6213766,,,3,,POINT (140.6213766 36.5306704)
1198721528,36.5315901,140.6208796,,,3,,POINT (140.6208796 36.5315901)
1198721585,36.5262458,140.6241106,,,4,,POINT (140.6241106 36.5262458)
1198721598,36.5290535,140.6208692,,,1,,POINT (140.6208692 36.5290535)
1198721650,36.526103,140.6246577,,,3,,POINT (140.6246577 36.526103)
1198721700,36.5285244,140.6185684,,,3,,POINT (140.6185684 36.5285244)
1198721766,36.5310656,140.6207274,,,1,,POINT (140.6207274 36.5310656)
1198721814,36.5294091,140.6179217,,,3,,POINT (140.6179217 36.5294091)
1198721831,36.5260568,140.624781,,,3,,POINT (140.624781 36.5260568)
1198741799,36.5200298,140.6260583,,,3,,POINT (140.6260583 36.5200298)
1198741814,36.5152905,140.614947,,,3,,POINT (140.614947 36.5152905)
1198741875,36.5160683,140.6144142,,,1,,POINT (140.6144142 36.5160683)
1198741898,36.5158836,140.614178,,,3,,POINT (140.614178 36.5158836)
1198741913,36.5206894,140.6219367,,,3,,POINT (140.6219367 36.5206894)
1198741952,36.5147787,140.6146013,,,1,,POINT (140.6146013 36.5147787)
1198741957,36.5204917,140.625199,,,3,,POINT (140.625199 36.5204917)
1198741960,36.5204328,140.6226353,,,4,,POINT (140.6226353 36.5204328)
1198741965,36.5179212,140.6226386,,,3,,POINT (140.6226386 36.5179212)
1198742010,36.5169645,140.6193903,,,3,,POINT (140.6193903 36.5169645)
1198742022,36.5173109,140.6151183,,,3,,POINT (140.6151183 36.5173109)
1198742035,36.5166055,140.6207905,,,3,,POINT (140.6207905 36.5166055)
1198742050,36.5148315,140.6150247,,,3,,POINT (140.6150247 36.5148315)
1198742065,36.5229947,140.6233678,,,3,,POINT (140.6233678 36.5229947)
1198742073,36.5142142,140.6147077,,,3,,POINT (140.6147077 36.5142142)
1198742081,36.5218412,140.6212206,,,3,,POINT (140.6212206 36.5218412)
1198742083,36.5188203,140.6230367,,,1,,POINT (140.6230367 36.5188203)
1198742089,36.520943,140.6238228,,,1,,POINT (140.6238228 36.520943)
1198742093,36.51559,140.6142629,,,4,,POINT (140.6142629 36.51559)
1198742120,36.5210652,140.6247505,,,3,,POINT (140.6247505 36.5210652)
1198742134,36.5201282,140.6263958,,,3,,POINT (140.6263958 36.5201282)
1198742155,36.5203005,140.6269501,,,4,,POINT (140.6269501 36.5203005)
1198742159,36.5207307,140.626283,,,3,,POINT (140.626283 36.5207307)
1198742228,36.5208775,140.6219072,,,3,,POINT (140.6219072 36.5208775)
1198742230,36.518245,140.6230154,,,3,,POINT (140.6230154 36.518245)
1198742245,36.518998,140.6247579,,,3,,POINT (140.6247579 36.518998)
1198742250,36.5240131,140.622048,,,3,,POINT (140.622048 36.5240131)
1198742252,36.5190481,140.6237082,,,3,,POINT (140.6237082 36.5190481)
1198742253,36.5205276,140.6255949,,,3,,POINT (140.6255949 36.5205276)
1198742256,36.5168529,140.6155619,,,3,,POINT (140.6155619 36.5168529)
1198742272,36.5239529,140.6222951,,,3,,POINT (140.6222951 36.5239529)
1198742289,36.5194818,140.6243687,,,4,,POINT (140.6243687 36.5194818)
1198742303,36.5209689,140.6259741,,,3,,POINT (140.6259741 36.5209689)
1198742316,36.5187136,140.6244883,,,3,,POINT (140.6244883 36.5187136)
1198742320,36.5205555,140.6266067,,,3,,POINT (140.6266067 36.5205555)
1198742338,36.5205457,140.6250101,,,4,,POINT (140.6250101 36.5205457)
1198742349,36.5244847,140.6230101,,,3,,POINT (140.6230101 36.5244847)
1198742372,36.5167966,140.6230407,,,1,,POINT (140.6230407 36.5167966)
1198742376,36.5153591,140.6146917,,,3,,POINT (140.6146917 36.5153591)
1198742398,36.5156966,140.6140752,,,3,,POINT (140.6140752 36.5156966)
1198742413,36.5158515,140.6143431,,,3,,POINT (140.6143431 36.5158515)
1198742415,36.5246145,140.6225864,,,3,,POINT (140.6225864 36.5246145)
1198742420,36.5173531,140.6215795,,,1,,POINT (140.6215795 36.5173531)
1198742424,36.5196833,140.6250774,,,3,,POINT (140.6250774 36.5196833)
1198742425,36.5204736,140.6219901,,,3,,POINT (140.6219901 36.5204736)
1198742450,36.5197277,140.625281,,,3,,POINT (140.625281 36.5197277)
1198742470,36.5207431,140.6251206,,,4,,POINT (140.6251206 36.5207431)
1198742472,36.5227797,140.6215555,,,3,,POINT (140.6215555 36.5227797)
1198742473,36.5150376,140.6145506,,,1,,POINT (140.6145506 36.5150376)
1198815428,36.5243719,140.6309251,,,3,,POINT (140.6309251 36.5243719)
1198815463,36.5305483,140.6223859,,,3,,POINT (140.6223859 36.5305483)
1198815477,36.5272127,140.6292964,,,3,,POINT (140.6292964 36.5272127)
1198815504,36.5323063,140.6231171,,,4,,POINT (140.6231171 36.5323063)
1198815522,36.5341901,140.626845,,,3,,POINT (140.626845 36.5341901)
1198815549,36.5290322,140.6267732,,,1,,POINT (140.6267732 36.5290322)
1198815553,36.5266423,140.629167,,,3,,POINT (140.629167 36.5266423)
1198815572,36.5288068,140.6241957,,,3,,POINT (140.6241957 36.5288068)
1198815577,36.5330252,140.6266827,,,3,,POINT (140.6266827 36.5330252)
1198815587,36.527879,140.6320946,,,3,,POINT (140.6320946 36.527879)
1198815600,36.5297429,140.6241906,,,1,,POINT (140.6241906 36.5297429)
1198815626,36.5281606,140.6243058,,,3,,POINT (140.6243058 36.5281606)
1198815650,36.5254451,140.6304646,,,4,,POINT (140.6304646 36.5254451)
1198815652,36.5321699,140.6240339,,,4,,POINT (140.6240339 36.5321699)
1198815685,36.5302166,140.6237364,,,3,,POINT (140.6237364 36.5302166)
1198815704,36.5240457,140.6272128,,,4,,POINT (140.6272128 36.5240457)
1198815727,36.532038,140.6281594,,,1,,POINT (140.6281594 36.532038)
1198815751,36.5279879,140.6340437,,,1,,POINT (140.6340437 36.5279879)
1198815771,36.5325381,140.6286219,,,3,,POINT (140.6286219 36.5325381)
1198815852,36.5266697,140.6249329,,,1,,POINT (140.6249329 36.5266697)
1198815979,36.5320479,140.6253715,,,4,,POINT (140.6253715 36.5320479)
1198815984,36.528505,140.6270921,,,3,,POINT (140.6270921 36.528505)
1198815988,36.5278362,140.6286637,,,4,,POINT (140.6286637 36.5278362)
1198816026,36.5310768,140.6241477,,,4,,POINT (140.6241477 36.5310768)
1198816036,36.5327595,140.6242288,,,3,,POINT (140.6242288 36.5327595)
1198816049,36.5341955,140.6260073,,,3,,POINT (140.6260073 36.5341955)
1198816051,36.5294568,140.6251019,,,3,,POINT (140.6251019 36.5294568)
1198816055,36.5289602,140.6256422,,,3,,POINT (140.6256422 36.5289602)
1198816077,36.5242671,140.6282713,,,4,,POINT (140.6282713 36.5242671)
1198816097,36.5221799,140.6286237,traffic_signals,,5,,POINT (140.6286237 36.5221799)
1198816168,36.5279927,140.6267136,,,1,,POINT (140.6267136 36.5279927)
1198816280,36.5274215,140.6329256,,,3,,POINT (140.6329256 36.5274215)
1198816312,36.5251005,140.626532,,,1,,POINT (140.626532 36.5251005)
1198816317,36.5282792,140.6297597,,,3,,POINT (140.6297597 36.5282792)
1198816328,36.5339017,140.6251102,,,3,,POINT (140.6251102 36.5339017)
1198816378,36.5286236,140.6252027,,,1,,POINT (140.6252027 36.5286236)
1198816383,36.5252324,140.6262226,,,3,,POINT (140.6262226 36.5252324)
1198816401,36.5247243,140.6301136,,,3,,POINT (140.6301136 36.5247243)
1198816411,36.5267687,140.6280078,,,1,,POINT (140.6280078 36.5267687)
1198816438,36.5279275,140.6282949,,,4,,POINT (140.6282949 36.5279275)
1198816458,36.5298356,140.6289193,,,3,,POINT (140.6289193 36.5298356)
1198816462,36.5286937,140.630755,,,3,,POINT (140.630755 36.5286937)
1198816465,36.5327119,140.6251452,,,4,,POINT (140.6251452 36.5327119)
1198816472,36.5336491,140.6226051,,,1,,POINT (140.6226051 36.5336491)
1198816487,36.5293664,140.6300497,,,3,,POINT (140.6300497 36.5293664)
1198816491,36.5317741,140.6275371,,,3,,POINT (140.6275371 36.5317741)
1198816523,36.5334511,140.6229535,,,3,,POINT (140.6229535 36.5334511)
1198816560,36.5260465,140.6306239,,,4,,POINT (140.6306239 36.5260465)
1198816577,36.527524,140.6297503,,,4,,POINT (140.6297503 36.527524)
1198816603,36.5248083,140.6268551,,,3,,POINT (140.6268551 36.5248083)
1198816644,36.5327733,140.6253207,,,3,,POINT (140.6253207 36.5327733)
1198816737,36.5319964,140.6267808,,,3,,POINT (140.6267808 36.5319964)
1198816751,36.5279607,140.629559,,,3,,POINT (140.629559 36.5279607)
1198816770,36.5264325,140.6261522,,,3,,POINT (140.6261522 36.5264325)
1198816877,36.5293634,140.6220264,,,3,,POINT (140.6220264 36.5293634)
1198816932,36.5273849,140.6327365,,,1,,POINT (140.6327365 36.5273849)
1198816938,36.530932,140.627824,,,4,,POINT (140.627824 36.530932)
1198816950,36.5250761,140.6266163,,,3,,POINT (140.6266163 36.5250761)
1198816962,36.5272562,140.6292214,,,3,,POINT (140.6292214 36.5272562)
1198816971,36.5283321,140.6310397,,,3,,POINT (140.6310397 36.5283321)
1198816976,36.5264078,140.6298142,,,3,,POINT (140.6298142 36.5264078)
1198817048,36.5303116,140.6282492,,,3,,POINT (140.6282492 36.5303116)
1198817070,36.5289988,140.6288227,,,3,,POINT (140.6288227 36.5289988)
1198817148,36.5294481,140.6242487,,,3,,POINT (140.6242487 36.5294481)
1198817174,36.5324041,140.6298401,,,3,,POINT (140.6298401 36.5324041)
1198817223,36.5315011,140.6219001,,,3,,POINT (140.6219001 36.5315011)
1198817311,36.5285376,140.6315073,,,3,,POINT (140.6315073 36.5285376)
1198817326,36.532134,140.6220944,,,3,,POINT (140.6220944 36.532134)
1198817340,36.5312102,140.6277892,,,4,,POINT (140.6277892 36.5312102)
1198817355,36.5268976,140.6272307,,,3,,POINT (140.6272307 36.5268976)
1198817386,36.5322034,140.6268223,,,3,,POINT (140.6268223 36.5322034)
1198817398,36.5330458,140.6237553,,,3,,POINT (140.6237553 36.5330458)
1198817399,36.5286228,140.6233622,,,1,,POINT (140.6233622 36.5286228)
1198817411,36.5305456,140.6297165,,,1,,POINT (140.6297165 36.5305456)
1198817419,36.5306513,140.6278685,,,3,,POINT (140.6278685 36.5306513)
1198817431,36.5241178,140.6298368,,,3,,POINT (140.6298368 36.5241178)
1198817437,36.5315895,140.6247255,,,3,,POINT (140.6247255 36.5315895)
1198817439,36.5272759,140.6287718,,,4,,POINT (140.6287718 36.5272759)
1198817448,36.5320306,140.6232108,,,4,,POINT (140.6232108 36.5320306)
1198817464,36.5332381,140.6257815,,,3,,POINT (140.6257815 36.5332381)
1198817474,36.5315449,140.6320268,,,3,,POINT (140.6320268 36.5315449)
1198817483,36.5292697,140.6251118,,,3,,POINT (140.6251118 36.5292697)
1198817490,36.5332596,140.6239999,,,3,,POINT (140.6239999 36.5332596)
1198817501,36.5277172,140.6329157,,,3,,POINT (140.6329157 36.5277172)
1198817519,36.5284138,140.6240866,,,4,,POINT (140.6240866 36.5284138)
1198817520,36.5260457,140.6282294,,,3,,POINT (140.6282294 36.5260457)
1198817569,36.5311014,140.6265727,,,3,,POINT (140.6265727 36.5311014)
1198817582,36.5301122,140.6231406,,,3,,POINT (140.6231406 36.5301122)
1198817592,36.5325275,140.6265593,,,3,,POINT (140.6265593 36.5325275)
1198817607,36.5293689,140.6233901,,,3,,POINT (140.6233901 36.5293689)
1198817614,36.5276856,140.6262666,,,3,,POINT (140.6262666 36.5276856)
1198817635,36.5248831,140.6301877,,,3,,POINT (140.6301877 36.5248831)
1198817637,36.5325889,140.6230249,,,4,,POINT (140.6230249 36.5325889)
1198817670,36.528706,140.6239573,,,3,,POINT (140.6239573 36.528706)
1198817696,36.5290077,140.6251875,,,3,,POINT (140.6251875 36.5290077)
1198817711,36.5242764,140.6311279,,,4,,POINT (140.6311279 36.5242764)
1198817718,36.5277205,140.629024,,,4,,POINT (140.629024 36.5277205)
1198817733,36.528246,140.624211,,,3,,POINT (140.624211 36.528246)
1198817798,36.5269671,140.6241805,,,3,,POINT (140.6241805 36.5269671)
1198817812,36.5327525,140.6239834,,,3,,POINT (140.6239834 36.5327525)
1198817849,36.5253539,140.6272305,,,3,,POINT (140.6272305 36.5253539)
1198817857,36.5314967,140.6277396,,,4,,POINT (140.6277396 36.5314967)
1198817867,36.5280908,140.6259487,,,3,,POINT (140.6259487 36.5280908)
1198817933,36.5287312,140.6286202,,,1,,POINT (140.6286202 36.5287312)
1198817934,36.5262904,140.6271803,,,3,,POINT (140.6271803 36.5262904)
1198817951,36.524278,140.6285945,,,3,,POINT (140.6285945 36.524278)
1198817952,36.5326654,140.6233929,,,3,,POINT (140.6233929 36.5326654)
1198817988,36.5322323,140.6271776,,,1,,POINT (140.6271776 36.5322323)
1198818083,36.5319071,140.6284447,,,1,,POINT (140.6284447 36.5319071)
1198818090,36.5283815,140.6322452,,,3,,POINT (140.6322452 36.5283815)
1198818100,36.5250529,140.6281548,,,3,,POINT (140.6281548 36.5250529)
1198818132,36.5318876,140.6240647,,,4,,POINT (140.6240647 36.5318876)
1198818138,36.5321522,140.6249731,,,4,,POINT (140.6249731 36.5321522)
1198818154,36.531025,140.6238838,,,3,,POINT (140.6238838 36.531025)
1198818186,36.5252806,140.6311484,,,3,,POINT (140.6311484 36.5252806)
1198818212,36.5293663,140.6236744,,,3,,POINT (140.6236744 36.5293663)
1198818234,36.53075,140.6228243,,,3,,POINT (140.6228243 36.53075)
1198818242,36.5325226,140.6285119,,,3,,POINT (140.6285119 36.5325226)
1198818270,36.5272691,140.6296045,,,3,,POINT (140.6296045 36.5272691)
1198818376,36.5335674,140.6243064,,,3,,POINT (140.6243064 36.5335674)
1198818381,36.5321195,140.6274796,,,4,,POINT (140.6274796 36.5321195)
1198818388,36.5250377,140.6320178,,,3,,POINT (140.6320178 36.5250377)
1198818397,36.5288877,140.6243511,,,1,,POINT (140.6243511 36.5288877)
1198818408,36.5287401,140.6304132,,,3,,POINT (140.6304132 36.5287401)
1198818426,36.5305734,140.6266917,,,3,,POINT (140.6266917 36.5305734)
1198818456,36.5319486,140.6265001,,,3,,POINT (140.6265001 36.5319486)
1198818489,36.5349649,140.6275843,,,3,,POINT (140.6275843 36.5349649)
1198818518,36.5243321,140.6276837,,,3,,POINT (140.6276837 36.5243321)
1198818523,36.5272085,140.6302097,,,3,,POINT (140.6302097 36.5272085)
1198818538,36.5316702,140.6265339,,,4,,POINT (140.6265339 36.5316702)
1198818542,36.5272943,140.6263931,,,3,,POINT (140.6263931 36.5272943)
1198818615,36.5288818,140.6323669,,,1,,POINT (140.6323669 36.5288818)
1198818646,36.5289079,140.6245871,,,1,,POINT (140.6245871 36.5289079)
1198818672,36.5349666,140.6259989,,,1,,POINT (140.6259989 36.5349666)
1198818687,36.5320059,140.6256567,,,3,,POINT (140.6256567 36.5320059)
1198818707,36.5269422,140.6246686,,,3,,POINT (140.6246686 36.5269422)
1198818716,36.5327638,140.6246699,,,3,,POINT (140.6246699 36.5327638)
1198818737,36.52945,140.6252151,,,4,,POINT (140.6252151 36.52945)
1198818796,36.5324526,140.6221809,,,3,,POINT (140.6221809 36.5324526)
1198818800,36.5300844,140.6286002,,,3,,POINT (140.6286002 36.5300844)
1198818813,36.5316807,140.625607,,,3,,POINT (140.625607 36.5316807)
1198818836,36.5286074,140.6257489,,,3,,POINT (140.6257489 36.5286074)
1198818865,36.5239026,140.6268258,,,3,,POINT (140.6268258 36.5239026)
1198818921,36.5303837,140.6246326,,,3,,POINT (140.6246326 36.5303837)
1198818936,36.5328487,140.6254968,,,3,,POINT (140.6254968 36.5328487)
1198818955,36.5286889,140.623799,,,3,,POINT (140.623799 36.5286889)
1198818988,36.5272984,140.6332604,,,3,,POINT (140.6332604 36.5272984)
1198819029,36.5340328,140.6247279,,,3,,POINT (140.6247279 36.5340328)
1198819106,36.526018,140.6282309,,,3,,POINT (140.6282309 36.526018)
1198819119,36.5251582,140.6303223,,,4,,POINT (140.6303223 36.5251582)
1198819127,36.5324297,140.6250907,,,3,,POINT (140.6250907 36.5324297)
1198819152,36.5308222,140.6265921,,,3,,POINT (140.6265921 36.5308222)
1198819247,36.5251839,140.6292072,,,3,,POINT (140.6292072 36.5251839)
1198819268,36.5324703,140.6239993,,,4,,POINT (140.6239993 36.5324703)
1198819324,36.5294919,140.6271843,,,3,,POINT (140.6271843 36.5294919)
1198819375,36.5318691,140.6248584,,,3,,POINT (140.6248584 36.5318691)
1198819395,36.5276235,140.6293865,,,4,,POINT (140.6293865 36.5276235)
1198819408,36.5295829,140.6306167,,,3,,POINT (140.6306167 36.5295829)
1198819418,36.5317442,140.6232897,,,4,,POINT (140.6232897 36.5317442)
1198819436,36.5251317,140.6280104,,,3,,POINT (140.6280104 36.5251317)
1198819459,36.525628,140.6281616,,,3,,POINT (140.6281616 36.525628)
1198819487,36.5294147,140.6239557,,,3,,POINT (140.6239557 36.5294147)
1198819503,36.5330965,140.6264927,,,3,,POINT (140.6264927 36.5330965)
1198819511,36.5264903,140.6284625,,,1,,POINT (140.6284625 36.5264903)
1198819520,36.5320561,140.6272457,,,4,,POINT (140.6272457 36.5320561)
1198819556,36.5314688,140.6232434,,,3,,POINT (140.6232434 36.5314688)
1198819564,36.5318092,140.6219936,,,3,,POINT (140.6219936 36.5318092)
1198819599,36.5276628,140.6239042,,,3,,POINT (140.6239042 36.5276628)
1198819692,36.5310166,140.6288047,,,3,,POINT (140.6288047 36.5310166)
1198819706,36.524673,140.6286211,,,1,,POINT (140.6286211 36.524673)
1198819715,36.5270501,140.6310113,,,3,,POINT (140.6310113 36.5270501)
1198819726,36.5271411,140.6286194,,,3,,POINT (140.6286194 36.5271411)
1198819782,36.5342238,140.6240773,,,3,,POINT (140.6240773 36.5342238)
1198819788,36.5307027,140.6284456,,,3,,POINT (140.6284456 36.5307027)
1198819869,36.529437,140.6241492,,,3,,POINT (140.6241492 36.529437)
1198819884,36.5295192,140.6310496,,,3,,POINT (140.6310496 36.5295192)
1198819899,36.5315003,140.6233884,,,3,,POINT (140.6233884 36.5315003)
1198819932,36.5342053,140.6252953,,,1,,POINT (140.6252953 36.5342053)
1198819976,36.5279645,140.6313527,,,3,,POINT (140.6313527 36.5279645)
1198820003,36.5337082,140.6254116,,,3,,POINT (140.6254116 36.5337082)
1198820019,36.5307475,140.6288915,,,3,,POINT (140.6288915 36.5307475)
1198820037,36.5277746,140.6261871,,,3,,POINT (140.6261871 36.5277746)
1198820071,36.5316117,140.6240945,,,4,,POINT (140.6240945 36.5316117)
1198820104,36.5330885,140.6223665,,,3,,POINT (140.6223665 36.5330885)
1198820126,36.5312946,140.62856,,,3,,POINT (140.62856 36.5312946)
1198820182,36.5281874,140.6252224,,,3,,POINT (140.6252224 36.5281874)
1198820188,36.5271474,140.6258611,,,1,,POINT (140.6258611 36.5271474)
1198840694,36.5396729,140.6310152,,,3,,POINT (140.6310152 36.5396729)
1198840698,36.5336956,140.6326084,,,3,,POINT (140.6326084 36.5336956)
1198840704,36.5309985,140.6314472,,,3,,POINT (140.6314472 36.5309985)
1198840708,36.5327444,140.6316197,,,3,,POINT (140.6316197 36.5327444)
1198840716,36.5357109,140.6301416,,,3,,POINT (140.6301416 36.5357109)
1198840723,36.5329987,140.6332985,,,3,,POINT (140.6332985 36.5329987)
1198840729,36.5324833,140.6315256,,,3,,POINT (140.6315256 36.5324833)
1198840790,36.5354437,140.6307291,,,3,,POINT (140.6307291 36.5354437)
1198840818,36.5395941,140.6327088,,,3,,POINT (140.6327088 36.5395941)
1198840827,36.5406476,140.6313005,,,3,,POINT (140.6313005 36.5406476)
1198840837,36.5370199,140.6297231,,,3,,POINT (140.6297231 36.5370199)
1198840845,36.5317868,140.6326583,,,3,,POINT (140.6326583 36.5317868)
1198840850,36.5331916,140.630754,,,3,,POINT (140.630754 36.5331916)
1198840853,36.538315,140.6313934,,,3,,POINT (140.6313934 36.538315)
1198840859,36.5372028,140.6305158,,,3,,POINT (140.6305158 36.5372028)
1198840864,36.5397639,140.6322448,,,3,,POINT (140.6322448 36.5397639)
1198840881,36.5371332,140.6305566,,,4,,POINT (140.6305566 36.5371332)
1198840895,36.5328555,140.6310111,,,3,,POINT (140.6310111 36.5328555)
1198840901,36.5388669,140.6317883,,,4,,POINT (140.6317883 36.5388669)
1198840904,36.5399647,140.6323947,,,3,,POINT (140.6323947 36.5399647)
1198840916,36.5362134,140.6304223,,,3,,POINT (140.6304223 36.5362134)
1198840922,36.5365736,140.6310504,,,4,,POINT (140.6310504 36.5365736)
1198840927,36.5344591,140.6315033,,,3,,POINT (140.6315033 36.5344591)
1198840941,36.5317438,140.6311982,,,3,,POINT (140.6311982 36.5317438)
1198840942,36.5325566,140.6327884,,,1,,POINT (140.6327884 36.5325566)
1198840947,36.5308883,140.6317149,,,3,,POINT (140.6317149 36.5308883)
1198840960,36.5312286,140.635974,,,3,,POINT (140.635974 36.5312286)
1198840966,36.5333888,140.6323881,,,1,,POINT (140.6323881 36.5333888)
1198840986,36.5331647,140.6293799,,,1,,POINT (140.6293799 36.5331647)
1198840993,36.5313162,140.6307437,,,3,,POINT (140.6307437 36.5313162)
1198840994,36.5404461,140.6310641,,,1,,POINT (140.6310641 36.5404461)
1198840997,36.5329372,140.6333985,,,3,,POINT (140.6333985 36.5329372)
1198841008,36.5328305,140.6329534,,,1,,POINT (140.6329534 36.5328305)
1198841010,36.5327331,140.6299761,,,4,,POINT (140.6299761 36.5327331)
1198841026,36.5351216,140.6300896,,,3,,POINT (140.6300896 36.5351216)
1198841027,36.531376,140.6324091,,,3,,POINT (140.6324091 36.531376)
1198841059,36.5398196,140.6328172,,,1,,POINT (140.6328172 36.5398196)
1198841064,36.5360133,140.6302836,,,3,,POINT (140.6302836 36.5360133)
1198841068,36.5369678,140.6293639,,,3,,POINT (140.6293639 36.5369678)
1198841086,36.5331678,140.6317603,,,3,,POINT (140.6317603 36.5331678)
1198841087,36.5364478,140.6301591,,,3,,POINT (140.6301591 36.5364478)
1198841094,36.5407002,140.6329145,,,3,,POINT (140.6329145 36.5407002)
1198841096,36.5398205,140.6319087,,,3,,POINT (140.6319087 36.5398205)
1198841098,36.5321585,140.6328923,,,4,,POINT (140.6328923 36.5321585)
1198841101,36.5357967,140.6293223,,,3,,POINT (140.6293223 36.5357967)
1198841104,36.5331689,140.6310929,,,3,,POINT (140.6310929 36.5331689)
1198841105,36.5400946,140.6320575,,,1,,POINT (140.6320575 36.5400946)
1198841107,36.5396971,140.6321678,,,3,,POINT (140.6321678 36.5396971)
1198841109,36.5359047,140.6308976,,,3,,POINT (140.6308976 36.5359047)
1198841115,36.5362619,140.630485,,,3,,POINT (140.630485 36.5362619)
1198841128,36.5329096,140.6316861,,,3,,POINT (140.6316861 36.5329096)
1198841154,36.5378524,140.6321908,,,3,,POINT (140.6321908 36.5378524)
1198841155,36.5334355,140.6328424,,,3,,POINT (140.6328424 36.5334355)
1198841156,36.5302317,140.6312124,,,3,,POINT (140.6312124 36.5302317)
1198841158,36.537571,140.6296053,,,3,,POINT (140.6296053 36.537571)
1198841169,36.5356324,140.6296124,,,3,,POINT (140.6296124 36.5356324)
1198841171,36.5309787,140.6305767,,,1,,POINT (140.6305767 36.5309787)
1198841186,36.5377388,140.6308905,,,3,,POINT (140.6308905 36.5377388)
1198841196,36.5342328,140.6333121,,,3,,POINT (140.6333121 36.5342328)
1198841201,36.5332282,140.6303678,,,1,,POINT (140.6303678 36.5332282)
1198841203,36.5300797,140.6356073,,,3,,POINT (140.6356073 36.5300797)
1198841208,36.53411,140.6321907,,,3,,POINT (140.6321907 36.53411)
1198841215,36.5354828,140.6301376,,,3,,POINT (140.6301376 36.5354828)
1198841234,36.5361893,140.6317783,,,3,,POINT (140.6317783 36.5361893)
1198841238,36.5394268,140.6320365,,,4,,POINT (140.6320365 36.5394268)
1198841250,36.5377327,140.6290861,,,3,,POINT (140.6290861 36.5377327)
1198841258,36.5339097,140.6339805,,,3,,POINT (140.6339805 36.5339097)
1198841260,36.5368812,140.6313679,,,3,,POINT (140.6313679 36.5368812)
1198841267,36.5318248,140.6309499,,,3,,POINT (140.6309499 36.5318248)
1198921641,36.5442562,140.6347108,,,3,,POINT (140.6347108 36.5442562)
1198921690,36.5474749,140.6315915,,,4,,POINT (140.6315915 36.5474749)
1198921743,36.5494682,140.6250227,,,3,,POINT (140.6250227 36.5494682)
1198921800,36.5452663,140.6375546,,,3,,POINT (140.6375546 36.5452663)
1198921864,36.5438797,140.6366486,,,3,,POINT (140.6366486 36.5438797)
1198921903,36.5422283,140.6329552,,,3,,POINT (140.6329552 36.5422283)
1198921934,36.5451354,140.6324071,,,3,,POINT (140.6324071 36.5451354)
1198922014,36.5511655,140.624848,,,4,,POINT (140.624848 36.5511655)
1198922105,36.5464811,140.6261403,,,4,,POINT (140.6261403 36.5464811)
1198922143,36.5474313,140.6318943,,,3,,POINT (140.6318943 36.5474313)
1198922163,36.5441657,140.6421285,,,3,,POINT (140.6421285 36.5441657)
1198922182,36.5484007,140.6316273,,,1,,POINT (140.6316273 36.5484007)
1198922335,36.545905,140.6338557,,,4,,POINT (140.6338557 36.545905)
1198922428,36.5432448,140.6332931,,,3,,POINT (140.6332931 36.5432448)
1198922471,36.5431114,140.6439734,,,3,,POINT (140.6439734 36.5431114)
1198922603,36.5402655,140.6278983,,,4,,POINT (140.6278983 36.5402655)
1198922653,36.5433366,140.633632,,,3,,POINT (140.633632 36.5433366)
1198922838,36.5428557,140.6289977,,,3,,POINT (140.6289977 36.5428557)
1198922879,36.5470118,140.6339405,,,3,,POINT (140.6339405 36.5470118)
1198922928,36.5446537,140.6318886,,,1,,POINT (140.6318886 36.5446537)
1198923002,36.5468186,140.6321488,,,4,,POINT (140.6321488 36.5468186)
1198923022,36.5431432,140.6329651,,,4,,POINT (140.6329651 36.5431432)
1198923120,36.5417179,140.6369725,,,3,,POINT (140.6369725 36.5417179)
1198923149,36.5435155,140.6373414,,,4,,POINT (140.6373414 36.5435155)
1198923175,36.5465121,140.6327163,,,4,,POINT (140.6327163 36.5465121)
1198923192,36.5420002,140.6389898,,,3,,POINT (140.6389898 36.5420002)
1198923271,36.5429731,140.6268743,,,3,,POINT (140.6268743 36.5429731)
1198923287,36.544938,140.6433429,,,3,,POINT (140.6433429 36.544938)
1198923303,36.5426204,140.6367736,,,4,,POINT (140.6367736 36.5426204)
1198923404,36.539827,140.627678,,,3,,POINT (140.627678 36.539827)
1198923525,36.5442144,140.6369785,,,3,,POINT (140.6369785 36.5442144)
1198923551,36.5452845,140.6350038,,,4,,POINT (140.6350038 36.5452845)
1198923576,36.5460162,140.6290346,,,3,,POINT (140.6290346 36.5460162)
1198923584,36.543406,140.6324392,,,3,,POINT (140.6324392 36.543406)
1198923608,36.5481514,140.6332525,,,3,,POINT (140.6332525 36.5481514)
1198923644,36.5438277,140.6302647,,,3,,POINT (140.6302647 36.5438277)
1198923663,36.5415759,140.6390917,,,3,,POINT (140.6390917 36.5415759)
1198923732,36.5433653,140.6402499,,,3,,POINT (140.6402499 36.5433653)
1198923738,36.5430646,140.637056,,,4,,POINT (140.637056 36.5430646)
1198923748,36.5441415,140.6350544,,,3,,POINT (140.6350544 36.5441415)
1198923766,36.5501594,140.6247758,,,3,,POINT (140.6247758 36.5501594)
1198923777,36.5447072,140.6254709,,,3,,POINT (140.6254709 36.5447072)
1198923839,36.5406563,140.6363024,,,3,,POINT (140.6363024 36.5406563)
1198923854,36.5431452,140.6380524,,,4,,POINT (140.6380524 36.5431452)
1198923873,36.5464704,140.6294833,,,3,,POINT (140.6294833 36.5464704)
1198923878,36.5438851,140.6427313,,,3,,POINT (140.6427313 36.5438851)
1198923907,36.5438647,140.6408539,,,3,,POINT (140.6408539 36.5438647)
1198923935,36.5466292,140.6296612,,,3,,POINT (140.6296612 36.5466292)
1198923975,36.5484592,140.6353634,,,1,,POINT (140.6353634 36.5484592)
1198923981,36.5442642,140.6429969,,,4,,POINT (140.6429969 36.5442642)
1198923993,36.5454482,140.632605,,,3,,POINT (140.632605 36.5454482)
1198924005,36.5462048,140.6332824,,,4,,POINT (140.6332824 36.5462048)
1198924019,36.543527,140.6394992,,,3,,POINT (140.6394992 36.543527)
1198924043,36.5456007,140.6257177,,,3,,POINT (140.6257177 36.5456007)
1198924064,36.5443922,140.6263647,,,4,,POINT (140.6263647 36.5443922)
1198924081,36.5475838,140.6327884,,,4,,POINT (140.6327884 36.5475838)
1198924098,36.5418612,140.6357286,,,4,,POINT (140.6357286 36.5418612)
1198924125,36.5446177,140.6389336,,,3,,POINT (140.6389336 36.5446177)
1198924147,36.5412899,140.6302837,,,4,,POINT (140.6302837 36.5412899)
1198924154,36.5464699,140.6351638,,,4,,POINT (140.6351638 36.5464699)
1198924171,36.545382,140.6260788,,,3,,POINT (140.6260788 36.545382)
1198924202,36.5424049,140.6403835,,,3,,POINT (140.6403835 36.5424049)
1198924218,36.5468106,140.6417207,,,3,,POINT (140.6417207 36.5468106)
1198924273,36.5451046,140.6434509,,,3,,POINT (140.6434509 36.5451046)
1198924280,36.5470471,140.6317201,,,3,,POINT (140.6317201 36.5470471)
1198924283,36.5430303,140.6325911,,,3,,POINT (140.6325911 36.5430303)
1198924288,36.5427823,140.6356759,,,3,,POINT (140.6356759 36.5427823)
1198924296,36.5419482,140.6400271,,,3,,POINT (140.6400271 36.5419482)
1198924308,36.5475516,140.6290562,,,4,,POINT (140.6290562 36.5475516)
1198924317,36.5501008,140.6316731,,,4,,POINT (140.6316731 36.5501008)
1198924346,36.5434337,140.6362149,,,3,,POINT (140.6362149 36.5434337)
1198924450,36.5437079,140.6337413,,,3,,POINT (140.6337413 36.5437079)
1198924482,36.5459354,140.6363553,,,4,,POINT (140.6363553 36.5459354)
1198924546,36.5442582,140.6411168,,,4,,POINT (140.6411168 36.5442582)
1198924553,36.5424102,140.6376497,,,4,,POINT (140.6376497 36.5424102)
1198924576,36.5451828,140.6275211,,,4,,POINT (140.6275211 36.5451828)
1198924591,36.5423157,140.6379287,,,3,,POINT (140.6379287 36.5423157)
1198924598,36.5470436,140.6298335,,,4,,POINT (140.6298335 36.5470436)
1198924639,36.5427019,140.6362352,,,3,,POINT (140.6362352 36.5427019)
1198924680,36.5467391,140.6345441,,,3,,POINT (140.6345441 36.5467391)
1198924730,36.5472893,140.6333568,,,4,,POINT (140.6333568 36.5472893)
1198924788,36.5459523,140.6429711,,,3,,POINT (140.6429711 36.5459523)
1198924805,36.5419486,140.6246761,,,3,,POINT (140.6246761 36.5419486)
1198924810,36.5426885,140.6335442,,,3,,POINT (140.6335442 36.5426885)
1198924824,36.543513,140.6433522,,,4,,POINT (140.6433522 36.543513)
1198924868,36.5454862,140.6383782,,,3,,POINT (140.6383782 36.5454862)
1198924885,36.5449812,140.6355768,,,4,,POINT (140.6355768 36.5449812)
1198924902,36.5424315,140.6407692,,,4,,POINT (140.6407692 36.5424315)
1198924916,36.5425316,140.6288045,,,3,,POINT (140.6288045 36.5425316)
1198924940,36.5461333,140.6323976,,,3,,POINT (140.6323976 36.5461333)
1198924950,36.5460116,140.6323951,,,3,,POINT (140.6323951 36.5460116)
1198924958,36.5427795,140.6268168,,,3,,POINT (140.6268168 36.5427795)
1198924960,36.5445439,140.6309693,,,3,,POINT (140.6309693 36.5445439)
1198924961,36.5432755,140.6260194,,,4,,POINT (140.6260194 36.5432755)
1198924989,36.5414073,140.6360385,,,3,,POINT (140.6360385 36.5414073)
1198924993,36.5426195,140.6342757,,,1,,POINT (140.6342757 36.5426195)
1198925013,36.547204,140.6420133,,,3,,POINT (140.6420133 36.547204)
1198925021,36.5417989,140.6362612,,,3,,POINT (140.6362612 36.5417989)
1198925050,36.5476831,140.6305219,,,4,,POINT (140.6305219 36.5476831)
1198925064,36.5457194,140.6379766,,,3,,POINT (140.6379766 36.5457194)
1198925076,36.5424977,140.6422572,,,3,,POINT (140.6422572 36.5424977)
1198925100,36.5417072,140.6255467,,,4,,POINT (140.6255467 36.5417072)
1198925102,36.5442099,140.6306243,,,3,,POINT (140.6306243 36.5442099)
1198925136,36.5432196,140.6405571,,,3,,POINT (140.6405571 36.5432196)
1198925142,36.5461954,140.6357608,,,3,,POINT (140.6357608 36.5461954)
1198925148,36.5421686,140.6382965,,,1,,POINT (140.6382965 36.5421686)
1198925156,36.5455783,140.6296277,,,3,,POINT (140.6296277 36.5455783)
1198925165,36.5454173,140.6294981,,,3,,POINT (140.6294981 36.5454173)
1198925174,36.5444573,140.6422822,,,3,,POINT (140.6422822 36.5444573)
1198925178,36.544711,140.6353541,,,3,,POINT (140.6353541 36.544711)
1198925187,36.5414773,140.6355022,,,3,,POINT (140.6355022 36.5414773)
1198925223,36.5430714,140.6408802,,,3,,POINT (140.6408802 36.5430714)
1198925228,36.5433594,140.6251116,,,4,,POINT (140.6251116 36.5433594)
1198925233,36.5480108,140.6295078,,,4,,POINT (140.6295078 36.5480108)
1198925298,36.5499375,140.6253103,,,3,,POINT (140.6253103 36.5499375)
1198925309,36.5442152,140.6284241,,,3,,POINT (140.6284241 36.5442152)
1198925315,36.5414524,140.6264335,,,4,,POINT (140.6264335 36.5414524)
1198925350,36.5460403,140.6259096,,,3,,POINT (140.6259096 36.5460403)
1198925354,36.5427422,140.6331404,,,3,,POINT (140.6331404 36.5427422)
1198925363,36.5436992,140.6395852,,,3,,POINT (140.6395852 36.5436992)
1198925381,36.5440927,140.6326005,,,3,,POINT (140.6326005 36.5440927)
1198925386,36.5442028,140.6349153,,,3,,POINT (140.6349153 36.5442028)
1198925401,36.5455389,140.6327411,,,3,,POINT (140.6327411 36.5455389)
1198925402,36.5457025,140.6230616,,,3,,POINT (140.6230616 36.5457025)
1198925416,36.5417023,140.6308842,,,4,,POINT (140.6308842 36.5417023)
1198925460,36.5426353,140.6288713,,,3,,POINT (140.6288713 36.5426353)
1198925474,36.5431209,140.640071,,,3,,POINT (140.640071 36.5431209)
1198925541,36.5491559,140.6255359,,,1,,POINT (140.6255359 36.5491559)
1198925551,36.5424192,140.6257571,,,4,,POINT (140.6257571 36.5424192)
1198925559,36.545061,140.6418001,,,3,,POINT (140.6418001 36.545061)
1198925571,36.5441132,140.6272081,,,4,,POINT (140.6272081 36.5441132)
1198925583,36.5426899,140.6327825,,,3,,POINT (140.6327825 36.5426899)
1198925603,36.5426519,140.6390634,,,3,,POINT (140.6390634 36.5426519)
1198925691,36.5408704,140.6285786,,,3,,POINT (140.6285786 36.5408704)
1198925754,36.5413444,140.6368345,,,3,,POINT (140.6368345 36.5413444)
1198925769,36.54229,140.6399437,,,4,,POINT (140.6399437 36.54229)
1198925817,36.5421846,140.6285841,,,3,,POINT (140.6285841 36.5421846)
1198925840,36.5417766,140.6364712,,,3,,POINT (140.6364712 36.5417766)
1198925867,36.5437156,140.6357852,,,4,,POINT (140.6357852 36.5437156)
1198925885,36.544142,140.6397995,,,3,,POINT (140.6397995 36.544142)
1198925896,36.540479,140.6352433,,,3,,POINT (140.6352433 36.540479)
1198925938,36.5491921,140.6248253,,,4,,POINT (140.6248253 36.5491921)
1198925964,36.5492283,140.6354617,,,3,,POINT (140.6354617 36.5492283)
1198925972,36.5419393,140.6293825,,,3,,POINT (140.6293825 36.5419393)
1198925997,36.5450997,140.6265685,,,3,,POINT (140.6265685 36.5450997)
1198926023,36.5410207,140.6377428,,,1,,POINT (140.6377428 36.5410207)
1198926059,36.5455915,140.6381979,,,3,yes,POINT (140.6381979 36.5455915)
1198926069,36.547186,140.6294827,,,3,,POINT (140.6294827 36.547186)
1198926130,36.5431387,140.6269245,,,3,,POINT (140.6269245 36.5431387)
1198926160,36.5427031,140.6294999,,,3,,POINT (140.6294999 36.5427031)
1198926164,36.5426075,140.6248734,,,4,,POINT (140.6248734 36.5426075)
1198926183,36.5444147,140.6340955,,,3,,POINT (140.6340955 36.5444147)
1198926185,36.5490783,140.6358,,,3,,POINT (140.6358 36.5490783)
1198926205,36.5442999,140.6317188,,,4,,POINT (140.6317188 36.5442999)
1198926218,36.5447114,140.6273794,,,4,,POINT (140.6273794 36.5447114)
1198926237,36.5429672,140.6427783,,,4,,POINT (140.6427783 36.5429672)
1198926274,36.5430575,140.6259563,,,3,,POINT (140.6259563 36.5430575)
1198926329,36.5448844,140.641948,,,3,,POINT (140.641948 36.5448844)
1198926350,36.5449192,140.6384906,,,3,,POINT (140.6384906 36.5449192)
1198926358,36.5496864,140.623496,,,4,,POINT (140.623496 36.5496864)
1198926364,36.5416941,140.6372389,,,3,,POINT (140.6372389 36.5416941)
1198926373,36.544685,140.636127,,,3,,POINT (140.636127 36.544685)
1198926399,36.5424028,140.6287245,,,3,,POINT (140.6287245 36.5424028)
1198926405,36.5473117,140.6406566,,,3,,POINT (140.6406566 36.5473117)
1198926472,36.5451046,140.6417865,,,3,,POINT (140.6417865 36.5451046)
1198926482,36.5479455,140.6322726,,,4,,POINT (140.6322726 36.5479455)
1198926512,36.5431788,140.6346012,,,1,,POINT (140.6346012 36.5431788)
1198926555,36.543657,140.6329975,,,3,,POINT (140.6329975 36.543657)
1198926560,36.5439094,140.638507,,,4,,POINT (140.638507 36.5439094)
1198926567,36.5472737,140.6304006,,,3,,POINT (140.6304006 36.5472737)
1198926575,36.5421268,140.6294839,,,3,,POINT (140.6294839 36.5421268)
1198926583,36.54563,140.6369247,,,3,,POINT (140.6369247 36.54563)
1198926610,36.5426805,140.6377814,,,3,,POINT (140.6377814 36.5426805)
1198926639,36.541935,140.6350543,,,3,,POINT (140.6350543 36.541935)
1198926678,36.5506388,140.6310087,,,3,,POINT (140.6310087 36.5506388)
1198926680,36.5437276,140.6314087,,,3,,POINT (140.6314087 36.5437276)
1198926704,36.544053,140.6377529,,,4,,POINT (140.6377529 36.544053)
1198926709,36.5430188,140.6277141,,,3,,POINT (140.6277141 36.5430188)
1198926716,36.5440695,140.6352179,,,3,,POINT (140.6352179 36.5440695)
1199382469,36.5594781,140.6288302,,,3,,POINT (140.6288302 36.5594781)
1199382471,36.5624834,140.626482,,,4,,POINT (140.626482 36.5624834)
1199382472,36.563985,140.6295157,,,4,,POINT (140.6295157 36.563985)
1199382473,36.5608042,140.6237514,,,4,,POINT (140.6237514 36.5608042)
1199382477,36.5563269,140.6308293,,,3,,POINT (140.6308293 36.5563269)
1199382478,36.5582189,140.6245279,,,4,,POINT (140.6245279 36.5582189)
1199382481,36.5587791,140.6336719,,,3,,POINT (140.6336719 36.5587791)
1199382483,36.5603483,140.6296883,,,4,,POINT (140.6296883 36.5603483)
1199382485,36.5594599,140.6232785,,,3,,POINT (140.6232785 36.5594599)
1199382489,36.5573905,140.6284107,,,4,,POINT (140.6284107 36.5573905)
1199382490,36.5599069,140.6235931,,,3,,POINT (140.6235931 36.5599069)
1199382493,36.5640731,140.624353,,,3,,POINT (140.624353 36.5640731)
1199382495,36.5594492,140.6353473,,,3,,POINT (140.6353473 36.5594492)
1199382496,36.5624478,140.6275123,,,3,,POINT (140.6275123 36.5624478)
1199382498,36.5614875,140.6321784,,,4,,POINT (140.6321784 36.5614875)
1199382499,36.5610995,140.6301285,,,3,,POINT (140.6301285 36.5610995)
1199382505,36.5633426,140.6233467,,,3,,POINT (140.6233467 36.5633426)
1199382507,36.557033,140.6318357,,,4,,POINT (140.6318357 36.557033)
1199382509,36.5575759,140.6316768,,,3,,POINT (140.6316768 36.5575759)
1199382510,36.5590133,140.6238845,,,3,,POINT (140.6238845 36.5590133)
1199382514,36.5569471,140.6289162,,,4,,POINT (140.6289162 36.5569471)
1199382520,36.5638241,140.6240881,,,1,,POINT (140.6240881 36.5638241)
1199382528,36.5586859,140.624994,,,3,,POINT (140.624994 36.5586859)
1199382532,36.5616791,140.6283112,,,3,,POINT (140.6283112 36.5616791)
1199382541,36.5559107,140.63035,,,4,,POINT (140.63035 36.5559107)
1199382553,36.5609174,140.6283614,,,3,,POINT (140.6283614 36.5609174)
1199382554,36.5628102,140.6239991,,,3,,POINT (140.6239991 36.5628102)
1199382555,36.5588896,140.6289196,,,3,,POINT (140.6289196 36.5588896)
1199382566,36.5589661,140.6316643,,,4,,POINT (140.6316643 36.5589661)
1199382576,36.562569,140.6286186,,,4,,POINT (140.6286186 36.562569)
1199382578,36.5596717,140.6250045,,,3,,POINT (140.6250045 36.5596717)
1199382586,36.5565344,140.6305189,,,3,,POINT (140.6305189 36.5565344)
1199382588,36.556315,140.6200761,,,3,,POINT (140.6200761 36.556315)
1199382592,36.5597095,140.6326799,,,3,,POINT (140.6326799 36.5597095)
1199382597,36.5554136,140.6243776,,,3,,POINT (140.6243776 36.5554136)
1199382603,36.5554828,140.6188858,,,3,,POINT (140.6188858 36.5554828)
1199382604,36.5606749,140.6310201,,,4,,POINT (140.6310201 36.5606749)
1199382605,36.5650699,140.6233658,,,3,,POINT (140.6233658 36.5650699)
1199382606,36.5599186,140.6339717,,,3,,POINT (140.6339717 36.5599186)
1199382607,36.5608204,140.6252748,,,3,,POINT (140.6252748 36.5608204)
1199382609,36.559392,140.6274003,,,3,,POINT (140.6274003 36.559392)
1199382612,36.5613929,140.6339833,,,3,,POINT (140.6339833 36.5613929)
1199382614,36.5587516,140.6236387,,,4,,POINT (140.6236387 36.5587516)
1199382616,36.5579535,140.6274545,,,3,,POINT (140.6274545 36.5579535)
1199382619,36.5634686,140.6290526,,,3,,POINT (140.6290526 36.5634686)
1199382622,36.5633695,140.6244272,,,1,,POINT (140.6244272 36.5633695)
1199382623,36.5579807,140.6281972,,,4,,POINT (140.6281972 36.5579807)
1199382628,36.5599627,140.6253205,,,3,,POINT (140.6253205 36.5599627)
1199382629,36.5547688,140.6302625,,,3,,POINT (140.6302625 36.5547688)
1199382636,36.5595451,140.6302131,,,3,,POINT (140.6302131 36.5595451)
1199382641,36.5617398,140.6286722,,,3,,POINT (140.6286722 36.5617398)
1199382646,36.5560975,140.6287816,,,3,,POINT (140.6287816 36.5560975)
1199382653,36.5641779,140.6238226,,,3,,POINT (140.6238226 36.5641779)
1199382658,36.5590454,140.6306909,,,4,,POINT (140.6306909 36.5590454)
1199382661,36.5635038,140.6295471,,,4,,POINT (140.6295471 36.5635038)
1199382662,36.5612477,140.6224172,,,3,,POINT (140.6224172 36.5612477)
1199382663,36.5579578,140.6346238,,,4,,POINT (140.6346238 36.5579578)
1199382668,36.5624927,140.6280628,,,4,,POINT (140.6280628 36.5624927)
1199382669,36.557777,140.6310196,,,4,,POINT (140.6310196 36.557777)
1199382673,36.5498566,140.6266651,,,3,,POINT (140.6266651 36.5498566)
1199382675,36.5560827,140.6299557,,,4,,POINT (140.6299557 36.5560827)
1199382676,36.5570539,140.6228666,crossing,,4,,POINT (140.6228666 36.5570539)
1199382687,36.5598753,140.6306606,,,4,,POINT (140.6306606 36.5598753)
1199382701,36.5648168,140.6242564,,,3,,POINT (140.6242564 36.5648168)
1199382704,36.5599948,140.6246643,,,3,,POINT (140.6246643 36.5599948)
1199382708,36.559398,140.6283189,,,4,,POINT (140.6283189 36.559398)
1199382709,36.5609898,140.6344395,,,3,,POINT (140.6344395 36.5609898)
1199382722,36.5602638,140.6210094,,,1,,POINT (140.6210094 36.5602638)
1199382723,36.5623127,140.6296247,,,3,,POINT (140.6296247 36.5623127)
1199382727,36.5609816,140.6249383,,,3,,POINT (140.6249383 36.5609816)
1199382728,36.5630016,140.6317333,,,3,,POINT (140.6317333 36.5630016)
1199382735,36.5592814,140.6242632,,,3,,POINT (140.6242632 36.5592814)
1199382738,36.5625018,140.627514,,,3,,POINT (140.627514 36.5625018)
1199382739,36.5602224,140.6289131,,,3,,POINT (140.6289131 36.5602224)
1199382740,36.5627847,140.6225359,,,3,,POINT (140.6225359 36.5627847)
1199382748,36.5610466,140.6296627,,,4,,POINT (140.6296627 36.5610466)
1199382753,36.565064,140.6245658,,,4,,POINT (140.6245658 36.565064)
1199382755,36.5616576,140.6323951,,,4,,POINT (140.6323951 36.5616576)
1199382756,36.5602206,140.6283257,,,4,,POINT (140.6283257 36.5602206)
1199382759,36.5567923,140.6302123,,,4,,POINT (140.6302123 36.5567923)
1199382761,36.5623859,140.6254972,,,4,,POINT (140.6254972 36.5623859)
1199382768,36.5590876,140.6239367,,,3,,POINT (140.6239367 36.5590876)
1199382770,36.5594895,140.6323828,,,3,,POINT (140.6323828 36.5594895)
1199382771,36.5573993,140.6314292,,,4,,POINT (140.6314292 36.5573993)
1199382772,36.5624227,140.6238116,,,3,,POINT (140.6238116 36.5624227)
1199382776,36.5558132,140.6200018,,,3,,POINT (140.6200018 36.5558132)
1199382783,36.5527737,140.6226432,,,1,,POINT (140.6226432 36.5527737)
1199382785,36.5552739,140.6179773,,,4,,POINT (140.6179773 36.5552739)
1199382786,36.5621941,140.6317931,,,3,,POINT (140.6317931 36.5621941)
1199382788,36.5650759,140.6252811,,,4,,POINT (140.6252811 36.5650759)
1199382791,36.5578714,140.6330475,,,4,,POINT (140.6330475 36.5578714)
1199382794,36.5608663,140.6332446,,,4,,POINT (140.6332446 36.5608663)
1199382803,36.5555919,140.6293458,,,3,,POINT (140.6293458 36.5555919)
1199382806,36.55551,140.6254289,,,3,,POINT (140.6254289 36.55551)
1199382807,36.5583675,140.6323407,,,4,,POINT (140.6323407 36.5583675)
1199382809,36.5582135,140.6229823,,,4,,POINT (140.6229823 36.5582135)
1199382812,36.5611886,140.630749,,,3,,POINT (140.630749 36.5611886)
1199382815,36.5630836,140.6232835,,,4,,POINT (140.6232835 36.5630836)
1199382824,36.5633895,140.6242601,,,3,,POINT (140.6242601 36.5633895)
1199382827,36.5620701,140.6232995,,,3,,POINT (140.6232995 36.5620701)
1199382838,36.5624533,140.6270766,,,3,,POINT (140.6270766 36.5624533)
1199382839,36.5642548,140.6236645,,,1,,POINT (140.6236645 36.5642548)
1199382843,36.5580043,140.6289266,,,3,,POINT (140.6289266 36.5580043)
1199382844,36.5564884,140.6201051,,,3,,POINT (140.6201051 36.5564884)
1199382845,36.5590499,140.6334115,,,3,,POINT (140.6334115 36.5590499)
1199382847,36.5604274,140.6326461,,,4,,POINT (140.6326461 36.5604274)
1199382851,36.5643111,140.6239778,,,4,,POINT (140.6239778 36.5643111)
1199382853,36.5605067,140.6347566,,,3,,POINT (140.6347566 36.5605067)
1199382856,36.5574404,140.6295767,,,4,,POINT (140.6295767 36.5574404)
1199382858,36.5624504,140.6260736,,,3,,POINT (140.6260736 36.5624504)
1199382860,36.5593983,140.6278416,,,3,,POINT (140.6278416 36.5593983)
1199382864,36.5594012,140.6243787,,,3,,POINT (140.6243787 36.5594012)
1199382865,36.5602558,140.6274283,,,3,,POINT (140.6274283 36.5602558)
1199382866,36.5618884,140.6296396,,,4,,POINT (140.6296396 36.5618884)
1199382870,36.5629448,140.6309789,,,3,,POINT (140.6309789 36.5629448)
1199382883,36.5584978,140.6340127,,,4,,POINT (140.6340127 36.5584978)
1199382884,36.5607045,140.6330281,,,3,,POINT (140.6330281 36.5607045)
1199382888,36.5555752,140.6249312,,,4,,POINT (140.6249312 36.5555752)
1199382891,36.5630101,140.6280756,,,3,,POINT (140.6280756 36.5630101)
1199382892,36.5610945,140.6271,,,4,,POINT (140.6271 36.5610945)
1199382894,36.5590887,140.6348787,,,4,,POINT (140.6348787 36.5590887)
1199382898,36.5577495,140.6220485,,,4,,POINT (140.6220485 36.5577495)
1199382905,36.5593529,140.6312342,,,4,,POINT (140.6312342 36.5593529)
1199382908,36.5616819,140.6230424,,,4,,POINT (140.6230424 36.5616819)
1199382909,36.5557102,140.6201422,,,3,,POINT (140.6201422 36.5557102)
1199382910,36.563763,140.6228032,,,3,,POINT (140.6228032 36.563763)
1199382913,36.5562972,140.6296206,,,4,,POINT (140.6296206 36.5562972)
1199382922,36.5581457,140.6327695,,,3,,POINT (140.6327695 36.5581457)
1199382926,36.5631175,140.6242393,,,3,,POINT (140.6242393 36.5631175)
1199382927,36.5589121,140.6262136,,,4,,POINT (140.6262136 36.5589121)
1199382930,36.5600229,140.6302083,,,3,,POINT (140.6302083 36.5600229)
1199382935,36.5557888,140.6188515,,,3,,POINT (140.6188515 36.5557888)
1199382936,36.56279,140.6233405,,,3,,POINT (140.6233405 36.56279)
1199382938,36.5597104,140.6250656,,,3,,POINT (140.6250656 36.5597104)
1199382941,36.5602545,140.6278586,,,3,,POINT (140.6278586 36.5602545)
1199382943,36.5506207,140.6265876,,,3,,POINT (140.6265876 36.5506207)
1199382944,36.5629748,140.6311822,,,4,,POINT (140.6311822 36.5629748)
1199382945,36.5557018,140.630779,,,3,,POINT (140.630779 36.5557018)
1199382946,36.5550343,140.6220927,,,4,,POINT (140.6220927 36.5550343)
1199382948,36.5593013,140.6331384,,,4,,POINT (140.6331384 36.5593013)
1199382952,36.5565324,140.6293763,,,4,,POINT (140.6293763 36.5565324)
1199382953,36.5599412,140.6224073,,,4,,POINT (140.6224073 36.5599412)
1199382954,36.5580674,140.6326576,,,3,,POINT (140.6326576 36.5580674)
1199382955,36.5563061,140.6236122,,,4,,POINT (140.6236122 36.5563061)
1199382956,36.558577,140.6321033,,,4,,POINT (140.6321033 36.558577)
1199382961,36.5572233,140.6186237,,,3,,POINT (140.6186237 36.5572233)
1199382967,36.560374,140.6313353,,,3,,POINT (140.6313353 36.560374)
1199382968,36.5641056,140.6247008,,,3,,POINT (140.6247008 36.5641056)
1199382977,36.5595034,140.6301602,,,3,,POINT (140.6301602 36.5595034)
1199382984,36.5639079,140.6275724,,,3,,POINT (140.6275724 36.5639079)
1199382985,36.563777,140.6219577,,,1,,POINT (140.6219577 36.563777)
1199382986,36.5620842,140.6307832,,,3,,POINT (140.6307832 36.5620842)
1199382987,36.5604634,140.6337164,,,3,,POINT (140.6337164 36.5604634)
1199382989,36.5621707,140.6331275,,,4,,POINT (140.6331275 36.5621707)
1199382991,36.5560565,140.6232966,,,3,,POINT (140.6232966 36.5560565)
1199382997,36.5636084,140.6236776,,,3,,POINT (140.6236776 36.5636084)
1199383002,36.5572198,140.6311799,,,3,,POINT (140.6311799 36.5572198)
1199383007,36.55497,140.6292163,,,3,,POINT (140.6292163 36.55497)
1199383017,36.5602461,140.6255485,,,3,,POINT (140.6255485 36.5602461)
1199383021,36.5640996,140.6227158,,,1,,POINT (140.6227158 36.5640996)
1199383023,36.5588689,140.6281708,,,3,,POINT (140.6281708 36.5588689)
1199383026,36.5592513,140.6264069,,,3,,POINT (140.6264069 36.5592513)
1199383029,36.5598274,140.6237924,,,3,,POINT (140.6237924 36.5598274)
1199383033,36.5612501,140.6283454,,,4,,POINT (140.6283454 36.5612501)
1199383034,36.5603719,140.6301666,,,4,,POINT (140.6301666 36.5603719)
1199383037,36.5534281,140.6229447,,,3,,POINT (140.6229447 36.5534281)
1199383042,36.5586223,140.6311825,,,3,,POINT (140.6311825 36.5586223)
1199383043,36.5565874,140.622724,,,1,,POINT (140.622724 36.5565874)
1199383044,36.5612991,140.6260607,,,3,,POINT (140.6260607 36.5612991)
1199383047,36.5557533,140.6195618,,,3,,POINT (140.6195618 36.5557533)
1199383048,36.5603645,140.6242463,,,4,,POINT (140.6242463 36.5603645)
1199383050,36.5553029,140.6296678,,,4,,POINT (140.6296678 36.5553029)
1199383053,36.5493944,140.6273756,,,3,,POINT (140.6273756 36.5493944)
1199383054,36.5553935,140.6311309,,,3,,POINT (140.6311309 36.5553935)
1199383056,36.5558591,140.6229824,,,3,,POINT (140.6229824 36.5558591)
1199383057,36.5662878,140.6231568,,,3,,POINT (140.6231568 36.5662878)
1199383063,36.5570498,140.6300101,,,4,,POINT (140.6300101 36.5570498)
1199383069,36.5626486,140.6291197,,,4,,POINT (140.6291197 36.5626486)
1199383087,36.5578828,140.6290498,,,4,,POINT (140.6290498 36.5578828)
1199383088,36.5592535,140.6249433,,,1,,POINT (140.6249433 36.5592535)
1199383091,36.5598588,140.631953,,,4,,POINT (140.631953 36.5598588)
1199383092,36.564827,140.624601,,,4,,POINT (140.624601 36.564827)
1205444618,36.6930796,140.7044964,,,3,,POINT (140.7044964 36.6930796)
1205444634,36.6781075,140.687927,traffic_signals,,5,,POINT (140.687927 36.6781075)
1205444640,36.6899938,140.686968,,,3,,POINT (140.686968 36.6899938)
1205444645,36.6786999,140.6851843,,,3,,POINT (140.6851843 36.6786999)
1205444654,36.6745311,140.684805,,,3,,POINT (140.684805 36.6745311)
1205444665,36.6777571,140.684189,,,3,,POINT (140.684189 36.6777571)
1205444738,36.6784756,140.6898848,,,4,,POINT (140.6898848 36.6784756)
1205444763,36.6958832,140.7031585,,,4,,POINT (140.7031585 36.6958832)
1205444776,36.6824674,140.6906527,traffic_signals,,4,,POINT (140.6906527 36.6824674)
1205446740,36.6764771,140.6875645,traffic_signals,,3,,POINT (140.6875645 36.6764771)
1205446750,36.6768949,140.6899064,,,1,,POINT (140.6899064 36.6768949)
1205446752,36.677625,140.6898106,,,4,,POINT (140.6898106 36.677625)
1205446759,36.6792051,140.6879405,,,3,,POINT (140.6879405 36.6792051)
1205446763,36.6758783,140.684507,,,4,,POINT (140.684507 36.6758783)
1205446764,36.6774842,140.6842101,traffic_signals,,4,,POINT (140.6842101 36.6774842)
1205446787,36.6738964,140.6863355,,,3,,POINT (140.6863355 36.6738964)
1205446788,36.6793473,140.6896141,,,3,,POINT (140.6896141 36.6793473)
1205446795,36.680181,140.6875584,,,1,,POINT (140.6875584 36.680181)
1205446797,36.6762492,140.6858036,,,4,yes,POINT (140.6858036 36.6762492)
1205446798,36.6769407,140.6858726,,,3,,POINT (140.6858726 36.6769407)
1205446808,36.6775923,140.6848994,,,3,,POINT (140.6848994 36.6775923)
1205446809,36.679563,140.6896656,,,3,,POINT (140.6896656 36.679563)
1205446816,36.6767139,140.6855684,,,3,,POINT (140.6855684 36.6767139)
1205446818,36.6766795,140.6861604,,,3,,POINT (140.6861604 36.6766795)
1205446820,36.6758203,140.6889485,,,3,,POINT (140.6889485 36.6758203)
1205446824,36.6782646,140.6872911,,,3,,POINT (140.6872911 36.6782646)
1205446832,36.6785428,140.6859028,,,3,,POINT (140.6859028 36.6785428)
1205446835,36.6768336,140.6893876,,,1,,POINT (140.6893876 36.6768336)
1205450371,36.694415,140.7068161,,,4,,POINT (140.7068161 36.694415)
1205450373,36.6966828,140.7046823,,,3,,POINT (140.7046823 36.6966828)
1205450390,36.6925611,140.7062951,,,3,,POINT (140.7062951 36.6925611)
1205450393,36.696512,140.7058434,,,3,,POINT (140.7058434 36.696512)
1205450401,36.6961624,140.7057448,,,3,,POINT (140.7057448 36.6961624)
1205450411,36.6963804,140.7047463,,,4,,POINT (140.7047463 36.6963804)
1205450414,36.6968307,140.7059723,,,3,,POINT (140.7059723 36.6968307)
1205450427,36.6927028,140.7082557,,,4,,POINT (140.7082557 36.6927028)
1205450433,36.6960658,140.7048237,,,3,,POINT (140.7048237 36.6960658)
1205450437,36.6959775,140.7041168,,,3,,POINT (140.7041168 36.6959775)
1205455536,36.6587473,140.6858422,,,3,,POINT (140.6858422 36.6587473)
1205455544,36.6615429,140.6858026,,,4,,POINT (140.6858026 36.6615429)
1205455546,36.6628506,140.6880675,,,3,,POINT (140.6880675 36.6628506)
1205455550,36.6638319,140.6858371,,,3,,POINT (140.6858371 36.6638319)
1205455552,36.6578825,140.6868627,,,3,,POINT (140.6868627 36.6578825)
1205455553,36.6632847,140.6886523,,,3,,POINT (140.6886523 36.6632847)
1205455556,36.66155,140.68431,,,3,,POINT (140.68431 36.66155)
1205455559,36.6638421,140.6842917,,,3,,POINT (140.6842917 36.6638421)
1205455560,36.6621731,140.6889857,traffic_signals,,4,,POINT (140.6889857 36.6621731)
1205455562,36.6628113,140.6866142,,,3,,POINT (140.6866142 36.6628113)
1205455570,36.6611863,140.6843069,,,3,,POINT (140.6843069 36.6611863)
1205455572,36.6634737,140.688082,,,3,,POINT (140.688082 36.6634737)
1205455573,36.6608766,140.6834727,,,3,,POINT (140.6834727 36.6608766)
1205455578,36.6647116,140.6887299,,,3,,POINT (140.6887299 36.6647116)
1205455580,36.662504,140.6873243,,,3,,POINT (140.6873243 36.662504)
1205455583,36.6628458,140.6873373,,,3,,POINT (140.6873373 36.6628458)
1205455589,36.6646781,140.6891844,,,4,,POINT (140.6891844 36.6646781)
1205455600,36.6506159,140.6867348,,,4,,POINT (140.6867348 36.6506159)
1205455602,36.6608724,140.6843047,,,3,,POINT (140.6843047 36.6608724)
1205455609,36.6615509,140.6834807,,,3,,POINT (140.6834807 36.6615509)
1205455610,36.6592492,140.6857766,,,3,,POINT (140.6857766 36.6592492)
1205455618,36.6608642,140.6857966,,,3,,POINT (140.6857966 36.6608642)
1205455622,36.661186,140.6834762,,,3,,POINT (140.6834762 36.661186)
1205455631,36.6622251,140.6873199,,,4,,POINT (140.6873199 36.6622251)
1205455634,36.6511562,140.6941478,,,3,yes,POINT (140.6941478 36.6511562)
1205455636,36.6638536,140.6832388,,,1,,POINT (140.6832388 36.6638536)
1205455653,36.657909,140.6885035,,,3,,POINT (140.6885035 36.657909)
1205455654,36.6615321,140.6873225,,,3,,POINT (140.6873225 36.6615321)
1205455655,36.6644856,140.6858469,,,3,,POINT (140.6858469 36.6644856)
1205455656,36.656314,140.6888929,traffic_signals,,3,,POINT (140.6888929 36.656314)
1205455657,36.6622098,140.6880692,,,3,,POINT (140.6880692 36.6622098)
1205455660,36.662802,140.6873339,,,3,,POINT (140.6873339 36.662802)
1205455670,36.6650122,140.684297,,,3,,POINT (140.684297 36.6650122)
1205455673,36.654469,140.6880602,,,3,,POINT (140.6880602 36.654469)
1205455675,36.66089,140.6828375,,,3,,POINT (140.6828375 36.66089)
1205455677,36.6579701,140.6835095,,,4,,POINT (140.6835095 36.6579701)
1205455682,36.6639068,140.6873482,,,3,,POINT (140.6873482 36.6639068)
1205455686,36.6625367,140.6858176,,,3,,POINT (140.6858176 36.6625367)
1205455692,36.6619067,140.6858081,,,3,,POINT (140.6858081 36.6619067)
1205455700,36.6644906,140.6842926,,,3,,POINT (140.6842926 36.6644906)
1205455704,36.6640976,140.6866032,,,3,,POINT (140.6866032 36.6640976)
1205455705,36.655235,140.6884782,traffic_signals,,4,,POINT (140.6884782 36.655235)
1205455710,36.6615941,140.678771,,,3,yes,POINT (140.678771 36.6615941)
1205455715,36.6628302,140.685822,,,3,,POINT (140.685822 36.6628302)
1205455716,36.6577899,140.6885215,traffic_signals,,3,,POINT (140.6885215 36.6577899)
1205455717,36.6615185,140.6889285,traffic_signals,,3,,POINT (140.6889285 36.6615185)
1205455718,36.662229,140.6858129,,,3,,POINT (140.6858129 36.662229)
1205455723,36.6618959,140.6873204,,,3,,POINT (140.6873204 36.6618959)
1205455725,36.6621998,140.6887513,,,3,,POINT (140.6887513 36.6621998)
1206068761,36.5708119,140.6271362,,,4,,POINT (140.6271362 36.5708119)
1207857127,36.5904352,140.6536347,,,4,,POINT (140.6536347 36.5904352)
1207857143,36.59089,140.6507701,,,4,,POINT (140.6507701 36.59089)
1207857150,36.5908108,140.6527468,traffic_signals,,4,,POINT (140.6527468 36.5908108)
1207857159,36.5915175,140.6513034,traffic_signals,,4,,POINT (140.6513034 36.5915175)
1207857184,36.5865092,140.6481697,,,3,,POINT (140.6481697 36.5865092)
1207857195,36.5901502,140.6501421,traffic_signals,,4,,POINT (140.6501421 36.5901502)
1207857209,36.5902695,140.6543811,,,3,,POINT (140.6543811 36.5902695)
1212695187,36.6576565,140.6966911,,,3,yes,POINT (140.6966911 36.6576565)
1212695190,36.6664353,140.6854269,,,4,,POINT (140.6854269 36.6664353)
1212695196,36.6547774,140.6969882,,,4,yes,POINT (140.6969882 36.6547774)
1212695201,36.6532951,140.7006227,,,3,,POINT (140.7006227 36.6532951)
1212695227,36.6661082,140.6857362,,,3,,POINT (140.6857362 36.6661082)
1212695229,36.6655942,140.6854461,,,3,,POINT (140.6854461 36.6655942)
1212695231,36.6665409,140.6889679,,,4,,POINT (140.6889679 36.6665409)
1212695233,36.6568957,140.694658,,,3,,POINT (140.694658 36.6568957)
1212695237,36.6720498,140.6905292,,,3,,POINT (140.6905292 36.6720498)
1212695238,36.6661954,140.6863846,,,3,,POINT (140.6863846 36.6661954)
1212695243,36.6537115,140.6977865,,,4,,POINT (140.6977865 36.6537115)
1212695261,36.6621768,140.6927172,,,3,,POINT (140.6927172 36.6621768)
1212695271,36.6585706,140.6964316,,,3,,POINT (140.6964316 36.6585706)
1212695278,36.6685643,140.6869177,,,4,,POINT (140.6869177 36.6685643)
1212695288,36.6546258,140.7001479,,,4,,POINT (140.7001479 36.6546258)
1212695293,36.6683338,140.6886992,,,3,,POINT (140.6886992 36.6683338)
1212695300,36.6534725,140.6952391,,,4,yes,POINT (140.6952391 36.6534725)
1212695301,36.6726251,140.6850047,,,3,,POINT (140.6850047 36.6726251)
1212695318,36.6681646,140.6866369,,,4,,POINT (140.6866369 36.6681646)
1212695319,36.6538721,140.69956,,,4,,POINT (140.69956 36.6538721)
1212695335,36.6658759,140.6863219,,,3,,POINT (140.6863219 36.6658759)
1212695338,36.6633725,140.6938182,,,3,,POINT (140.6938182 36.6633725)
1212695346,36.6540808,140.6991048,,,3,,POINT (140.6991048 36.6540808)
1212695351,36.6676286,140.6847948,,,3,,POINT (140.6847948 36.6676286)
1212695353,36.6667933,140.6856807,,,4,,POINT (140.6856807 36.6667933)
1212695354,36.6584337,140.6945689,,,3,,POINT (140.6945689 36.6584337)
1212695357,36.652836,140.6974952,,,3,,POINT (140.6974952 36.652836)
1212695360,36.650011,140.6982111,,,3,,POINT (140.6982111 36.650011)
1212695362,36.6552157,140.6986645,,,4,yes,POINT (140.6986645 36.6552157)
1212695370,36.6658047,140.6868284,,,3,,POINT (140.6868284 36.6658047)
1212695373,36.665938,140.6858803,,,3,,POINT (140.6858803 36.665938)
1212695374,36.651685,140.6993099,,,3,,POINT (140.6993099 36.651685)
1212695378,36.6695326,140.6877909,,,4,,POINT (140.6877909 36.6695326)
1212695385,36.6531157,140.6990233,,,4,,POINT (140.6990233 36.6531157)
1212695393,36.6585939,140.6985308,,,3,,POINT (140.6985308 36.6585939)
1212695399,36.6587194,140.6943734,,,3,,POINT (140.6943734 36.6587194)
1212695401,36.652113,140.6977923,traffic_signals,,4,,POINT (140.6977923 36.652113)
1212695402,36.6480882,140.6952318,,,3,,POINT (140.6952318 36.6480882)
1212695404,36.6671821,140.6895339,,,3,,POINT (140.6895339 36.6671821)
1212695408,36.6662505,140.6881392,,,3,,POINT (140.6881392 36.6662505)
1212695410,36.6519672,140.6983688,,,4,,POINT (140.6983688 36.6519672)
1212695411,36.6509456,140.6985354,,,3,,POINT (140.6985354 36.6509456)
1212695416,36.6526499,140.6999868,,,3,,POINT (140.6999868 36.6526499)
1212695425,36.6521743,140.697543,,,3,,POINT (140.697543 36.6521743)
1212695430,36.6647644,140.6877217,,,4,,POINT (140.6877217 36.6647644)
1212695443,36.6597205,140.6932963,,,3,,POINT (140.6932963 36.6597205)
1212695447,36.6644863,140.6851595,,,3,,POINT (140.6851595 36.6644863)
1212695459,36.6536358,140.6922533,,,3,,POINT (140.6922533 36.6536358)
1212695460,36.6662364,140.6896323,traffic_signals,,4,,POINT (140.6896323 36.6662364)
1212695462,36.669036,140.6872608,,,4,yes,POINT (140.6872608 36.669036)
1212695467,36.666268,140.687365,,,3,,POINT (140.687365 36.666268)
1212695472,36.66718,140.6864547,,,3,,POINT (140.6864547 36.66718)
1212695480,36.6584229,140.6985145,,,3,,POINT (140.6985145 36.6584229)
1212695485,36.6657179,140.6874531,,,3,,POINT (140.6874531 36.6657179)
1212695501,36.6685504,140.6859161,,,3,,POINT (140.6859161 36.6685504)
1212695516,36.67483,140.6929134,,,4,,POINT (140.6929134 36.67483)
1212695517,36.6677129,140.6863309,,,4,,POINT (140.6863309 36.6677129)
1212695520,36.6668809,140.6892268,,,3,,POINT (140.6892268 36.6668809)
1212695526,36.6720986,140.6860658,,,4,,POINT (140.6860658 36.6720986)
1212695537,36.6578937,140.6994473,,,1,,POINT (140.6994473 36.6578937)
1212695549,36.6666082,140.6860889,,,4,,POINT (140.6860889 36.6666082)
1212695567,36.6573947,140.6945907,,,4,,POINT (140.6945907 36.6573947)
1212695568,36.662949,140.6926006,,,4,,POINT (140.6926006 36.662949)
1212695576,36.6533287,140.6986077,traffic_signals,,4,,POINT (140.6986077 36.6533287)
1212695578,36.6594782,140.6959338,,,3,yes,POINT (140.6959338 36.6594782)
1212695588,36.6724233,140.6854174,,,4,,POINT (140.6854174 36.6724233)
1212695590,36.6532617,140.6975779,,,3,,POINT (140.6975779 36.6532617)
1212974758,36.6599473,140.6811147,,,4,yes,POINT (140.6811147 36.6599473)
1212974760,36.6566352,140.6737636,,,4,yes,POINT (140.6737636 36.6566352)
1212974843,36.6493087,140.693257,,,3,,POINT (140.693257 36.6493087)
1212974890,36.660851,140.6736997,,,4,yes,POINT (140.6736997 36.660851)
1212987808,36.6423284,140.6847726,,,3,,POINT (140.6847726 36.6423284)
1212987820,36.6446603,140.6926364,,,3,,POINT (140.6926364 36.6446603)
1212987821,36.6454472,140.6918404,,,3,,POINT (140.6918404 36.6454472)
1212987845,36.6446936,140.6720497,,,3,,POINT (140.6720497 36.6446936)
1212987848,36.643749,140.686763,,,3,,POINT (140.686763 36.643749)
1212987853,36.6422575,140.6836103,,,3,,POINT (140.6836103 36.6422575)
1212987855,36.6418383,140.6776547,,,3,,POINT (140.6776547 36.6418383)
1212987877,36.647198,140.6712291,,,3,,POINT (140.6712291 36.647198)
1212987893,36.6433853,140.6769195,,,3,,POINT (140.6769195 36.6433853)
1212987897,36.6437624,140.6863445,,,3,,POINT (140.6863445 36.6437624)
1212987899,36.6422251,140.6836127,,,3,,POINT (140.6836127 36.6422251)
1212987956,36.6469278,140.6643424,,,1,,POINT (140.6643424 36.6469278)
1212987960,36.6403966,140.6846596,,,3,,POINT (140.6846596 36.6403966)
1212987961,36.6430594,140.6839023,,,4,,POINT (140.6839023 36.6430594)
1212987963,36.6587348,140.6660992,,,3,,POINT (140.6660992 36.6587348)
1212987966,36.6413628,140.6862375,,,3,,POINT (140.6862375 36.6413628)
1212987970,36.6457324,140.6654823,,,3,,POINT (140.6654823 36.6457324)
1212987986,36.6425635,140.6844875,,,4,,POINT (140.6844875 36.6425635)
1212987994,36.6455816,140.6894772,,,3,,POINT (140.6894772 36.6455816)
1212987998,36.6453137,140.6832895,,,1,,POINT (140.6832895 36.6453137)
1212988000,36.6415524,140.6765314,,,3,,POINT (140.6765314 36.6415524)
1212988008,36.6516944,140.6832858,,,3,,POINT (140.6832858 36.6516944)
1212988011,36.6407984,140.6761316,traffic_signals,,3,,POINT (140.6761316 36.6407984)
1212988015,36.6435441,140.6853036,,,4,,POINT (140.6853036 36.6435441)
1212988017,36.6414934,140.6835557,,,3,,POINT (140.6835557 36.6414934)
1212988018,36.6460118,140.6900246,,,3,,POINT (140.6900246 36.6460118)
1212988022,36.64277,140.6862835,,,3,,POINT (140.6862835 36.64277)
1212988034,36.6423964,140.6747707,,,3,,POINT (140.6747707 36.6423964)
1212988044,36.6460065,140.6705821,,,4,,POINT (140.6705821 36.6460065)
1212988049,36.6415151,140.6869905,,,3,,POINT (140.6869905 36.6415151)
1212988054,36.640375,140.6831282,traffic_signals,,4,,POINT (140.6831282 36.640375)
1212988056,36.6432347,140.6841106,,,3,,POINT (140.6841106 36.6432347)
1212988060,36.6446543,140.6721997,,,3,,POINT (140.6721997 36.6446543)
1212988062,36.6452613,140.6720531,,,3,,POINT (140.6720531 36.6452613)
1212988085,36.6422183,140.6860042,,,3,,POINT (140.6860042 36.6422183)
1212988090,36.6452568,140.6833399,,,4,,POINT (140.6833399 36.6452568)
1212988095,36.6420165,140.6845919,,,3,,POINT (140.6845919 36.6420165)
1212988120,36.645338,140.6728436,,,3,yes,POINT (140.6728436 36.645338)
1212988122,36.6411082,140.6762153,,,3,,POINT (140.6762153 36.6411082)
1212988123,36.6472072,140.6790416,,,3,,POINT (140.6790416 36.6472072)
1213756570,36.6757962,140.6810225,,,3,,POINT (140.6810225 36.6757962)
1213756635,36.6975635,140.6712873,,,3,yes,POINT (140.6712873 36.6975635)
1213757374,36.6714106,140.661633,,,1,,POINT (140.661633 36.6714106)
1213757426,36.6826241,140.6804487,,,3,,POINT (140.6804487 36.6826241)
1213757477,36.6740596,140.6659961,,,3,yes,POINT (140.6659961 36.6740596)
1213757513,36.6749517,140.6816151,,,3,,POINT (140.6816151 36.6749517)
1213763962,36.6264407,140.6691978,,,3,yes,POINT (140.6691978 36.6264407)
1213763993,36.6259656,140.6701474,,,3,,POINT (140.6701474 36.6259656)
1213763998,36.6259339,140.6701901,,,4,,POINT (140.6701901 36.6259339)
1213764001,36.6270214,140.6703449,,,3,,POINT (140.6703449 36.6270214)
1213764061,36.6238762,140.6695031,,,3,,POINT (140.6695031 36.6238762)
1213764425,36.623591,140.6695393,,,3,,POINT (140.6695393 36.623591)
1213764612,36.6262011,140.6715791,,,1,,POINT (140.6715791 36.6262011)
1213764668,36.6270237,140.6692,,,3,yes,POINT (140.6692 36.6270237)
1213764690,36.6237049,140.6702065,,,3,,POINT (140.6702065 36.6237049)
1213764877,36.6251022,140.6685767,,,3,,POINT (140.6685767 36.6251022)
1213765098,36.6247194,140.6708353,,,3,,POINT (140.6708353 36.6247194)
1213765150,36.6252406,140.6712037,,,3,,POINT (140.6712037 36.6252406)
1213765194,36.6239263,140.6690606,,,3,,POINT (140.6690606 36.6239263)
1213765906,36.6534994,140.6955363,,,3,,POINT (140.6955363 36.6534994)
1213765942,36.6555176,140.7006323,,,3,,POINT (140.7006323 36.6555176)
1213765948,36.654827,140.6996081,,,4,,POINT (140.6996081 36.654827)
1213765988,36.6544333,140.7005951,,,4,,POINT (140.7005951 36.6544333)
1213766056,36.6503955,140.6968362,,,3,,POINT (140.6968362 36.6503955)
1213766100,36.6531261,140.6960481,,,3,,POINT (140.6960481 36.6531261)
1213766111,36.6518016,140.6989389,,,4,,POINT (140.6989389 36.6518016)
1213766132,36.6528192,140.6996323,,,4,,POINT (140.6996323 36.6528192)
1213766142,36.6527379,140.6964528,,,3,,POINT (140.6964528 36.6527379)
1213766200,36.6536423,140.700021,,,3,,POINT (140.700021 36.6536423)
1213766217,36.653508,140.7002858,,,4,,POINT (140.7002858 36.653508)
1213766224,36.6552826,140.7018418,,,3,,POINT (140.7018418 36.6552826)
1213766256,36.650906,140.6990022,,,3,,POINT (140.6990022 36.650906)
1213766268,36.6542652,140.7009732,,,4,,POINT (140.7009732 36.6542652)
1213766282,36.6540696,140.7013543,,,3,,POINT (140.7013543 36.6540696)
1213776047,36.6598115,140.7037651,,,3,,POINT (140.7037651 36.6598115)
1213776174,36.6589467,140.7077434,,,4,,POINT (140.7077434 36.6589467)
1213776221,36.6595384,140.6985582,,,3,,POINT (140.6985582 36.6595384)
1213776322,36.6669088,140.6999297,,,4,,POINT (140.6999297 36.6669088)
1213776335,36.6596459,140.7013021,,,3,,POINT (140.7013021 36.6596459)
1213776445,36.658847,140.7087771,,,3,yes,POINT (140.7087771 36.658847)
1213784753,36.623883,140.6834159,,,4,,POINT (140.6834159 36.623883)
1213784795,36.6204532,140.6823265,traffic_signals,,3,,POINT (140.6823265 36.6204532)
1213784810,36.6191962,140.6787299,,,3,,POINT (140.6787299 36.6191962)
1213784868,36.6215709,140.6824008,,,3,,POINT (140.6824008 36.6215709)
1213784888,36.6248842,140.6859212,,,3,,POINT (140.6859212 36.6248842)
1213784928,36.6287181,140.6893539,,,3,,POINT (140.6893539 36.6287181)
1213784933,36.6182331,140.6799316,,,3,,POINT (140.6799316 36.6182331)
1213784954,36.6282094,140.6891838,,,3,,POINT (140.6891838 36.6282094)
1213784970,36.6230539,140.6762462,,,4,,POINT (140.6762462 36.6230539)
1213785004,36.6211405,140.6823069,,,3,,POINT (140.6823069 36.6211405)
1213785013,36.6248837,140.6864499,,,3,,POINT (140.6864499 36.6248837)
1213785176,36.6125536,140.6679445,,,4,yes,POINT (140.6679445 36.6125536)
1213785198,36.6246142,140.6849812,,,4,,POINT (140.6849812 36.6246142)
1213785207,36.6261859,140.6877413,,,4,,POINT (140.6877413 36.6261859)
1213785299,36.6249262,140.6870868,,,3,,POINT (140.6870868 36.6249262)
1213785316,36.6227901,140.6704908,,,4,,POINT (140.6704908 36.6227901)
1213785319,36.6196532,140.6770928,,,3,,POINT (140.6770928 36.6196532)
1213803339,36.6377572,140.6832114,traffic_signals,,3,,POINT (140.6832114 36.6377572)
1213803350,36.6386906,140.6779473,,,3,,POINT (140.6779473 36.6386906)
1213803357,36.6351086,140.6779321,,,3,,POINT (140.6779321 36.6351086)
1213803360,36.6390687,140.6834146,,,3,,POINT (140.6834146 36.6390687)
1213803381,36.6383304,140.6840845,,,3,,POINT (140.6840845 36.6383304)
1213803387,36.6368625,140.6778622,,,3,,POINT (140.6778622 36.6368625)
1213803430,36.6397226,140.6861207,,,3,,POINT (140.6861207 36.6397226)
1213803474,36.6374435,140.6778397,traffic_signals,,4,,POINT (140.6778397 36.6374435)
1213803477,36.6391187,140.6819169,,,3,,POINT (140.6819169 36.6391187)
1213803487,36.6396553,140.684596,,,4,,POINT (140.684596 36.6396553)
1213803491,36.6388673,140.6859578,,,4,,POINT (140.6859578 36.6388673)
1213803532,36.6380244,140.6871162,,,3,,POINT (140.6871162 36.6380244)
1213803535,36.6404076,140.6820026,,,3,,POINT (140.6820026 36.6404076)
1213803556,36.6380705,140.6790587,,,3,,POINT (140.6790587 36.6380705)
1213803561,36.6394319,140.6807955,,,3,,POINT (140.6807955 36.6394319)
1213803576,36.6376341,140.6791354,,,3,,POINT (140.6791354 36.6376341)
1213803579,36.6395229,140.6832057,,,3,,POINT (140.6832057 36.6395229)
1213803599,36.6376572,140.6840918,,,3,,POINT (140.6840918 36.6376572)
1213803608,36.6381534,140.6858545,,,4,,POINT (140.6858545 36.6381534)
1213803618,36.638015,140.6872424,,,4,,POINT (140.6872424 36.638015)
1213803631,36.639916,140.6861572,,,3,,POINT (140.6861572 36.639916)
1213803676,36.6399688,140.6794676,,,3,,POINT (140.6794676 36.6399688)
1213803679,36.6390208,140.6842165,,,4,,POINT (140.6842165 36.6390208)
1213803683,36.6374736,140.6857144,,,3,,POINT (140.6857144 36.6374736)
1213803686,36.6385437,140.6818932,,,4,,POINT (140.6818932 36.6385437)
1213803711,36.6398589,140.6752746,traffic_signals,,3,,POINT (140.6752746 36.6398589)
1213803715,36.6383981,140.6833314,,,3,,POINT (140.6833314 36.6383981)
1213803769,36.637886,140.6818509,,,3,,POINT (140.6818509 36.637886)
1213803772,36.6324269,140.677991,,,4,,POINT (140.677991 36.6324269)
1213803781,36.6394205,140.6804133,,,3,,POINT (140.6804133 36.6394205)
1213803811,36.6386376,140.6794168,,,3,,POINT (140.6794168 36.6386376)
1213803824,36.6417361,140.6912373,traffic_signals,,3,,POINT (140.6912373 36.6417361)
1213803875,36.638548,140.6777264,traffic_signals,,4,,POINT (140.6777264 36.638548)
1213803918,36.6404733,140.6800389,,,3,,POINT (140.6800389 36.6404733)
1213956214,36.6024237,140.6547909,,,3,,POINT (140.6547909 36.6024237)
1213956250,36.608336,140.6681852,,,3,,POINT (140.6681852 36.608336)
1213956287,36.5971082,140.6523658,,,3,,POINT (140.6523658 36.5971082)
1213956289,36.5963786,140.6555792,,,4,,POINT (140.6555792 36.5963786)
1213956316,36.6003232,140.6629307,,,4,,POINT (140.6629307 36.6003232)
1213956323,36.5958286,140.6571605,,,1,,POINT (140.6571605 36.5958286)
1213956328,36.6036342,140.659237,,,3,,POINT (140.659237 36.6036342)
1213956330,36.5759119,140.6406722,,,3,,POINT (140.6406722 36.5759119)
1213956347,36.6080466,140.6690063,,,3,,POINT (140.6690063 36.6080466)
1213956373,36.5805583,140.656917,,,3,,POINT (140.656917 36.5805583)
1213956395,36.5906656,140.649208,,,3,,POINT (140.649208 36.5906656)
1213956407,36.6020419,140.6661565,,,3,,POINT (140.6661565 36.6020419)
1213956412,36.6255435,140.6834705,,,3,,POINT (140.6834705 36.6255435)
1213956430,36.6047231,140.6580317,,,3,,POINT (140.6580317 36.6047231)
1213956434,36.5907452,140.6486752,,,3,,POINT (140.6486752 36.5907452)
1213956452,36.6063812,140.6676974,,,3,,POINT (140.6676974 36.6063812)
1213956457,36.5999525,140.6611853,traffic_signals,,4,,POINT (140.6611853 36.5999525)
1213956488,36.5891815,140.6524616,,,3,,POINT (140.6524616 36.5891815)
1213956495,36.6205171,140.666085,,,3,,POINT (140.666085 36.6205171)
1213956505,36.6083887,140.6700785,,,3,,POINT (140.6700785 36.6083887)
1213956514,36.607907,140.6609467,,,3,,POINT (140.6609467 36.607907)
1213956523,36.5940999,140.6503758,,,4,,POINT (140.6503758 36.5940999)
1213956525,36.5959437,140.6548282,,,3,,POINT (140.6548282 36.5959437)
1213956563,36.5926397,140.651031,,,3,,POINT (140.651031 36.5926397)
1213956565,36.5846336,140.6613922,,,3,,POINT (140.6613922 36.5846336)
1213956594,36.5956622,140.6570608,,,3,,POINT (140.6570608 36.5956622)
1213956605,36.6087163,140.6698052,,,4,,POINT (140.6698052 36.6087163)
1213956622,36.5994273,140.6659678,traffic_signals,,4,,POINT (140.6659678 36.5994273)
1213956642,36.6094068,140.6747682,,,3,,POINT (140.6747682 36.6094068)
1213956646,36.5883964,140.6602716,traffic_signals,,3,,POINT (140.6602716 36.5883964)
1213956657,36.5912591,140.6568476,,,4,,POINT (140.6568476 36.5912591)
1213956670,36.6101526,140.67005,,,3,,POINT (140.67005 36.6101526)
1213956676,36.6029081,140.6660403,,,4,,POINT (140.6660403 36.6029081)
1213956680,36.5950797,140.6568674,,,3,,POINT (140.6568674 36.5950797)
1213956698,36.5971462,140.6567892,,,4,,POINT (140.6567892 36.5971462)
1213956727,36.6032172,140.6620435,,,3,,POINT (140.6620435 36.6032172)
1213956731,36.6048714,140.6596508,,,3,,POINT (140.6596508 36.6048714)
1213956753,36.5948412,140.6516361,,,4,,POINT (140.6516361 36.5948412)
1213956811,36.5952506,140.6529097,,,4,,POINT (140.6529097 36.5952506)
1213956815,36.5934291,140.6475573,,,4,,POINT (140.6475573 36.5934291)
1213956821,36.6077925,140.6693411,,,4,,POINT (140.6693411 36.6077925)
1213956828,36.600401,140.6626899,,,3,,POINT (140.6626899 36.600401)
1213956870,36.598298,140.6553862,,,4,,POINT (140.6553862 36.598298)
1213956876,36.5961404,140.6548742,,,3,,POINT (140.6548742 36.5961404)
1213956881,36.6063922,140.6689295,,,4,,POINT (140.6689295 36.6063922)
1213956897,36.5897708,140.65051,,,3,,POINT (140.65051 36.5897708)
1213956907,36.6025964,140.6667818,,,3,,POINT (140.6667818 36.6025964)
1213956926,36.5941899,140.6532914,traffic_signals,,4,,POINT (140.6532914 36.5941899)
1213956959,36.6005181,140.6641189,,,3,,POINT (140.6641189 36.6005181)
1213956962,36.5800087,140.6552572,,,3,,POINT (140.6552572 36.5800087)
1213956976,36.598608,140.6507919,,,3,,POINT (140.6507919 36.598608)
1213956981,36.5963499,140.6544976,,,4,,POINT (140.6544976 36.5963499)
1213957023,36.6064317,140.6740527,,,4,,POINT (140.6740527 36.6064317)
1213957029,36.6328708,140.6857572,traffic_signals,,4,,POINT (140.6857572 36.6328708)
1213957034,36.5916768,140.6572211,traffic_signals,,3,,POINT (140.6572211 36.5916768)
1213957073,36.6022097,140.6656186,,,4,,POINT (140.6656186 36.6022097)
1213957103,36.5981488,140.6528017,,,3,,POINT (140.6528017 36.5981488)
1213957124,36.5886221,140.6525707,,,3,,POINT (140.6525707 36.5886221)
1213957132,36.5947087,140.6593157,,,4,,POINT (140.6593157 36.5947087)
1213957135,36.6009214,140.6597287,,,4,,POINT (140.6597287 36.6009214)
1213957144,36.5924657,140.6513886,,,4,,POINT (140.6513886 36.5924657)
1213957157,36.6006212,140.6591795,,,3,,POINT (140.6591795 36.6006212)
1213957186,36.5893861,140.6589794,,,3,,POINT (140.6589794 36.5893861)
1213957193,36.5897639,140.6531107,,,4,,POINT (140.6531107 36.5897639)
1213957213,36.6044764,140.6603287,,,3,,POINT (140.6603287 36.6044764)
1213957229,36.578823,140.6539303,,,3,,POINT (140.6539303 36.578823)
1213957272,36.6223462,140.6857481,,,3,,POINT (140.6857481 36.6223462)
1213957281,36.5886297,140.6596901,,,3,,POINT (140.6596901 36.5886297)
1213957306,36.5897137,140.6587944,,,3,,POINT (140.6587944 36.5897137)
1213957308,36.6328668,140.6765967,,,4,,POINT (140.6765967 36.6328668)
1213957309,36.5912326,140.6518923,,,4,,POINT (140.6518923 36.5912326)
1213957310,36.5977616,140.6614026,,,4,,POINT (140.6614026 36.5977616)
1213957312,36.6033552,140.6649547,,,4,,POINT (140.6649547 36.6033552)
1213957314,36.5994059,140.6559684,,,3,,POINT (140.6559684 36.5994059)
1213957353,36.6062384,140.6683847,,,3,,POINT (140.6683847 36.6062384)
1213957359,36.5852692,140.6460808,traffic_signals,,3,,POINT (140.6460808 36.5852692)
1213957365,36.5929133,140.650469,,,3,,POINT (140.650469 36.5929133)
1213957373,36.6068449,140.6724792,,,3,,POINT (140.6724792 36.6068449)
1213957390,36.599836,140.6652002,,,3,,POINT (140.6652002 36.599836)
1213957423,36.6100482,140.669018,,,3,,POINT (140.669018 36.6100482)
1213957430,36.5909072,140.6564692,,,3,,POINT (140.6564692 36.5909072)
1213957440,36.5925363,140.6617358,,,3,,POINT (140.6617358 36.5925363)
1213957447,36.5934993,140.6648455,,,3,,POINT (140.6648455 36.5934993)
1213957458,36.5886138,140.6617117,,,3,,POINT (140.6617117 36.5886138)
1213957478,36.6059675,140.6733741,,,3,,POINT (140.6733741 36.6059675)
1213957482,36.6010127,140.6629367,,,4,,POINT (140.6629367 36.6010127)
1213957489,36.5831814,140.6601992,,,3,,POINT (140.6601992 36.5831814)
1213957491,36.6347389,140.6733655,,,3,yes,POINT (140.6733655 36.6347389)
1213957493,36.58874,140.6489363,,,4,,POINT (140.6489363 36.58874)
1213957506,36.6212869,140.6849724,,,3,,POINT (140.6849724 36.6212869)
1213957520,36.6039585,140.6655203,,,1,,POINT (140.6655203 36.6039585)
1213957522,36.5998058,140.6574583,,,3,,POINT (140.6574583 36.5998058)
1213957534,36.5871993,140.6603969,,,3,,POINT (140.6603969 36.5871993)
1213957539,36.5984824,140.6548035,,,3,,POINT (140.6548035 36.5984824)
1213957546,36.6050234,140.6701541,,,3,,POINT (140.6701541 36.6050234)
1213957549,36.5927194,140.6508674,,,3,,POINT (140.6508674 36.5927194)
1213957553,36.5892391,140.653542,,,3,,POINT (140.653542 36.5892391)
1213957558,36.6012861,140.660122,,,4,,POINT (140.660122 36.6012861)
1213957567,36.5750256,140.6409952,,,3,,POINT (140.6409952 36.5750256)
1213957582,36.6021437,140.6609677,,,4,,POINT (140.6609677 36.6021437)
1213957601,36.6098576,140.6699032,,,3,,POINT (140.6699032 36.6098576)
1213957626,36.5829767,140.6427593,traffic_signals,,4,,POINT (140.6427593 36.5829767)
1213957628,36.5922111,140.6539066,,,4,,POINT (140.6539066 36.5922111)
1213957629,36.5726838,140.6389156,,,3,,POINT (140.6389156 36.5726838)
1213957639,36.5971581,140.6497755,,,4,,POINT (140.6497755 36.5971581)
1213957643,36.5994698,140.6523873,,,3,,POINT (140.6523873 36.5994698)
1213957656,36.605002,140.6671585,traffic_signals,,3,,POINT (140.6671585 36.605002)
1213957660,36.6041553,140.662576,,,4,,POINT (140.662576 36.6041553)
1213957719,36.5944144,140.6462592,,,4,,POINT (140.6462592 36.5944144)
1213957722,36.5894226,140.6508128,,,4,,POINT (140.6508128 36.5894226)
1213957726,36.6067541,140.6735595,,,3,,POINT (140.6735595 36.6067541)
1213957729,36.5885516,140.6611421,,,3,,POINT (140.6611421 36.5885516)
1213957744,36.5956348,140.6640449,,,3,,POINT (140.6640449 36.5956348)
1213957748,36.6066729,140.6722604,,,3,,POINT (140.6722604 36.6066729)
1213957756,36.5875073,140.6597943,,,3,,POINT (140.6597943 36.5875073)
1213957766,36.6089465,140.6769186,,,3,,POINT (140.6769186 36.6089465)
1213957771,36.5994207,140.6565184,,,3,,POINT (140.6565184 36.5994207)
1213957780,36.5876824,140.6617738,,,3,,POINT (140.6617738 36.5876824)
1213957782,36.5950501,140.6596355,,,4,,POINT (140.6596355 36.5950501)
1213957792,36.6040097,140.6589033,,,3,,POINT (140.6589033 36.6040097)
1213957794,36.6062623,140.6702286,,,3,,POINT (140.6702286 36.6062623)
1213957800,36.5920489,140.650355,,,4,,POINT (140.650355 36.5920489)
1213957808,36.5974219,140.6516135,,,3,,POINT (140.6516135 36.5974219)
1213957831,36.5953068,140.6504288,,,4,,POINT (140.6504288 36.5953068)
1213957835,36.5961483,140.6553222,,,3,,POINT (140.6553222 36.5961483)
1213957838,36.6006001,140.6528102,,,4,yes,POINT (140.6528102 36.6006001)
1213957862,36.5979443,140.645676,,,3,,POINT (140.645676 36.5979443)
1213957865,36.5893464,140.6522795,,,3,,POINT (140.6522795 36.5893464)
1213957869,36.5754231,140.6517629,,,3,,POINT (140.6517629 36.5754231)
1213957888,36.5842744,140.6450682,,,3,,POINT (140.6450682 36.5842744)
1213957893,36.5950739,140.6587006,,,3,,POINT (140.6587006 36.5950739)
1213957895,36.6004941,140.6603558,,,3,,POINT (140.6603558 36.6004941)
1213957898,36.6025473,140.6585755,,,3,,POINT (140.6585755 36.6025473)
1213957918,36.6055298,140.6732464,traffic_signals,,4,,POINT (140.6732464 36.6055298)
1213957932,36.6059846,140.6604722,,,3,,POINT (140.6604722 36.6059846)
1213957947,36.5938062,140.6507522,,,3,,POINT (140.6507522 36.5938062)
1213957951,36.5882038,140.6625457,,,3,,POINT (140.6625457 36.5882038)
1213957959,36.5940241,140.648163,traffic_signals,,4,,POINT (140.648163 36.5940241)
1213957960,36.57463,140.6350242,,,4,yes,POINT (140.6350242 36.57463)
1213957983,36.5993047,140.6456904,,,4,,POINT (140.6456904 36.5993047)
1213957990,36.6106815,140.6698335,,,3,,POINT (140.6698335 36.6106815)
1213958008,36.5983341,140.66808,,,4,,POINT (140.66808 36.5983341)
1213958024,36.5745941,140.6488346,,,3,,POINT (140.6488346 36.5745941)
1213958049,36.5968927,140.663747,,,3,,POINT (140.663747 36.5968927)
1213958055,36.5954361,140.6513375,,,3,,POINT (140.6513375 36.5954361)
1213958064,36.5929109,140.6567317,,,3,,POINT (140.6567317 36.5929109)
1213958083,36.6094162,140.6740199,,,4,,POINT (140.6740199 36.6094162)
1213958093,36.5934035,140.6613682,,,3,,POINT (140.6613682 36.5934035)
1213958117,36.6074525,140.6706395,,,4,,POINT (140.6706395 36.6074525)
1213958122,36.5892817,140.6585657,,,3,,POINT (140.6585657 36.5892817)
1213958127,36.5870993,140.6609783,,,4,,POINT (140.6609783 36.5870993)
1213958193,36.6094597,140.6706767,,,3,,POINT (140.6706767 36.6094597)
1213958222,36.5759409,140.6389755,,,3,,POINT (140.6389755 36.5759409)
1213958227,36.5994455,140.6638382,,,4,,POINT (140.6638382 36.5994455)
1213958232,36.6018819,140.6666541,,,3,,POINT (140.6666541 36.6018819)
1213958235,36.610264,140.676386,,,3,,POINT (140.676386 36.610264)
1213958240,36.597538,140.6543034,,,3,,POINT (140.6543034 36.597538)
1213958246,36.6008797,140.6577482,traffic_signals,,4,,POINT (140.6577482 36.6008797)
1213958269,36.5914877,140.649892,,,4,,POINT (140.649892 36.5914877)
1213958276,36.5948748,140.6537068,,,4,,POINT (140.6537068 36.5948748)
1213958281,36.5999458,140.6621566,,,3,,POINT (140.6621566 36.5999458)
1213958296,36.5944888,140.6521155,,,3,,POINT (140.6521155 36.5944888)
1213958317,36.5762263,140.6327843,,,3,,POINT (140.6327843 36.5762263)
1213958342,36.590428,140.649618,,,3,,POINT (140.649618 36.590428)
1213958368,36.5931442,140.6548972,traffic_signals,,4,,POINT (140.6548972 36.5931442)
1213958382,36.6089372,140.6734954,,,4,,POINT (140.6734954 36.6089372)
1213958411,36.6049019,140.6627165,,,3,,POINT (140.6627165 36.6049019)
1213958416,36.5944618,140.6581754,,,3,,POINT (140.6581754 36.5944618)
1213958423,36.5986524,140.663364,,,4,,POINT (140.663364 36.5986524)
1213958449,36.5979299,140.6678393,,,3,,POINT (140.6678393 36.5979299)
1213958454,36.5925673,140.6586474,,,3,,POINT (140.6586474 36.5925673)
1213958465,36.597757,140.6551543,traffic_signals,,4,,POINT (140.6551543 36.597757)
1213958469,36.588777,140.6587524,,,4,,POINT (140.6587524 36.588777)
1213958484,36.5894018,140.651493,,,4,,POINT (140.651493 36.5894018)
1213958488,36.6022907,140.6625079,,,1,,POINT (140.6625079 36.6022907)
1213958502,36.5956446,140.6561564,,,3,,POINT (140.6561564 36.5956446)
1213958505,36.5744335,140.6510678,,,3,,POINT (140.6510678 36.5744335)
1213958506,36.5965888,140.6645347,,,3,,POINT (140.6645347 36.5965888)
1213958507,36.6024348,140.6586601,,,3,,POINT (140.6586601 36.6024348)
1213958511,36.5926234,140.6494244,,,4,,POINT (140.6494244 36.5926234)
1213958515,36.5979531,140.6526635,,,3,,POINT (140.6526635 36.5979531)
1213958532,36.5993661,140.6693337,,,4,,POINT (140.6693337 36.5993661)
1213958536,36.5938349,140.6556198,,,3,,POINT (140.6556198 36.5938349)
1213958557,36.6066406,140.6705078,,,4,,POINT (140.6705078 36.6066406)
1213958561,36.6047489,140.6662369,,,3,,POINT (140.6662369 36.6047489)
1213958565,36.5881287,140.6611462,,,3,,POINT (140.6611462 36.5881287)
1213958583,36.6194587,140.6831767,,,3,,POINT (140.6831767 36.6194587)
1213958596,36.601305,140.6665282,,,3,,POINT (140.6665282 36.601305)
1213958614,36.5895693,140.6580756,,,3,,POINT (140.6580756 36.5895693)
1213958615,36.576793,140.6378398,,,4,,POINT (140.6378398 36.576793)
1213958620,36.5905523,140.6513054,,,4,,POINT (140.6513054 36.5905523)
1213958629,36.594608,140.6535628,,,4,,POINT (140.6535628 36.594608)
1213958660,36.595459,140.6577375,,,3,,POINT (140.6577375 36.595459)
1213958663,36.5937587,140.6529866,,,3,,POINT (140.6529866 36.5937587)
1213958672,36.609016,140.6752537,,,3,,POINT (140.6752537 36.609016)
1213958681,36.5947894,140.646589,,,3,,POINT (140.646589 36.5947894)
1213958688,36.6112761,140.6615214,,,3,,POINT (140.6615214 36.6112761)
1213958692,36.6027704,140.657055,,,3,,POINT (140.657055 36.6027704)
1213958697,36.6063789,140.6657111,,,3,,POINT (140.6657111 36.6063789)
1213958718,36.6021241,140.6638118,,,3,,POINT (140.6638118 36.6021241)
1213958739,36.594345,140.6498234,,,4,yes,POINT (140.6498234 36.594345)
1213958753,36.602316,140.6597397,,,3,,POINT (140.6597397 36.602316)
1213958769,36.6003295,140.666342,,,3,,POINT (140.666342 36.6003295)
1213958778,36.5819724,140.6419681,,,4,,POINT (140.6419681 36.5819724)
1213958781,36.5884255,140.6506619,,,3,,POINT (140.6506619 36.5884255)
1213958784,36.6110976,140.6700401,,,3,,POINT (140.6700401 36.6110976)
1213958808,36.5889366,140.6572457,,,3,yes,POINT (140.6572457 36.5889366)
1213958812,36.5933821,140.6515243,,,3,,POINT (140.6515243 36.5933821)
1213958816,36.5993411,140.6477488,traffic_signals,,4,,POINT (140.6477488 36.5993411)
1213958818,36.5762573,140.6405569,,,3,,POINT (140.6405569 36.5762573)
1213958827,36.6264614,140.6829304,,,3,,POINT (140.6829304 36.6264614)
1213958832,36.5956567,140.6506405,,,3,yes,POINT (140.6506405 36.5956567)
1213958855,36.6076227,140.6726846,,,3,,POINT (140.6726846 36.6076227)
1213958858,36.6029064,140.6617069,,,3,,POINT (140.6617069 36.6029064)
1213958860,36.5926908,140.6623279,,,3,,POINT (140.6623279 36.5926908)
1213958862,36.5783363,140.6537144,,,3,,POINT (140.6537144 36.5783363)
1213958874,36.5970442,140.6649155,,,4,,POINT (140.6649155 36.5970442)
1213958899,36.6024239,140.6566317,,,3,,POINT (140.6566317 36.6024239)
1213958932,36.596787,140.6621275,,,3,,POINT (140.6621275 36.596787)
1213958954,36.602863,140.6602154,traffic_signals,,4,,POINT (140.6602154 36.602863)
1213959015,36.5989086,140.6533015,,,3,,POINT (140.6533015 36.5989086)
1213959027,36.605663,140.6587817,,,3,,POINT (140.6587817 36.605663)
1213959056,36.5903731,140.6577777,,,3,,POINT (140.6577777 36.5903731)
1213959059,36.6026994,140.6643707,,,4,,POINT (140.6643707 36.6026994)
1213959088,36.5965518,140.6565286,,,3,,POINT (140.6565286 36.5965518)
1213959092,36.6013727,140.6584292,,,4,,POINT (140.6584292 36.6013727)
1213959104,36.5936633,140.6470138,,,3,,POINT (140.6470138 36.5936633)
1213959114,36.5899423,140.6526952,,,4,,POINT (140.6526952 36.5899423)
1213959118,36.5927525,140.6610305,,,3,,POINT (140.6610305 36.5927525)
1213959139,36.6036387,140.6571496,,,3,,POINT (140.6571496 36.6036387)
1213959169,36.5889385,140.65939,,,3,,POINT (140.65939 36.5889385)
1213959172,36.5910333,140.6522931,,,4,,POINT (140.6522931 36.5910333)
1213959174,36.6094649,140.6691689,,,4,,POINT (140.6691689 36.6094649)
1213959176,36.5985708,140.6564038,,,4,,POINT (140.6564038 36.5985708)
1213959235,36.5851229,140.6461029,,,3,,POINT (140.6461029 36.5851229)
1213959245,36.592042,140.6596253,,,3,,POINT (140.6596253 36.592042)
1213959276,36.6096294,140.6697371,,,3,,POINT (140.6697371 36.6096294)
1213959299,36.5959475,140.6575305,,,3,,POINT (140.6575305 36.5959475)
1213959317,36.5814281,140.6578931,traffic_signals,,3,,POINT (140.6578931 36.5814281)
1213959330,36.598543,140.6530572,,,4,,POINT (140.6530572 36.598543)
1213959351,36.5891106,140.6578972,,,4,,POINT (140.6578972 36.5891106)
1213959364,36.5931806,140.651924,,,3,,POINT (140.651924 36.5931806)
1213959378,36.6109566,140.6774505,,,3,,POINT (140.6774505 36.6109566)
1213959385,36.6037002,140.6502916,,,3,yes,POINT (140.6502916 36.6037002)
1213959429,36.6047919,140.6597473,,,3,,POINT (140.6597473 36.6047919)
1213959433,36.5941265,140.6587703,,,3,,POINT (140.6587703 36.5941265)
1213959436,36.6047886,140.6603408,traffic_signals,,4,,POINT (140.6603408 36.6047886)
1213959440,36.6195799,140.6833591,,,3,,POINT (140.6833591 36.6195799)
1213959452,36.5739997,140.6384821,,,3,,POINT (140.6384821 36.5739997)
1213959456,36.6038756,140.6567602,,,4,,POINT (140.6567602 36.6038756)
1213959464,36.5981615,140.6588033,traffic_signals,,3,,POINT (140.6588033 36.5981615)
1213959491,36.6058752,140.6721933,,,3,,POINT (140.6721933 36.6058752)
1213959496,36.5983087,140.6462022,,,3,,POINT (140.6462022 36.5983087)
1213959514,36.5895077,140.6537249,,,3,,POINT (140.6537249 36.5895077)
1213959515,36.6016047,140.6658547,,,3,,POINT (140.6658547 36.6016047)
1213959554,36.5778642,140.6535136,,,1,,POINT (140.6535136 36.5778642)
1213959557,36.6069829,140.6729837,,,3,,POINT (140.6729837 36.6069829)
1213959568,36.6083926,140.6765146,,,3,,POINT (140.6765146 36.6083926)
1213959576,36.6010949,140.6566095,,,3,,POINT (140.6566095 36.6010949)
1213959587,36.598378,140.6570966,,,3,,POINT (140.6570966 36.598378)
1213959589,36.5799097,140.653499,,,3,,POINT (140.653499 36.5799097)
1213959592,36.5953942,140.657189,,,3,,POINT (140.657189 36.5953942)
1213959597,36.6098925,140.669383,,,4,,POINT (140.669383 36.6098925)
1213959601,36.603652,140.65825,,,4,,POINT (140.65825 36.603652)
1213959607,36.582173,140.6569924,traffic_signals,,3,,POINT (140.6569924 36.582173)
1213959612,36.5864071,140.6606913,,,3,,POINT (140.6606913 36.5864071)
1213959625,36.5980216,140.6644796,,,4,,POINT (140.6644796 36.5980216)
1213959628,36.6025114,140.6634419,,,3,,POINT (140.6634419 36.6025114)
1213959629,36.5924306,140.6621129,,,2,,POINT (140.6621129 36.5924306)
1213959640,36.6183306,140.6809473,,,3,,POINT (140.6809473 36.6183306)
1213959646,36.6266351,140.6823294,,,3,,POINT (140.6823294 36.6266351)
1213959660,36.6069668,140.6717134,,,3,,POINT (140.6717134 36.6069668)
1213959664,36.6066252,140.6744488,,,3,,POINT (140.6744488 36.6066252)
1213959670,36.6007987,140.6635219,,,3,,POINT (140.6635219 36.6007987)
1213959686,36.6089864,140.67026,,,3,,POINT (140.67026 36.6089864)
1213959694,36.6230514,140.6850934,,,3,,POINT (140.6850934 36.6230514)
1213959724,36.6018358,140.6653778,,,3,,POINT (140.6653778 36.6018358)
1213959740,36.6081378,140.672663,,,3,,POINT (140.672663 36.6081378)
1213959744,36.6003669,140.6570542,traffic_signals,,4,,POINT (140.6570542 36.6003669)
1213959755,36.6084456,140.6694372,,,3,,POINT (140.6694372 36.6084456)
1213959780,36.6043432,140.65734,,,3,,POINT (140.65734 36.6043432)
1213959792,36.6039718,140.6550285,,,4,yes,POINT (140.6550285 36.6039718)
1213959814,36.5973556,140.6549825,,,3,,POINT (140.6549825 36.5973556)
1213959831,36.5884644,140.6502,,,3,,POINT (140.6502 36.5884644)
1213959835,36.6010325,140.664872,,,3,,POINT (140.664872 36.6010325)
1213959849,36.5912274,140.6503512,,,4,,POINT (140.6503512 36.5912274)
1213959854,36.6013229,140.6480204,,,3,,POINT (140.6480204 36.6013229)
1213959860,36.5995899,140.6617529,,,4,,POINT (140.6617529 36.5995899)
1213959869,36.6268094,140.6817358,,,3,,POINT (140.6817358 36.6268094)
1213959879,36.5954808,140.6560219,,,3,,POINT (140.6560219 36.5954808)
1213959889,36.5764011,140.6410481,,,3,,POINT (140.6410481 36.5764011)
1213959902,36.6238056,140.668459,,,3,yes,POINT (140.668459 36.6238056)
1213959904,36.6079976,140.6724653,,,3,,POINT (140.6724653 36.6079976)
1213959921,36.6046775,140.6627269,,,3,,POINT (140.6627269 36.6046775)
1213959929,36.5991708,140.6624104,,,4,,POINT (140.6624104 36.5991708)
1213959944,36.5878676,140.6630879,,,3,,POINT (140.6630879 36.5878676)
1213959954,36.6019698,140.6578335,,,4,,POINT (140.6578335 36.6019698)
1213959967,36.5894391,140.6592124,traffic_signals,,4,,POINT (140.6592124 36.5894391)
1213959973,36.5893308,140.6523412,,,3,,POINT (140.6523412 36.5893308)
1213959977,36.5970564,140.6541498,,,3,,POINT (140.6541498 36.5970564)
1213959987,36.5989196,140.6650528,,,4,,POINT (140.6650528 36.5989196)
1213960046,36.5936633,140.6509784,,,3,,POINT (140.6509784 36.5936633)
1213960047,36.5926993,140.6544194,,,4,,POINT (140.6544194 36.5926993)
1213960069,36.5881873,140.6609321,,,3,,POINT (140.6609321 36.5881873)
1213960074,36.5914645,140.6575445,,,3,,POINT (140.6575445 36.5914645)
1213960104,36.6285759,140.6804442,,,3,,POINT (140.6804442 36.6285759)
1213960149,36.6024434,140.6630434,,,4,,POINT (140.6630434 36.6024434)
1213960155,36.6050928,140.6663032,,,3,,POINT (140.6663032 36.6050928)
1213960171,36.5917828,140.6508285,,,4,,POINT (140.6508285 36.5917828)
1213960172,36.5924658,140.6533568,,,4,,POINT (140.6533568 36.5924658)
1213960180,36.5893032,140.6527787,,,3,,POINT (140.6527787 36.5893032)
1213960205,36.5948954,140.6566734,,,4,,POINT (140.6566734 36.5948954)
1213960207,36.5934616,140.6552313,,,4,,POINT (140.6552313 36.5934616)
1213960209,36.5993549,140.6547886,,,3,,POINT (140.6547886 36.5993549)
1213960220,36.5929264,140.6625396,,,3,,POINT (140.6625396 36.5929264)
1213960245,36.5944038,140.6520235,,,3,,POINT (140.6520235 36.5944038)
1213960251,36.6015521,140.6572663,,,4,,POINT (140.6572663 36.6015521)
1213960259,36.6080611,140.6474343,,,4,yes,POINT (140.6474343 36.6080611)
1213960285,36.5917852,140.6494293,,,4,,POINT (140.6494293 36.5917852)
1213960300,36.6082572,140.6685877,,,3,,POINT (140.6685877 36.6082572)
1213960304,36.6199366,140.6838712,,,3,,POINT (140.6838712 36.6199366)
1213960327,36.6303588,140.6778552,,,3,,POINT (140.6778552 36.6303588)
1213960377,36.5993107,140.6462959,,,3,,POINT (140.6462959 36.5993107)
1213960381,36.6029552,140.6646087,,,3,,POINT (140.6646087 36.6029552)
1213960404,36.6068861,140.6730596,,,3,,POINT (140.6730596 36.6068861)
1213960411,36.5727841,140.6350033,,,3,yes,POINT (140.6350033 36.5727841)
1213960416,36.590145,140.6522201,,,4,,POINT (140.6522201 36.590145)
1213960426,36.5930492,140.6611831,,,3,,POINT (140.6611831 36.5930492)
1213960427,36.5823522,140.6464638,,,3,,POINT (140.6464638 36.5823522)
1213960454,36.5806227,140.6527642,traffic_signals,,3,,POINT (140.6527642 36.5806227)
1213960468,36.6075782,140.6696618,,,3,,POINT (140.6696618 36.6075782)
1213960476,36.5876726,140.6612187,,,3,,POINT (140.6612187 36.5876726)
1213960484,36.5975478,140.6516597,,,3,,POINT (140.6516597 36.5975478)
1213960487,36.6026864,140.6633015,,,3,,POINT (140.6633015 36.6026864)
1213960498,36.5958709,140.656351,,,3,,POINT (140.656351 36.5958709)
1213960500,36.6032027,140.6597842,,,3,,POINT (140.6597842 36.6032027)
1213960501,36.6071406,140.6722492,,,3,,POINT (140.6722492 36.6071406)
1213960516,36.5887364,140.6497274,,,3,,POINT (140.6497274 36.5887364)
1213960518,36.6065176,140.6694642,,,3,,POINT (140.6694642 36.6065176)
1213960523,36.5840445,140.6613457,,,4,,POINT (140.6613457 36.5840445)
1213960532,36.6001748,140.6582473,,,3,,POINT (140.6582473 36.6001748)
1213960547,36.5792764,140.6543934,traffic_signals,,4,,POINT (140.6543934 36.5792764)
1213960553,36.5923305,140.6585047,,,4,,POINT (140.6585047 36.5923305)
1213960560,36.6028679,140.6561815,,,3,,POINT (140.6561815 36.6028679)
1213960571,36.5960047,140.6562177,,,3,,POINT (140.6562177 36.5960047)
1213960577,36.5918337,140.6559043,,,4,,POINT (140.6559043 36.5918337)
1213960590,36.5946798,140.6577319,,,4,,POINT (140.6577319 36.5946798)
1213960596,36.5837798,140.6409309,,,4,yes,POINT (140.6409309 36.5837798)
1213960597,36.591404,140.6554873,traffic_signals,,4,,POINT (140.6554873 36.591404)
1213960618,36.6091252,140.6689424,,,4,,POINT (140.6689424 36.6091252)
1213960624,36.5976085,140.6652097,,,3,,POINT (140.6652097 36.5976085)
1213960638,36.6074667,140.6729487,,,3,,POINT (140.6729487 36.6074667)
1213960650,36.5921733,140.6596462,,,3,,POINT (140.6596462 36.5921733)
1213960671,36.5934865,140.6492916,,,4,yes,POINT (140.6492916 36.5934865)
1213960681,36.590049,140.6566393,,,4,yes,POINT (140.6566393 36.590049)
1213960685,36.5910064,140.6483487,,,3,,POINT (140.6483487 36.5910064)
1213960688,36.5928555,140.6541395,,,3,,POINT (140.6541395 36.5928555)
1213960716,36.578966,140.6548004,,,3,,POINT (140.6548004 36.578966)
1213960725,36.6027836,140.6591935,,,4,,POINT (140.6591935 36.6027836)
1213960742,36.5928761,140.6489146,,,4,yes,POINT (140.6489146 36.5928761)
1213960756,36.5886087,140.6581206,,,4,,POINT (140.6581206 36.5886087)
1213960759,36.5963928,140.6612734,,,3,,POINT (140.6612734 36.5963928)
1213960775,36.6100316,140.677406,,,3,,POINT (140.677406 36.6100316)
1213960790,36.5764382,140.6411991,traffic_signals,,3,,POINT (140.6411991 36.5764382)
1213960798,36.614549,140.6624613,,,3,,POINT (140.6624613 36.614549)
1213960807,36.6073772,140.6717536,,,3,,POINT (140.6717536 36.6073772)
1213960839,36.5988928,140.647844,,,3,,POINT (140.647844 36.5988928)
1213960842,36.5969111,140.6528182,,,3,,POINT (140.6528182 36.5969111)
1213960848,36.6017885,140.6615543,,,3,,POINT (140.6615543 36.6017885)
1213960879,36.602423,140.6641203,,,3,,POINT (140.6641203 36.602423)
1213960923,36.5903645,140.6517307,,,4,,POINT (140.6517307 36.5903645)
1213960924,36.5981099,140.6604749,,,4,,POINT (140.6604749 36.5981099)
1213960926,36.6018573,140.659096,traffic_signals,,4,,POINT (140.659096 36.6018573)
1213960928,36.6075398,140.6730362,,,3,,POINT (140.6730362 36.6075398)
1213960952,36.6077137,140.6717925,,,3,,POINT (140.6717925 36.6077137)
1213960984,36.608773,140.6756704,,,3,,POINT (140.6756704 36.608773)
1213960992,36.5761193,140.6324484,,,3,,POINT (140.6324484 36.5761193)
1213961004,36.5954898,140.6569396,,,3,,POINT (140.6569396 36.5954898)
1213961058,36.5822105,140.6447588,,,4,,POINT (140.6447588 36.5822105)
1213961110,36.608446,140.6730346,,,3,,POINT (140.6730346 36.608446)
1213961115,36.5828451,140.6404021,,,3,,POINT (140.6404021 36.5828451)
1213961190,36.598824,140.6555976,traffic_signals,,4,,POINT (140.6555976 36.598824)
1213961195,36.6086661,140.6706,,,3,,POINT (140.6706 36.6086661)
1213961199,36.6010194,140.660854,,,4,,POINT (140.660854 36.6010194)
1213961208,36.5950686,140.6511174,,,4,,POINT (140.6511174 36.5950686)
1213961238,36.5986434,140.6657103,,,3,,POINT (140.6657103 36.5986434)
1213961257,36.6006143,140.6657239,,,3,,POINT (140.6657239 36.6006143)
1213961289,36.5772423,140.641306,,,3,,POINT (140.641306 36.5772423)
1213961299,36.6075021,140.6702282,,,3,,POINT (140.6702282 36.6075021)
1213961305,36.590402,140.6574772,,,4,,POINT (140.6574772 36.590402)
1213961311,36.5973599,140.6624917,,,4,,POINT (140.6624917 36.5973599)
1213961366,36.6010972,140.6626502,,,3,,POINT (140.6626502 36.6010972)
1213961393,36.6063366,140.6700755,,,3,,POINT (140.6700755 36.6063366)
1213961405,36.596783,140.6664699,,,3,,POINT (140.6664699 36.596783)
1213961408,36.5998161,140.6628966,,,3,,POINT (140.6628966 36.5998161)
1213961414,36.603059,140.6637243,,,3,,POINT (140.6637243 36.603059)
1213961448,36.5988579,140.652156,,,4,yes,POINT (140.652156 36.5988579)
1213961453,36.592903,140.6524563,traffic_signals,,4,,POINT (140.6524563 36.592903)
1213961462,36.6031813,140.6558442,,,4,,POINT (140.6558442 36.6031813)
1213961469,36.6065707,140.6710838,,,3,,POINT (140.6710838 36.6065707)
1213961495,36.6102906,140.6695822,,,4,,POINT (140.6695822 36.6102906)
1213961501,36.6055128,140.6659819,,,4,,POINT (140.6659819 36.6055128)
1213961514,36.5930081,140.6538573,,,3,,POINT (140.6538573 36.5930081)
1213961519,36.5774618,140.636126,,,4,yes,POINT (140.636126 36.5774618)
1213961546,36.6070515,140.6705745,,,3,,POINT (140.6705745 36.6070515)
1213961549,36.6003674,140.6644133,,,3,,POINT (140.6644133 36.6003674)
1213961553,36.5923173,140.649881,,,4,,POINT (140.649881 36.5923173)
1213961599,36.5852708,140.661699,,,3,,POINT (140.661699 36.5852708)
1213961610,36.5917501,140.6605712,,,3,,POINT (140.6605712 36.5917501)
1214779585,36.6595212,140.6970349,,,3,,POINT (140.6970349 36.6595212)
1215919490,36.6388353,140.688817,,,3,,POINT (140.688817 36.6388353)
1215919494,36.6376514,140.6898168,,,3,,POINT (140.6898168 36.6376514)
1215919495,36.6317573,140.6899127,,,3,,POINT (140.6899127 36.6317573)
1215919496,36.6389419,140.6885526,,,4,,POINT (140.6885526 36.6389419)
1215919497,36.6379189,140.6898618,,,4,,POINT (140.6898618 36.6379189)
1215919498,36.6389111,140.690257,,,3,,POINT (140.690257 36.6389111)
1215919499,36.6319857,140.6865059,,,3,,POINT (140.6865059 36.6319857)
1215919502,36.6318983,140.6881347,,,3,,POINT (140.6881347 36.6318983)
1215919507,36.6376415,140.6898762,,,3,,POINT (140.6898762 36.6376415)
1215919509,36.63863,140.689512,,,3,,POINT (140.689512 36.63863)
1215919517,36.6334408,140.6882938,,,3,,POINT (140.6882938 36.6334408)
1215919520,36.6379103,140.6902325,,,3,,POINT (140.6902325 36.6379103)
1215919522,36.6317537,140.6902186,,,3,,POINT (140.6902186 36.6317537)
1215919525,36.6343561,140.6864757,,,3,,POINT (140.6864757 36.6343561)
1215919528,36.6378913,140.6906458,,,3,,POINT (140.6906458 36.6378913)
1215919531,36.636115,140.688745,,,4,,POINT (140.688745 36.636115)
1215919532,36.6408824,140.6876776,,,3,,POINT (140.6876776 36.6408824)
1215919533,36.6400491,140.6904601,,,3,,POINT (140.6904601 36.6400491)
1215919536,36.6332966,140.6891472,,,3,,POINT (140.6891472 36.6332966)
1215919541,36.6362911,140.6869658,,,3,,POINT (140.6869658 36.6362911)
1215919547,36.6389355,140.6899166,,,3,,POINT (140.6899166 36.6389355)
1215919551,36.6349381,140.6903098,,,3,,POINT (140.6903098 36.6349381)
1215919554,36.6376363,140.690704,,,3,,POINT (140.690704 36.6376363)
1215919561,36.6394027,140.6888606,,,3,,POINT (140.6888606 36.6394027)
1215919565,36.6380186,140.6884335,,,3,,POINT (140.6884335 36.6380186)
1215919568,36.6327805,140.6857132,,,3,,POINT (140.6857132 36.6327805)
1215919572,36.6317603,140.6895122,,,4,,POINT (140.6895122 36.6317603)
1215919573,36.633937,140.6902752,,,3,,POINT (140.6902752 36.633937)
1215919575,36.6351281,140.688588,,,4,,POINT (140.688588 36.6351281)
1215919576,36.6371196,140.6889062,,,4,,POINT (140.6889062 36.6371196)
1215919577,36.6386176,140.6898915,,,3,,POINT (140.6898915 36.6386176)
1215919578,36.6376862,140.6888195,,,3,,POINT (140.6888195 36.6376862)
1215919584,36.6393979,140.6874393,,,3,,POINT (140.6874393 36.6393979)
1215919586,36.637242,140.6908049,,,3,,POINT (140.6908049 36.637242)
1215919592,36.6399704,140.689875,,,3,,POINT (140.689875 36.6399704)
1215919596,36.634137,140.6884138,,,4,,POINT (140.6884138 36.634137)
1215919597,36.6413944,140.6900646,,,3,,POINT (140.6900646 36.6413944)
1215919600,36.6315867,140.6879871,,,3,,POINT (140.6879871 36.6315867)
1215919616,36.6329217,140.6903558,,,3,,POINT (140.6903558 36.6329217)
1215919620,36.6314217,140.689529,,,4,,POINT (140.689529 36.6314217)
1215919622,36.6382655,140.6884705,,,3,,POINT (140.6884705 36.6382655)
1222164032,36.6752965,140.685169,,,3,,POINT (140.685169 36.6752965)
1222164078,36.6749948,140.6837068,,,3,,POINT (140.6837068 36.6749948)
1222164125,36.6753983,140.6873169,,,4,,POINT (140.6873169 36.6753983)
1222164152,36.6781625,140.6823701,,,3,,POINT (140.6823701 36.6781625)
1222164190,36.6760968,140.686478,,,3,,POINT (140.686478 36.6760968)
1222164213,36.6752367,140.6846514,,,3,,POINT (140.6846514 36.6752367)
1222164290,36.6745611,140.6881982,,,3,,POINT (140.6881982 36.6745611)
1222164291,36.6754756,140.6839322,,,3,,POINT (140.6839322 36.6754756)
1222164304,36.6755519,140.6885435,,,3,,POINT (140.6885435 36.6755519)
1222164341,36.6749085,140.6836746,,,4,,POINT (140.6836746 36.6749085)
1222164352,36.6768456,140.6813855,,,3,,POINT (140.6813855 36.6768456)
1222164375,36.6758493,140.6834223,,,3,,POINT (140.6834223 36.6758493)
1222164379,36.6757419,140.6831446,,,4,,POINT (140.6831446 36.6757419)
1222164382,36.6754192,140.6823989,,,3,,POINT (140.6823989 36.6754192)
1222164427,36.6748687,140.6840059,,,1,,POINT (140.6840059 36.6748687)
1222164438,36.6754614,140.6884171,,,3,,POINT (140.6884171 36.6754614)
1222164462,36.6772694,140.6823349,,,3,,POINT (140.6823349 36.6772694)
1222164464,36.6746127,140.6875223,,,3,,POINT (140.6875223 36.6746127)
1222164467,36.678147,140.6815088,,,3,,POINT (140.6815088 36.678147)
1222164513,36.6746743,140.6861612,,,3,,POINT (140.6861612 36.6746743)
1222164516,36.6746374,140.6872883,,,3,,POINT (140.6872883 36.6746374)
1222164522,36.6749978,140.6872943,,,3,,POINT (140.6872943 36.6749978)
1222164528,36.6756044,140.6861195,,,1,,POINT (140.6861195 36.6756044)
1222164533,36.6770511,140.6819445,,,3,,POINT (140.6819445 36.6770511)
1222164536,36.6749978,140.6830644,,,1,,POINT (140.6830644 36.6749978)
1222164568,36.6760927,140.6878549,,,1,,POINT (140.6878549 36.6760927)
1222164623,36.6784062,140.682088,,,3,,POINT (140.682088 36.6784062)
1222164628,36.6767209,140.6820881,,,1,,POINT (140.6820881 36.6767209)
1222164684,36.676387,140.6859906,,,3,,POINT (140.6859906 36.676387)
1222164686,36.6758895,140.685162,,,3,,POINT (140.685162 36.6758895)
1222164697,36.6749261,140.6884635,,,3,,POINT (140.6884635 36.6749261)
1222164702,36.6755213,140.6869171,,,3,,POINT (140.6869171 36.6755213)
1222164709,36.6740361,140.6832897,,,3,,POINT (140.6832897 36.6740361)
1222225984,36.6646085,140.6821693,,,3,,POINT (140.6821693 36.6646085)
1222225987,36.6775159,140.684053,,,3,,POINT (140.684053 36.6775159)
1222225990,36.665427,140.6852612,,,4,,POINT (140.6852612 36.665427)
1222226001,36.6660976,140.6825093,,,3,,POINT (140.6825093 36.6660976)
1222226012,36.6647029,140.6888794,,,3,,POINT (140.6888794 36.6647029)
1222226026,36.6663278,140.6825174,,,1,,POINT (140.6825174 36.6663278)
1222226027,36.6641125,140.6886768,,,3,,POINT (140.6886768 36.6641125)
1222226029,36.6644586,140.6876924,,,4,,POINT (140.6876924 36.6644586)
1222226031,36.6673654,140.6854723,,,3,,POINT (140.6854723 36.6673654)
1222226033,36.6652521,140.6817567,,,3,,POINT (140.6817567 36.6652521)
1222226045,36.6653783,140.68777,,,3,,POINT (140.68777 36.6653783)
1222226049,36.6651264,140.6851764,,,3,,POINT (140.6851764 36.6651264)
1222226051,36.6646201,140.6865616,,,4,,POINT (140.6865616 36.6646201)
1222226062,36.6790795,140.6808021,,,3,,POINT (140.6808021 36.6790795)
1222226069,36.6685126,140.6845866,,,1,,POINT (140.6845866 36.6685126)
1222226073,36.6748171,140.680377,,,1,,POINT (140.680377 36.6748171)
1222226084,36.6787032,140.6817291,,,3,,POINT (140.6817291 36.6787032)
1222226088,36.6794445,140.6807785,,,3,,POINT (140.6807785 36.6794445)
1222226093,36.6755886,140.6812254,,,3,,POINT (140.6812254 36.6755886)
1222226100,36.670207,140.6719997,,,3,,POINT (140.6719997 36.670207)
1222226102,36.6660573,140.6873262,,,3,,POINT (140.6873262 36.6660573)
1222226110,36.6726376,140.6776312,,,4,,POINT (140.6776312 36.6726376)
1222226115,36.6769243,140.6840866,,,3,,POINT (140.6840866 36.6769243)
1222226118,36.6661063,140.6822384,,,3,,POINT (140.6822384 36.6661063)
1222226120,36.6682823,140.6857347,,,4,,POINT (140.6857347 36.6682823)
1222226122,36.6744457,140.6818501,,,3,,POINT (140.6818501 36.6744457)
1222226124,36.667227,140.6839033,,,4,,POINT (140.6839033 36.667227)
1222226126,36.6683115,140.6845357,,,4,,POINT (140.6845357 36.6683115)
1222226135,36.6669362,140.6840973,,,3,,POINT (140.6840973 36.6669362)
1222226139,36.6789088,140.6814505,,,3,,POINT (140.6814505 36.6789088)
1222226140,36.6783148,140.6812729,,,3,,POINT (140.6812729 36.6783148)
1222226152,36.6650176,140.6859666,,,3,,POINT (140.6859666 36.6650176)
1222226155,36.6655038,140.684309,,,3,,POINT (140.684309 36.6655038)
1222226160,36.6680036,140.6859208,,,3,,POINT (140.6859208 36.6680036)
1222226175,36.6646596,140.6817289,,,3,,POINT (140.6817289 36.6646596)
1222226190,36.6785493,140.6810261,,,3,,POINT (140.6810261 36.6785493)
1222226191,36.6654542,140.6848881,,,3,,POINT (140.6848881 36.6654542)
1222226198,36.677738,140.683093,,,3,,POINT (140.683093 36.677738)
1222226207,36.6670316,140.6852362,,,3,,POINT (140.6852362 36.6670316)
1222226212,36.6767058,140.6840984,,,3,,POINT (140.6840984 36.6767058)
1222226218,36.6641724,140.687672,,,3,,POINT (140.687672 36.6641724)
1222226220,36.6718016,140.6791631,,,3,,POINT (140.6791631 36.6718016)
1222226222,36.666089,140.6851699,,,3,,POINT (140.6851699 36.666089)
1222226237,36.6656275,140.6835325,,,3,,POINT (140.6835325 36.6656275)
1222226239,36.6652185,140.6867023,,,4,,POINT (140.6867023 36.6652185)
1222226241,36.6763039,140.6829181,,,3,,POINT (140.6829181 36.6763039)
1222226251,36.6782288,140.6805513,,,1,,POINT (140.6805513 36.6782288)
1222226258,36.6673146,140.6850287,,,3,,POINT (140.6850287 36.6673146)
1222226261,36.6650791,140.6877443,,,3,,POINT (140.6877443 36.6650791)
1222226265,36.6765974,140.6840994,,,3,,POINT (140.6840994 36.6765974)
1222226273,36.6679637,140.6845468,,,3,,POINT (140.6845468 36.6679637)
1222226288,36.6652384,140.6822006,,,4,,POINT (140.6822006 36.6652384)
1222226289,36.6637876,140.68865,,,3,,POINT (140.68865 36.6637876)
1222226291,36.6687943,140.6853596,,,4,,POINT (140.6853596 36.6687943)
1222226294,36.6731799,140.6813023,,,3,,POINT (140.6813023 36.6731799)
1222226296,36.6642332,140.6872805,,,3,,POINT (140.6872805 36.6642332)
1222226300,36.6643993,140.6887036,,,3,,POINT (140.6887036 36.6643993)
1222226305,36.676751,140.68322,,,1,,POINT (140.68322 36.676751)
1222226310,36.6683711,140.6842057,,,1,,POINT (140.6842057 36.6683711)
1222226312,36.6758336,140.6841273,,,3,,POINT (140.6841273 36.6758336)
1222226321,36.6664132,140.6865315,,,4,,POINT (140.6865315 36.6664132)
1222226324,36.6775029,140.6823181,,,3,,POINT (140.6823181 36.6775029)
1222226325,36.6792214,140.6810173,,,3,,POINT (140.6810173 36.6792214)
1222226340,36.6657066,140.6855978,,,3,,POINT (140.6855978 36.6657066)
1222226341,36.6671067,140.6845838,,,3,,POINT (140.6845838 36.6671067)
1222226349,36.6652691,140.6813034,,,3,,POINT (140.6813034 36.6652691)
1222226350,36.6652318,140.682644,,,3,,POINT (140.682644 36.6652318)
1222226351,36.6655236,140.6867659,,,4,,POINT (140.6867659 36.6655236)
1222226362,36.6649261,140.6866306,,,4,,POINT (140.6866306 36.6649261)
1222230177,36.6652757,140.6847676,,,1,,POINT (140.6847676 36.6652757)
1222230181,36.6647499,140.6879974,,,3,,POINT (140.6879974 36.6647499)
1222230182,36.665276,140.6843057,,,3,,POINT (140.6843057 36.665276)
1222230195,36.6653341,140.6880437,,,3,,POINT (140.6880437 36.6653341)
1222230204,36.6661129,140.6885115,,,3,,POINT (140.6885115 36.6661129)
1222230210,36.6674973,140.689857,,,3,,POINT (140.689857 36.6674973)
1222230213,36.6651723,140.6892972,,,3,,POINT (140.6892972 36.6651723)
1222230238,36.6671715,140.6875184,,,4,,POINT (140.6875184 36.6671715)
1222230245,36.66531,140.688316,,,4,,POINT (140.688316 36.66531)
1222230247,36.6659733,140.6879265,,,3,,POINT (140.6879265 36.6659733)
1222230280,36.666023,140.6887576,,,3,,POINT (140.6887576 36.666023)
1222230283,36.6676087,140.6879066,,,4,,POINT (140.6879066 36.6676087)
1222230292,36.6652979,140.6885737,,,3,,POINT (140.6885737 36.6652979)
1222251476,36.6870317,140.7023691,,,3,,POINT (140.7023691 36.6870317)
1222251527,36.6774816,140.7018252,,,4,yes,POINT (140.7018252 36.6774816)
1222251669,36.6742017,140.6925722,,,3,,POINT (140.6925722 36.6742017)
1222251715,36.6751265,140.6913016,,,3,,POINT (140.6913016 36.6751265)
1222251717,36.6746298,140.6910119,,,3,,POINT (140.6910119 36.6746298)
1222251720,36.6724404,140.6909202,,,3,,POINT (140.6909202 36.6724404)
1222251757,36.6814805,140.7041938,,,4,,POINT (140.7041938 36.6814805)
1222251803,36.6915129,140.6989886,,,3,,POINT (140.6989886 36.6915129)
1222251804,36.6765183,140.7107238,,,3,yes,POINT (140.7107238 36.6765183)
1222251806,36.6888869,140.7014164,,,4,,POINT (140.7014164 36.6888869)
1222263043,36.6637624,140.6895748,,,3,,POINT (140.6895748 36.6637624)
1222263044,36.6707512,140.6869999,,,3,,POINT (140.6869999 36.6707512)
1222263047,36.6620632,140.6895301,,,3,,POINT (140.6895301 36.6620632)
1222263048,36.6720753,140.687065,,,3,,POINT (140.687065 36.6720753)
1222263055,36.6628553,140.6923584,,,3,,POINT (140.6923584 36.6628553)
1222263058,36.669869,140.6873301,,,4,,POINT (140.6873301 36.669869)
1222263070,36.6676725,140.6906659,,,4,,POINT (140.6906659 36.6676725)
1222263073,36.6703625,140.688681,,,4,yes,POINT (140.688681 36.6703625)
1222263075,36.6708652,140.6892229,,,4,,POINT (140.6892229 36.6708652)
1222263078,36.6684585,140.6888449,,,3,,POINT (140.6888449 36.6684585)
1222263083,36.6639872,140.6934658,,,4,,POINT (140.6934658 36.6639872)
1222263085,36.6641751,140.6891552,,,3,,POINT (140.6891552 36.6641751)
1222263086,36.6715719,140.6878467,,,4,,POINT (140.6878467 36.6715719)
1222263089,36.6664003,140.6911339,,,3,,POINT (140.6911339 36.6664003)
1222263093,36.6687135,140.6893663,,,3,,POINT (140.6893663 36.6687135)
1222263097,36.6627219,140.6894481,,,1,,POINT (140.6894481 36.6627219)
1222263112,36.6703744,140.6866316,,,3,,POINT (140.6866316 36.6703744)
1222263115,36.664243,140.6908644,,,3,,POINT (140.6908644 36.664243)
1222263122,36.6606593,140.6927889,,,4,,POINT (140.6927889 36.6606593)
1222263125,36.6634964,140.6899363,,,3,,POINT (140.6899363 36.6634964)
1222263127,36.6630594,140.6895115,,,4,,POINT (140.6895115 36.6630594)
1222263150,36.6641516,140.6896145,,,3,,POINT (140.6896145 36.6641516)
1222263153,36.6639095,140.6906015,,,3,,POINT (140.6906015 36.6639095)
1222263157,36.6630527,140.6898711,,,3,,POINT (140.6898711 36.6630527)
1222263159,36.6643727,140.6902621,,,3,,POINT (140.6902621 36.6643727)
1222263160,36.6727424,140.6874231,,,3,,POINT (140.6874231 36.6727424)
1222263177,36.659871,140.6957168,,,3,,POINT (140.6957168 36.659871)
1222263204,36.6719216,140.6882059,,,3,,POINT (140.6882059 36.6719216)
1222263205,36.6610264,140.6919043,,,3,,POINT (140.6919043 36.6610264)
1222263221,36.6675283,140.6908375,,,1,,POINT (140.6908375 36.6675283)
1222263224,36.6711157,140.6873799,,,4,,POINT (140.6873799 36.6711157)
1222263225,36.6672071,140.6902032,,,3,,POINT (140.6902032 36.6672071)
1222263227,36.669262,140.6899896,,,4,,POINT (140.6899896 36.669262)
1222263229,36.6630892,140.6890606,,,3,,POINT (140.6890606 36.6630892)
1222263240,36.6615996,140.6920439,,,4,,POINT (140.6920439 36.6615996)
1222308116,36.6679913,140.7132739,,,3,,POINT (140.7132739 36.6679913)
1222308130,36.6707553,140.7126546,,,3,,POINT (140.7126546 36.6707553)
1222308226,36.6725852,140.7106711,,,4,,POINT (140.7106711 36.6725852)
1222308230,36.6684963,140.7123408,,,3,,POINT (140.7123408 36.6684963)
1222308348,36.6675543,140.7117468,,,3,,POINT (140.7117468 36.6675543)
1223051296,36.6888791,140.7124662,,,3,yes,POINT (140.7124662 36.6888791)
1223063110,36.6778252,140.6692162,,,3,,POINT (140.6692162 36.6778252)
1223063116,36.6773081,140.6707317,,,3,,POINT (140.6707317 36.6773081)
1223063138,36.677889,140.6705895,,,3,,POINT (140.6705895 36.677889)
1223063149,36.6787183,140.6691386,,,3,,POINT (140.6691386 36.6787183)
1223063151,36.680537,140.667828,,,3,yes,POINT (140.667828 36.680537)
1223063155,36.6752233,140.6717014,,,3,,POINT (140.6717014 36.6752233)
1223063160,36.6787358,140.6696046,,,3,,POINT (140.6696046 36.6787358)
1223063161,36.6788794,140.6682295,,,3,,POINT (140.6682295 36.6788794)
1223063167,36.6778631,140.6701228,,,3,,POINT (140.6701228 36.6778631)
1223063178,36.6777876,140.6683152,,,3,,POINT (140.6683152 36.6777876)
1223063179,36.6786737,140.6686851,,,3,,POINT (140.6686851 36.6786737)
1223063203,36.6778069,140.6687767,,,3,,POINT (140.6687767 36.6778069)
1223063206,36.6778445,140.6696774,,,4,,POINT (140.6696774 36.6778445)
1223063230,36.6787476,140.6700598,,,4,,POINT (140.6700598 36.6787476)
1223063258,36.6776469,140.6706376,,,3,,POINT (140.6706376 36.6776469)
1223175174,36.5650414,140.629348,,,3,,POINT (140.629348 36.5650414)
1223175211,36.5659716,140.6297377,,,3,,POINT (140.6297377 36.5659716)
1223175212,36.5589332,140.6359537,,,3,,POINT (140.6359537 36.5589332)
1223175217,36.5657762,140.6289023,,,4,,POINT (140.6289023 36.5657762)
1223175218,36.5655184,140.6346272,,,1,,POINT (140.6346272 36.5655184)
1223175227,36.5625896,140.6351445,,,3,,POINT (140.6351445 36.5625896)
1223175248,36.5622637,140.6312488,,,3,,POINT (140.6312488 36.5622637)
1223175253,36.5653464,140.6291756,,,3,,POINT (140.6291756 36.5653464)
1223175256,36.5649546,140.6300807,,,3,,POINT (140.6300807 36.5649546)
1223175260,36.5672289,140.6299341,,,1,,POINT (140.6299341 36.5672289)
1223175263,36.5650112,140.6311576,,,3,,POINT (140.6311576 36.5650112)
1223175264,36.5650255,140.6346203,,,3,,POINT (140.6346203 36.5650255)
1223175265,36.5649897,140.62892,,,1,,POINT (140.62892 36.5649897)
1223175282,36.5661371,140.6319034,,,4,,POINT (140.6319034 36.5661371)
1223175283,36.5642921,140.631859,,,3,,POINT (140.631859 36.5642921)
1223175289,36.5655965,140.6300684,,,4,,POINT (140.6300684 36.5655965)
1223175299,36.5628706,140.6305222,,,3,,POINT (140.6305222 36.5628706)
1223175311,36.5628584,140.6304467,,,3,,POINT (140.6304467 36.5628584)
1223175322,36.566268,140.6305588,,,3,,POINT (140.6305588 36.566268)
1223175324,36.5632906,140.6331048,,,3,,POINT (140.6331048 36.5632906)
1223175325,36.5636694,140.6336687,,,3,,POINT (140.6336687 36.5636694)
1223175329,36.563617,140.6317506,,,3,,POINT (140.6317506 36.563617)
1223175332,36.5613327,140.6349036,,,3,,POINT (140.6349036 36.5613327)
1223175336,36.5665128,140.6330513,,,3,,POINT (140.6330513 36.5665128)
1223175337,36.5616619,140.6353694,,,3,,POINT (140.6353694 36.5616619)
1223175338,36.5659463,140.6297917,,,3,,POINT (140.6297917 36.5659463)
1223175339,36.563068,140.6354049,,,3,,POINT (140.6354049 36.563068)
1223175348,36.5631772,140.6301137,,,1,,POINT (140.6301137 36.5631772)
1223175354,36.5656789,140.6304245,,,3,,POINT (140.6304245 36.5656789)
1223175355,36.5650279,140.6294278,,,3,,POINT (140.6294278 36.5650279)
1223175361,36.5663931,140.6308634,,,1,,POINT (140.6308634 36.5663931)
1223175365,36.5637739,140.6337328,,,3,,POINT (140.6337328 36.5637739)
1223175367,36.5660486,140.6338312,,,4,,POINT (140.6338312 36.5660486)
1223175375,36.5621003,140.6349075,,,3,,POINT (140.6349075 36.5621003)
1223175379,36.565421,140.6325969,,,4,,POINT (140.6325969 36.565421)
1223175380,36.5609027,140.6343184,,,3,,POINT (140.6343184 36.5609027)
1223197028,36.6071198,140.666321,,,3,,POINT (140.666321 36.6071198)
1223197034,36.6074942,140.6666888,,,3,,POINT (140.6666888 36.6074942)
1223197037,36.605286,140.6682353,,,3,,POINT (140.6682353 36.605286)
1223197044,36.6038161,140.6637791,,,3,,POINT (140.6637791 36.6038161)
1223197048,36.60598,140.6643493,,,4,,POINT (140.6643493 36.60598)
1223197053,36.6059004,140.6646189,,,3,,POINT (140.6646189 36.6059004)
1223197064,36.5981425,140.6689631,,,3,,POINT (140.6689631 36.5981425)
1223197071,36.5979277,140.6680813,,,1,,POINT (140.6680813 36.5979277)
1223197075,36.599126,140.6661881,,,3,,POINT (140.6661881 36.599126)
1223197076,36.5966407,140.6626634,,,3,,POINT (140.6626634 36.5966407)
1223197080,36.6056359,140.6654111,,,3,,POINT (140.6654111 36.6056359)
1223197096,36.6002915,140.6671607,,,1,,POINT (140.6671607 36.6002915)
1223197104,36.606401,140.6648664,,,3,,POINT (140.6648664 36.606401)
1223197106,36.6061276,140.6689293,,,3,,POINT (140.6689293 36.6061276)
1223197110,36.5982346,140.6693576,,,4,,POINT (140.6693576 36.5982346)
1223197115,36.6037066,140.6629946,,,3,,POINT (140.6629946 36.6037066)
1223197128,36.6052608,140.6697334,,,3,,POINT (140.6697334 36.6052608)
1223197170,36.6067106,140.6700852,,,3,,POINT (140.6700852 36.6067106)
1223197174,36.6018927,140.6637842,,,3,,POINT (140.6637842 36.6018927)
1223197187,36.5983664,140.6665002,,,3,,POINT (140.6665002 36.5983664)
1223197200,36.5999441,140.6677199,,,3,,POINT (140.6677199 36.5999441)
1223197204,36.5989168,140.6705771,,,3,,POINT (140.6705771 36.5989168)
1223197210,36.6045758,140.6638398,,,3,,POINT (140.6638398 36.6045758)
1223197221,36.6065812,140.6671179,,,1,,POINT (140.6671179 36.6065812)
1223197234,36.6069468,140.6661477,,,3,,POINT (140.6661477 36.6069468)
1223197241,36.6070851,140.6673014,,,3,,POINT (140.6673014 36.6070851)
1223197297,36.6052674,140.6689133,,,3,,POINT (140.6689133 36.6052674)
1223197397,36.607708,140.6668991,,,3,,POINT (140.6668991 36.607708)
1223197415,36.5993092,140.6697735,,,3,,POINT (140.6697735 36.5993092)
1223197426,36.6039619,140.6589846,,,3,,POINT (140.6589846 36.6039619)
1223197465,36.5999431,140.6670944,,,3,,POINT (140.6670944 36.5999431)
1223197479,36.5982945,140.6657679,,,3,,POINT (140.6657679 36.5982945)
1223197584,36.6039958,140.6631313,,,3,,POINT (140.6631313 36.6039958)
1223197653,36.6061334,140.6697353,,,3,,POINT (140.6697353 36.6061334)
1223197680,36.6049248,140.6678973,,,3,,POINT (140.6678973 36.6049248)
1223197720,36.6067781,140.6695131,,,3,,POINT (140.6695131 36.6067781)
1223197723,36.5971555,140.6662236,turning_circle,,1,,POINT (140.6662236 36.5971555)
1223197737,36.6040207,140.6630512,,,3,,POINT (140.6630512 36.6040207)
1223197766,36.6060269,140.6682259,,,3,,POINT (140.6682259 36.6060269)
1223197795,36.6040132,140.6687488,,,3,,POINT (140.6687488 36.6040132)
1223197796,36.6063661,140.6596394,,,3,,POINT (140.6596394 36.6063661)
1223197798,36.5993441,140.6663218,,,4,,POINT (140.6663218 36.5993441)
1223197799,36.5971377,140.6630811,,,4,,POINT (140.6630811 36.5971377)
1223197800,36.6000893,140.6671659,,,3,,POINT (140.6671659 36.6000893)
1223197805,36.5987577,140.6709281,,,1,,POINT (140.6709281 36.5987577)
1223197810,36.6038844,140.6635393,,,3,,POINT (140.6635393 36.6038844)
1223197816,36.5967764,140.6661982,,,3,,POINT (140.6661982 36.5967764)
1223197831,36.6062489,140.6654802,,,3,,POINT (140.6654802 36.6062489)
1223197842,36.6061256,140.6700896,,,3,,POINT (140.6700896 36.6061256)
1223197848,36.6060114,140.6655616,,,3,,POINT (140.6655616 36.6060114)
1223197864,36.603287,140.6628216,,,1,,POINT (140.6628216 36.603287)
1223197890,36.606774,140.6668538,,,3,,POINT (140.6668538 36.606774)
1223197891,36.6056736,140.6697343,,,3,,POINT (140.6697343 36.6056736)
1223197911,36.5991839,140.6696755,,,3,,POINT (140.6696755 36.5991839)
1223197920,36.6058713,140.6700781,,,3,,POINT (140.6700781 36.6058713)
1223197922,36.5985716,140.6659024,,,3,,POINT (140.6659024 36.5985716)
1223197924,36.5969524,140.6652045,,,3,,POINT (140.6652045 36.5969524)
1223197934,36.5998754,140.6679849,,,3,,POINT (140.6679849 36.5998754)
1223197937,36.6065557,140.664597,,,3,,POINT (140.664597 36.6065557)
1223197944,36.6050113,140.6636252,,,3,,POINT (140.6636252 36.6050113)
1223197945,36.6058183,140.6712307,,,1,,POINT (140.6712307 36.6058183)
1223197949,36.6004286,140.660454,,,3,,POINT (140.660454 36.6004286)
1223197958,36.6037593,140.6639813,,,3,,POINT (140.6639813 36.6037593)
1223212907,36.6062335,140.653401,,,3,,POINT (140.653401 36.6062335)
1223212947,36.6116213,140.6459632,,,3,,POINT (140.6459632 36.6116213)
1223213004,36.6089216,140.6596296,,,3,,POINT (140.6596296 36.6089216)
1223213027,36.6086276,140.6483311,,,3,,POINT (140.6483311 36.6086276)
1223213035,36.6050624,140.6550945,,,4,,POINT (140.6550945 36.6050624)
1223213044,36.6057806,140.6536881,,,3,,POINT (140.6536881 36.6057806)
1223213048,36.6019817,140.6531411,,,3,,POINT (140.6531411 36.6019817)
1223213055,36.6077874,140.6608089,,,3,,POINT (140.6608089 36.6077874)
1223213075,36.604827,140.6611086,,,3,,POINT (140.6611086 36.604827)
1223213077,36.6059843,140.6542289,,,3,,POINT (140.6542289 36.6059843)
1223213090,36.6070493,140.6543172,,,3,,POINT (140.6543172 36.6070493)
1223213095,36.6062533,140.6546687,,,3,,POINT (140.6546687 36.6062533)
1223213110,36.6064615,140.6549424,,,4,,POINT (140.6549424 36.6064615)
1223213119,36.6100353,140.6525614,,,1,,POINT (140.6525614 36.6100353)
1223213124,36.6073849,140.6550204,,,3,,POINT (140.6550204 36.6073849)
1223213135,36.6099589,140.6522578,,,1,,POINT (140.6522578 36.6099589)
1223213137,36.6074207,140.6526078,,,3,,POINT (140.6526078 36.6074207)
1223213139,36.6018992,140.6533072,,,3,,POINT (140.6533072 36.6018992)
1223213156,36.6094881,140.6507271,traffic_signals,,4,,POINT (140.6507271 36.6094881)
1223213179,36.608649,140.6550221,,,1,,POINT (140.6550221 36.608649)
1223213192,36.6131036,140.6411836,,,3,,POINT (140.6411836 36.6131036)
1223213207,36.6044742,140.6544944,,,4,,POINT (140.6544944 36.6044742)
1223213230,36.6040493,140.6536286,,,4,,POINT (140.6536286 36.6040493)
1223213243,36.6048489,140.655353,,,3,,POINT (140.655353 36.6048489)
1223213251,36.6033184,140.6528351,,,3,,POINT (140.6528351 36.6033184)
1223213374,36.6122046,140.6439033,,,1,,POINT (140.6439033 36.6122046)
1223213454,36.6055643,140.6557872,,,4,,POINT (140.6557872 36.6055643)
1223213456,36.6086536,140.6529852,,,3,,POINT (140.6529852 36.6086536)
1223213463,36.6086265,140.6522031,,,3,,POINT (140.6522031 36.6086265)
1223213491,36.6073069,140.6554199,,,3,,POINT (140.6554199 36.6073069)
1223213525,36.6076805,140.6529268,,,1,,POINT (140.6529268 36.6076805)
1223213529,36.6050903,140.6641904,,,3,,POINT (140.6641904 36.6050903)
1223213591,36.6060183,140.6612872,,,1,,POINT (140.6612872 36.6060183)
1223213597,36.6129831,140.6531898,,,3,,POINT (140.6531898 36.6129831)
1223213617,36.6105898,140.6452709,,,3,,POINT (140.6452709 36.6105898)
1223213657,36.6084222,140.6536718,,,3,,POINT (140.6536718 36.6084222)
1223213683,36.6043773,140.6610493,,,3,,POINT (140.6610493 36.6043773)
1223213692,36.6083808,140.6525951,,,3,,POINT (140.6525951 36.6083808)
1223213710,36.60595,140.6523584,,,1,,POINT (140.6523584 36.60595)
1223213754,36.6028501,140.6520394,,,3,,POINT (140.6520394 36.6028501)
1223213757,36.6088002,140.6537397,,,1,,POINT (140.6537397 36.6088002)
1223213846,36.6081217,140.6529134,,,4,,POINT (140.6529134 36.6081217)
1223213890,36.6088673,140.652568,,,3,,POINT (140.652568 36.6088673)
1223213922,36.6117487,140.6462735,,,3,,POINT (140.6462735 36.6117487)
1223213931,36.609366,140.6505145,,,3,,POINT (140.6505145 36.609366)
1223213984,36.6067878,140.6553827,,,4,,POINT (140.6553827 36.6067878)
1223214030,36.6071415,140.6558363,,,3,,POINT (140.6558363 36.6071415)
1223214044,36.6123638,140.6441584,,,3,,POINT (140.6441584 36.6123638)
1223214087,36.6121022,140.6548147,,,3,,POINT (140.6548147 36.6121022)
1223214106,36.6076186,140.6518974,,,3,,POINT (140.6518974 36.6076186)
1223214112,36.6113824,140.644755,,,1,,POINT (140.644755 36.6113824)
1223214130,36.6083354,140.6543728,,,3,,POINT (140.6543728 36.6083354)
1223214140,36.6030922,140.653994,,,3,,POINT (140.653994 36.6030922)
1223214150,36.6060668,140.6543722,,,4,,POINT (140.6543722 36.6060668)
1223214159,36.6092495,140.6486522,,,3,,POINT (140.6486522 36.6092495)
1223214162,36.6091378,140.6529968,,,3,,POINT (140.6529968 36.6091378)
1223214169,36.6035041,140.6519513,,,3,,POINT (140.6519513 36.6035041)
1223214181,36.6027973,140.6532717,,,3,,POINT (140.6532717 36.6027973)
1223214237,36.6073208,140.6547796,,,3,,POINT (140.6547796 36.6073208)
1223214238,36.604826,140.6612876,,,3,,POINT (140.6612876 36.604826)
1223214249,36.6070782,140.6528613,,,3,,POINT (140.6528613 36.6070782)
1223214259,36.6048707,140.6621636,,,3,,POINT (140.6621636 36.6048707)
1223214297,36.6048755,140.6543392,,,3,,POINT (140.6543392 36.6048755)
1223214300,36.6086454,140.6534454,,,3,,POINT (140.6534454 36.6086454)
1223214314,36.605069,140.6528832,,,3,,POINT (140.6528832 36.605069)
1223214331,36.6074595,140.6535946,,,3,,POINT (140.6535946 36.6074595)
1223214347,36.6053301,140.655447,,,3,,POINT (140.655447 36.6053301)
1223214351,36.6035598,140.6526586,,,3,,POINT (140.6526586 36.6035598)
1223214373,36.6083735,140.6548972,,,3,,POINT (140.6548972 36.6083735)
1223214425,36.6085172,140.6523872,,,3,,POINT (140.6523872 36.6085172)
1223214487,36.6094654,140.6527961,,,1,,POINT (140.6527961 36.6094654)
1223214502,36.6030529,140.6507447,,,3,,POINT (140.6507447 36.6030529)
1223214549,36.6059148,140.6562947,,,3,,POINT (140.6562947 36.6059148)
1223242653,36.6029203,140.6449786,,,3,,POINT (140.6449786 36.6029203)
1223242873,36.5806971,140.6236868,,,3,,POINT (140.6236868 36.5806971)
1223242928,36.5999876,140.650602,,,3,,POINT (140.650602 36.5999876)
1223242961,36.5780485,140.6249213,,,3,,POINT (140.6249213 36.5780485)
1223242973,36.6000664,140.6467739,,,3,,POINT (140.6467739 36.6000664)
1223242993,36.6041722,140.6435967,,,3,,POINT (140.6435967 36.6041722)
1223243016,36.5992305,140.6522945,,,3,,POINT (140.6522945 36.5992305)
1223243049,36.5825345,140.6238961,,,3,,POINT (140.6238961 36.5825345)
1223243051,36.6000535,140.6471264,,,3,,POINT (140.6471264 36.6000535)
1223243056,36.6029999,140.6440253,,,1,,POINT (140.6440253 36.6029999)
1223243066,36.5995459,140.6464207,,,3,,POINT (140.6464207 36.5995459)
1223243087,36.6024919,140.6481227,,,3,,POINT (140.6481227 36.6024919)
1223243224,36.5993077,140.6460752,,,3,,POINT (140.6460752 36.5993077)
1223243257,36.577783,140.6262337,,,3,,POINT (140.6262337 36.577783)
1223243368,36.6029542,140.6506958,,,3,,POINT (140.6506958 36.6029542)
1223243373,36.5817411,140.6235909,,,3,,POINT (140.6235909 36.5817411)
1223243410,36.6045027,140.6424117,,,3,,POINT (140.6424117 36.6045027)
1223243522,36.6024248,140.6457761,,,3,,POINT (140.6457761 36.6024248)
1223243531,36.5811033,140.6270879,,,4,,POINT (140.6270879 36.5811033)
1223243604,36.6024445,140.646302,,,3,,POINT (140.646302 36.6024445)
1223243623,36.6053779,140.6489389,,,3,,POINT (140.6489389 36.6053779)
1223243669,36.5995396,140.6460707,,,3,,POINT (140.6460707 36.5995396)
1223243730,36.5785135,140.6244304,,,3,,POINT (140.6244304 36.5785135)
1223243834,36.6036403,140.6501463,,,3,,POINT (140.6501463 36.6036403)
1223243894,36.6050314,140.6492904,,,4,,POINT (140.6492904 36.6050314)
1223243985,36.5783545,140.6260147,,,4,,POINT (140.6260147 36.5783545)
1223244011,36.5995523,140.6467835,,,3,,POINT (140.6467835 36.5995523)
1223244019,36.5864409,140.6436938,,,4,yes,POINT (140.6436938 36.5864409)
1223244042,36.5819411,140.623591,,,3,,POINT (140.623591 36.5819411)
1223244053,36.6016412,140.6495382,,,4,,POINT (140.6495382 36.6016412)
1223244077,36.6077041,140.6474156,,,3,,POINT (140.6474156 36.6077041)
1223244155,36.6000754,140.6464079,,,3,,POINT (140.6464079 36.6000754)
1223244185,36.6009525,140.6487407,,,3,,POINT (140.6487407 36.6009525)
1223244204,36.5996761,140.6517465,,,3,,POINT (140.6517465 36.5996761)
1223244223,36.6054239,140.6438576,,,3,,POINT (140.6438576 36.6054239)
1223244239,36.5995586,140.6471394,,,4,,POINT (140.6471394 36.5995586)
1223244303,36.607561,140.6468104,,,1,,POINT (140.6468104 36.607561)
1223244321,36.5822359,140.62369,,,3,,POINT (140.62369 36.5822359)
1223244323,36.5993303,140.6471455,,,3,,POINT (140.6471455 36.5993303)
1223244336,36.6013438,140.6431932,,,3,,POINT (140.6431932 36.6013438)
1223580344,36.6699086,140.6847322,,,4,yes,POINT (140.6847322 36.6699086)
1223580368,36.6723057,140.6848541,,,4,,POINT (140.6848541 36.6723057)
1223580386,36.6719363,140.6758466,,,1,,POINT (140.6758466 36.6719363)
1223580397,36.6736206,140.6864021,,,3,,POINT (140.6864021 36.6736206)
1223580402,36.6736446,140.6855649,,,3,,POINT (140.6855649 36.6736446)
1223580426,36.6710791,140.6849896,,,3,,POINT (140.6849896 36.6710791)
1223580444,36.6725351,140.6828856,,,3,,POINT (140.6828856 36.6725351)
1223580492,36.6719408,140.6845505,,,4,,POINT (140.6845505 36.6719408)
1223580497,36.6727689,140.684317,,,1,,POINT (140.684317 36.6727689)
1223580500,36.6728291,140.6833353,,,3,,POINT (140.6833353 36.6728291)
1223580503,36.6729952,140.6800228,,,3,,POINT (140.6800228 36.6729952)
1223580521,36.6726785,140.6864214,,,3,,POINT (140.6864214 36.6726785)
1223580526,36.6720804,140.6828602,,,3,,POINT (140.6828602 36.6720804)
1223580527,36.6737204,140.6849771,,,3,,POINT (140.6849771 36.6737204)
1223580558,36.6729807,140.6805336,,,3,,POINT (140.6805336 36.6729807)
1223580594,36.6709972,140.6829693,,,3,,POINT (140.6829693 36.6709972)
1223580598,36.6743156,140.6823295,,,1,,POINT (140.6823295 36.6743156)
1223580603,36.6722828,140.6802304,,,1,,POINT (140.6802304 36.6722828)
1223593454,36.6268832,140.6549878,,,4,,POINT (140.6549878 36.6268832)
1223593503,36.6193155,140.6647774,traffic_signals,,4,,POINT (140.6647774 36.6193155)
1223593525,36.6284937,140.6626144,traffic_signals,,4,,POINT (140.6626144 36.6284937)
1223606706,36.6294341,140.6665723,,,1,,POINT (140.6665723 36.6294341)
1224371896,36.6756428,140.7079004,,,3,,POINT (140.7079004 36.6756428)
1224371899,36.6719196,140.713216,,,1,,POINT (140.713216 36.6719196)
1224371915,36.6709772,140.7111825,,,3,,POINT (140.7111825 36.6709772)
1224371918,36.6718783,140.7116709,,,3,,POINT (140.7116709 36.6718783)
1224371924,36.6721708,140.7085644,,,3,,POINT (140.7085644 36.6721708)
1224371931,36.6770783,140.7011831,,,3,,POINT (140.7011831 36.6770783)
1224371941,36.6750959,140.7081006,,,3,,POINT (140.7081006 36.6750959)
1224371949,36.6724961,140.7107876,,,3,,POINT (140.7107876 36.6724961)
1224371951,36.6691645,140.7128676,,,3,,POINT (140.7128676 36.6691645)
1224371960,36.6723949,140.7117529,,,1,,POINT (140.7117529 36.6723949)
1224371967,36.6695314,140.7128281,,,3,,POINT (140.7128281 36.6695314)
1224371968,36.6727208,140.7090353,,,3,,POINT (140.7090353 36.6727208)
1224371969,36.6726228,140.7118354,,,3,,POINT (140.7118354 36.6726228)
1224371982,36.669166,140.7127528,,,3,,POINT (140.7127528 36.669166)
1224371995,36.6754941,140.7107174,,,4,,POINT (140.7107174 36.6754941)
1224372089,36.676469,140.7056593,,,1,,POINT (140.7056593 36.676469)
1224372092,36.6766673,140.7071185,,,3,,POINT (140.7071185 36.6766673)
1224372100,36.6717922,140.7096229,,,3,,POINT (140.7096229 36.6717922)
1224372115,36.6719408,140.711758,,,3,,POINT (140.711758 36.6719408)
1224372147,36.6702052,140.7127797,,,3,,POINT (140.7127797 36.6702052)
1224372152,36.6719467,140.7128451,,,4,,POINT (140.7128451 36.6719467)
1224372161,36.6727495,140.7097855,,,3,,POINT (140.7097855 36.6727495)
1225592587,36.6493744,140.6639027,,,1,,POINT (140.6639027 36.6493744)
1225592897,36.6463983,140.6670655,,,3,,POINT (140.6670655 36.6463983)
1225598955,36.6221643,140.679244,,,4,,POINT (140.679244 36.6221643)
1225598956,36.6230205,140.6786827,,,4,,POINT (140.6786827 36.6230205)
1225598977,36.6242385,140.6790802,,,3,,POINT (140.6790802 36.6242385)
1225598981,36.6232279,140.6782658,,,4,,POINT (140.6782658 36.6232279)
1225598990,36.6235071,140.6771951,,,3,,POINT (140.6771951 36.6235071)
1225598991,36.6234361,140.6778839,,,3,,POINT (140.6778839 36.6234361)
1225598992,36.6239882,140.6788907,,,4,,POINT (140.6788907 36.6239882)
1225598994,36.6237168,140.6767933,,,3,,POINT (140.6767933 36.6237168)
1225598995,36.6237742,140.6793304,,,4,,POINT (140.6793304 36.6237742)
1225599003,36.6226459,140.6783917,,,3,,POINT (140.6783917 36.6226459)
1225599009,36.6237236,140.6773479,,,3,,POINT (140.6773479 36.6237236)
1225599011,36.62301,140.6780652,,,3,,POINT (140.6780652 36.62301)
1225615729,36.6592628,140.6841147,,,3,,POINT (140.6841147 36.6592628)
1225615730,36.6574376,140.6858206,,,4,,POINT (140.6858206 36.6574376)
1225615731,36.6564847,140.6859233,,,4,,POINT (140.6859233 36.6564847)
1225615732,36.6602339,140.6865805,,,3,,POINT (140.6865805 36.6602339)
1225615733,36.6608663,140.6850347,,,3,,POINT (140.6850347 36.6608663)
1225615734,36.6603672,140.6831343,,,3,,POINT (140.6831343 36.6603672)
1225615735,36.6603562,140.6850299,,,3,,POINT (140.6850299 36.6603562)
1225615737,36.6581509,140.6844527,,,3,,POINT (140.6844527 36.6581509)
1225615738,36.6557552,140.6887811,,,4,,POINT (140.6887811 36.6557552)
1225615740,36.6615273,140.6880386,,,3,,POINT (140.6880386 36.6615273)
1225615741,36.6603546,140.6843992,,,3,,POINT (140.6843992 36.6603546)
1225615742,36.6608584,140.6880423,,,3,,POINT (140.6880423 36.6608584)
1225615744,36.6582462,140.6849552,,,3,,POINT (140.6849552 36.6582462)
1225615746,36.6565724,140.6872274,,,4,,POINT (140.6872274 36.6565724)
1225615748,36.6593809,140.6873332,,,3,,POINT (140.6873332 36.6593809)
1225615749,36.6573099,140.6886304,,,3,,POINT (140.6886304 36.6573099)
1225615751,36.6603797,140.6827126,,,3,,POINT (140.6827126 36.6603797)
1225615752,36.6608542,140.6869652,,,3,,POINT (140.6869652 36.6608542)
1225615754,36.6608571,140.6873253,,,3,,POINT (140.6873253 36.6608571)
1225615756,36.6568572,140.6861432,,,3,,POINT (140.6861432 36.6568572)
1225615758,36.6564556,140.6888582,,,3,,POINT (140.6888582 36.6564556)
1225615761,36.6573098,140.6877469,,,4,,POINT (140.6877469 36.6573098)
1225615762,36.6570028,140.6846522,,,3,,POINT (140.6846522 36.6570028)
1225615763,36.6569618,140.6872733,,,4,,POINT (140.6872733 36.6569618)
1225615766,36.6582678,140.6863529,,,3,,POINT (140.6863529 36.6582678)
1225615769,36.659263,140.6846045,,,3,,POINT (140.6846045 36.659263)
1225615771,36.6574008,140.6865714,,,3,,POINT (140.6865714 36.6574008)
1225615773,36.6586306,140.6855588,,,3,,POINT (140.6855588 36.6586306)
1225615776,36.6597404,140.687342,,,4,,POINT (140.687342 36.6597404)
1225615778,36.6585189,140.6852715,,,3,,POINT (140.6852715 36.6585189)
1225615779,36.6590488,140.6877448,,,3,,POINT (140.6877448 36.6590488)
1225615780,36.6579787,140.6854829,,,3,,POINT (140.6854829 36.6579787)
1225615782,36.6590755,140.6831481,,,3,,POINT (140.6831481 36.6590755)
1225615783,36.6577939,140.6877348,,,4,,POINT (140.6877348 36.6577939)
1225615790,36.659751,140.6869468,,,3,,POINT (140.6869468 36.659751)
1225615792,36.6585103,140.6866427,,,3,,POINT (140.6866427 36.6585103)
1225615794,36.6602247,140.6887944,,,3,,POINT (140.6887944 36.6602247)
1225615796,36.6608578,140.6876847,,,3,,POINT (140.6876847 36.6608578)
1225615798,36.6597343,140.68804,,,3,,POINT (140.68804 36.6597343)
1225615799,36.6593077,140.6843899,,,3,,POINT (140.6843899 36.6593077)
1225615800,36.6570774,140.6855971,,,3,,POINT (140.6855971 36.6570774)
1225615801,36.6608615,140.6854129,,,3,,POINT (140.6854129 36.6608615)
1225615803,36.6597552,140.6865675,,,3,,POINT (140.6865675 36.6597552)
1225615805,36.6561501,140.6871897,,,4,,POINT (140.6871897 36.6561501)
1225615806,36.6602409,140.6861905,,,3,,POINT (140.6861905 36.6602409)
1225615807,36.6597527,140.6850263,,,3,,POINT (140.6850263 36.6597527)
1225615808,36.6584298,140.6877458,,,3,,POINT (140.6877458 36.6584298)
1225615809,36.660249,140.6857834,,,3,,POINT (140.6857834 36.660249)
1225615812,36.6615373,140.6866047,,,3,,POINT (140.6866047 36.6615373)
1225615813,36.659246,140.6865606,,,3,,POINT (140.6865606 36.659246)
1225615814,36.6572998,140.6837295,,,3,,POINT (140.6837295 36.6572998)
1225615815,36.6597404,140.6876831,,,3,,POINT (140.6876831 36.6597404)
1225615817,36.6578987,140.6847084,,,3,,POINT (140.6847084 36.6578987)
1225615820,36.6590448,140.6850224,,,3,,POINT (140.6850224 36.6590448)
1225615821,36.6608516,140.6865903,,,3,,POINT (140.6865903 36.6608516)
1225615823,36.6591723,140.6836371,,,4,,POINT (140.6836371 36.6591723)
1225615829,36.6602277,140.6880516,,,3,,POINT (140.6880516 36.6602277)
1225615830,36.6560073,140.688438,,,3,,POINT (140.688438 36.6560073)
1225615832,36.6598481,140.6843922,,,3,,POINT (140.6843922 36.6598481)
1225615833,36.6576324,140.6859431,,,3,,POINT (140.6859431 36.6576324)
1225615837,36.6592459,140.6861757,,,4,,POINT (140.6861757 36.6592459)
1225615839,36.6590448,140.6847192,,,3,,POINT (140.6847192 36.6590448)
1225615840,36.6573147,140.6870354,,,3,,POINT (140.6870354 36.6573147)
1225628519,36.6956818,140.7087212,,,3,,POINT (140.7087212 36.6956818)
1225628552,36.6953537,140.7044469,,,3,,POINT (140.7044469 36.6953537)
1225628555,36.6933727,140.7093871,,,3,,POINT (140.7093871 36.6933727)
1225628559,36.6936447,140.7077848,,,3,,POINT (140.7077848 36.6936447)
1225628562,36.694441,140.705668,,,3,,POINT (140.705668 36.694441)
1225628569,36.6958552,140.7062052,,,3,,POINT (140.7062052 36.6958552)
1225628571,36.6939971,140.705297,,,4,,POINT (140.705297 36.6939971)
1225628579,36.6933303,140.7079278,,,4,,POINT (140.7079278 36.6933303)
1225628624,36.6956324,140.7091136,,,3,,POINT (140.7091136 36.6956324)
1225628628,36.6935076,140.7089883,,,4,,POINT (140.7089883 36.6935076)
1225628635,36.6942318,140.709563,,,3,,POINT (140.709563 36.6942318)
1225628653,36.6943806,140.7083392,,,3,,POINT (140.7083392 36.6943806)
1225628656,36.6926695,140.7091852,,,4,,POINT (140.7091852 36.6926695)
1225628674,36.6959224,140.7035716,,,3,,POINT (140.7035716 36.6959224)
1225628693,36.6929562,140.7089706,,,3,,POINT (140.7089706 36.6929562)
1225628707,36.6945812,140.7096316,,,3,,POINT (140.7096316 36.6945812)
1225628713,36.6956555,140.7078896,,,3,,POINT (140.7078896 36.6956555)
1225628759,36.6945507,140.706497,,,3,,POINT (140.706497 36.6945507)
1225628770,36.6942753,140.7091483,,,3,,POINT (140.7091483 36.6942753)
1225628800,36.6932911,140.7098339,,,3,,POINT (140.7098339 36.6932911)
1225628820,36.6940825,140.7057921,,,4,,POINT (140.7057921 36.6940825)
1225628824,36.6962235,140.7062505,,,3,,POINT (140.7062505 36.6962235)
1225628845,36.6953923,140.7049323,,,3,,POINT (140.7049323 36.6953923)
1225628847,36.6947777,140.7074865,,,3,,POINT (140.7074865 36.6947777)
1225628850,36.6955835,140.7095145,,,3,,POINT (140.7095145 36.6955835)
1225628930,36.693629,140.7086216,,,3,,POINT (140.7086216 36.693629)
1225628932,36.6955756,140.7037378,,,3,,POINT (140.7037378 36.6955756)
1225628959,36.6956315,140.704161,,,3,,POINT (140.704161 36.6956315)
1225628961,36.6945254,140.7100571,,,3,,POINT (140.7100571 36.6945254)
1225628971,36.6928739,140.7064472,,,4,,POINT (140.7064472 36.6928739)
1225628988,36.6930334,140.7080979,,,4,,POINT (140.7080979 36.6930334)
1225628994,36.6954445,140.708263,,,3,,POINT (140.708263 36.6954445)
1225628996,36.6940282,140.7082648,,,3,,POINT (140.7082648 36.6940282)
1225629001,36.6943178,140.7087314,,,3,,POINT (140.7087314 36.6943178)
1225629003,36.6955122,140.7060263,,,3,,POINT (140.7060263 36.6955122)
1225629006,36.6946516,140.7070901,,,3,,POINT (140.7070901 36.6946516)
1225629038,36.6939283,140.7048767,,,4,,POINT (140.7048767 36.6939283)
1225629042,36.6947204,140.7085362,,,3,,POINT (140.7085362 36.6947204)
1225629051,36.6946746,140.7089631,,,3,,POINT (140.7089631 36.6946746)
1225629066,36.6961138,140.7084226,,,3,,POINT (140.7084226 36.6961138)
1225629072,36.6957375,140.7083483,,,3,,POINT (140.7083483 36.6957375)
1225629087,36.6948497,140.7080159,,,3,,POINT (140.7080159 36.6948497)
1225629116,36.6931757,140.706618,,,4,,POINT (140.706618 36.6931757)
1225713885,36.6509922,140.6910582,,,3,,POINT (140.6910582 36.6509922)
1225713909,36.6500178,140.693622,,,3,,POINT (140.693622 36.6500178)
1225713956,36.6530144,140.6873385,,,3,,POINT (140.6873385 36.6530144)
1225777640,36.6164163,140.6647509,,,4,,POINT (140.6647509 36.6164163)
1225777673,36.6166687,140.6636587,,,3,,POINT (140.6636587 36.6166687)
1225777679,36.6152265,140.6603884,,,1,,POINT (140.6603884 36.6152265)
1225777703,36.6169707,140.6643139,,,3,,POINT (140.6643139 36.6169707)
1225777708,36.6132489,140.6610118,,,3,,POINT (140.6610118 36.6132489)
1225777757,36.6124017,140.6667245,,,3,,POINT (140.6667245 36.6124017)
1225777775,36.6135514,140.6651474,,,3,,POINT (140.6651474 36.6135514)
1225777779,36.6160729,140.6635335,,,4,,POINT (140.6635335 36.6160729)
1225777781,36.6122158,140.6672006,,,3,,POINT (140.6672006 36.6122158)
1225777834,36.6161231,140.6648948,,,3,,POINT (140.6648948 36.6161231)
1225777850,36.6089528,140.6666064,,,3,,POINT (140.6666064 36.6089528)
1225777868,36.6118749,140.6649528,,,3,,POINT (140.6649528 36.6118749)
1225777871,36.616154,140.663429,,,3,,POINT (140.663429 36.616154)
1225777896,36.6084767,140.6659037,,,3,,POINT (140.6659037 36.6084767)
1225777911,36.6164927,140.6633833,,,3,,POINT (140.6633833 36.6164927)
1225777920,36.6130863,140.6656302,,,3,,POINT (140.6656302 36.6130863)
1225777924,36.6119241,140.6665763,,,3,yes,POINT (140.6665763 36.6119241)
1225777961,36.6089739,140.667712,,,3,,POINT (140.667712 36.6089739)
1225777969,36.6098137,140.6660647,,,3,,POINT (140.6660647 36.6098137)
1225777972,36.6116438,140.6671805,,,1,,POINT (140.6671805 36.6116438)
1225778032,36.6102603,140.6679049,traffic_signals,,3,,POINT (140.6679049 36.6102603)
1225778042,36.6115942,140.6622736,,,3,,POINT (140.6622736 36.6115942)
1225778046,36.6142253,140.6659418,,,3,,POINT (140.6659418 36.6142253)
1225778051,36.6103556,140.667184,,,3,,POINT (140.667184 36.6103556)
1225778134,36.6087422,140.6662689,,,3,,POINT (140.6662689 36.6087422)
1225778156,36.6150902,140.6648194,,,3,,POINT (140.6648194 36.6150902)
1225778168,36.6104352,140.6665869,,,3,,POINT (140.6665869 36.6104352)
1225778200,36.614456,140.6656998,,,3,,POINT (140.6656998 36.614456)
1225778214,36.6138767,140.6598487,,,1,,POINT (140.6598487 36.6138767)
1225778228,36.6133738,140.6670612,,,3,,POINT (140.6670612 36.6133738)
1225778267,36.6091787,140.6669257,,,3,,POINT (140.6669257 36.6091787)
1225778287,36.6172544,140.6631679,,,3,,POINT (140.6631679 36.6172544)
1225778290,36.6168318,140.6639996,,,3,,POINT (140.6639996 36.6168318)
1225778350,36.614542,140.6605012,,,3,,POINT (140.6605012 36.614542)
1225778358,36.6154097,140.6643441,,,3,,POINT (140.6643441 36.6154097)
1225778400,36.6087458,140.6670088,,,1,,POINT (140.6670088 36.6087458)
1225778404,36.6099903,140.6645251,,,1,,POINT (140.6645251 36.6099903)
1225778459,36.6117709,140.6662538,,,3,,POINT (140.6662538 36.6117709)
1225778465,36.615118,140.660652,,,3,,POINT (140.660652 36.615118)
1225778493,36.6089999,140.6642676,,,3,,POINT (140.6642676 36.6089999)
1225778546,36.6113532,140.6658394,,,1,,POINT (140.6658394 36.6113532)
1225778549,36.612978,140.6612255,,,3,,POINT (140.6612255 36.612978)
1225778581,36.613194,140.6645787,,,4,,POINT (140.6645787 36.613194)
1225778600,36.61717,140.6627854,,,4,,POINT (140.6627854 36.61717)
1225778637,36.6090946,140.6627522,,,3,,POINT (140.6627522 36.6090946)
1225778673,36.6166644,140.6623962,,,4,,POINT (140.6623962 36.6166644)
1225778776,36.6127472,140.6673443,,,1,,POINT (140.6673443 36.6127472)
1225778781,36.6132198,140.6653083,,,3,,POINT (140.6653083 36.6132198)
1225778789,36.6151975,140.6620071,,,3,,POINT (140.6620071 36.6151975)
1225778837,36.6130863,140.6648523,,,1,,POINT (140.6648523 36.6130863)
1225778846,36.6126782,140.6595324,,,3,,POINT (140.6595324 36.6126782)
1225778911,36.6107941,140.6665778,,,3,,POINT (140.6665778 36.6107941)
1225778922,36.6170305,140.664458,,,3,,POINT (140.664458 36.6170305)
1225778935,36.6129924,140.6605644,,,3,,POINT (140.6605644 36.6129924)
1225778975,36.610582,140.6637087,,,3,yes,POINT (140.6637087 36.610582)
1225778986,36.6145029,140.6609846,,,3,,POINT (140.6609846 36.6145029)
1225779003,36.6167064,140.6645924,,,3,,POINT (140.6645924 36.6167064)
1225779046,36.6136358,140.6681177,,,3,,POINT (140.6681177 36.6136358)
1225779049,36.6128518,140.6616318,traffic_signals,,3,,POINT (140.6616318 36.6128518)
1225779153,36.6141622,140.6593664,,,3,,POINT (140.6593664 36.6141622)
1225779216,36.613357,140.6671591,,,3,,POINT (140.6671591 36.613357)
1225779274,36.6174701,140.6634574,,,3,,POINT (140.6634574 36.6174701)
1225779288,36.6137193,140.6650293,,,4,,POINT (140.6650293 36.6137193)
1225811381,36.6145546,140.6639833,,,1,,POINT (140.6639833 36.6145546)
1225811394,36.6098259,140.6632856,,,3,,POINT (140.6632856 36.6098259)
1225811414,36.6103492,140.6640933,,,1,,POINT (140.6640933 36.6103492)
1225811416,36.6117321,140.6635365,,,3,,POINT (140.6635365 36.6117321)
1225811419,36.6140616,140.6629855,,,1,,POINT (140.6629855 36.6140616)
1225811436,36.6142629,140.6622996,,,3,,POINT (140.6622996 36.6142629)
1225811441,36.6104841,140.6637427,,,4,,POINT (140.6637427 36.6104841)
1225811443,36.6083884,140.6643534,,,1,,POINT (140.6643534 36.6083884)
1225811460,36.6128107,140.6637935,,,3,,POINT (140.6637935 36.6128107)
1225811470,36.6124878,140.6652761,,,3,,POINT (140.6652761 36.6124878)
1225811471,36.6092453,140.6638599,,,1,,POINT (140.6638599 36.6092453)
1225811521,36.6103791,140.6670045,,,3,,POINT (140.6670045 36.6103791)
1225811523,36.6119457,140.6622402,,,3,,POINT (140.6622402 36.6119457)
1225811527,36.6119555,140.6657353,,,3,,POINT (140.6657353 36.6119555)
1225811550,36.6127892,140.6651152,,,3,,POINT (140.6651152 36.6127892)
1225811565,36.6150627,140.6639618,,,3,,POINT (140.6639618 36.6150627)
1226527256,36.5105441,140.5788933,,,3,,POINT (140.5788933 36.5105441)
1226527990,36.5101745,140.5766585,,,3,,POINT (140.5766585 36.5101745)
1226528821,36.5172195,140.5929311,,,3,,POINT (140.5929311 36.5172195)
1226529029,36.5172742,140.5920611,,,3,,POINT (140.5920611 36.5172742)
1228116720,36.6938878,140.7046261,,,3,,POINT (140.7046261 36.6938878)
1228825894,36.5791509,140.6522405,,,3,,POINT (140.6522405 36.5791509)
1228825922,36.5791896,140.6521972,,,3,,POINT (140.6521972 36.5791896)
1228825974,36.5789265,140.6531994,,,4,,POINT (140.6531994 36.5789265)
1250954556,36.5313577,140.6286074,,,4,,POINT (140.6286074 36.5313577)
1250954561,36.6372766,140.6756579,,,1,,POINT (140.6756579 36.6372766)
1250954576,36.644413,140.6725197,,,4,yes,POINT (140.6725197 36.644413)
1825992332,36.6189197,140.5443343,,,3,,POINT (140.5443343 36.6189197)
1825998370,36.6492652,140.5298629,,,3,,POINT (140.5298629 36.6492652)
1825998377,36.6466237,140.5324258,,,3,,POINT (140.5324258 36.6466237)
1826002012,36.633786,140.5440103,,,3,,POINT (140.5440103 36.633786)
1826002017,36.638988,140.53836,,,3,,POINT (140.53836 36.638988)
1826002109,36.6368727,140.546617,,,3,,POINT (140.546617 36.6368727)
1826002124,36.6340627,140.5467864,traffic_signals,,3,,POINT (140.5467864 36.6340627)
1826017493,36.6409478,140.5471848,,,3,,POINT (140.5471848 36.6409478)
1828240950,36.6431986,140.5628746,,,3,,POINT (140.5628746 36.6431986)
1828240979,36.6431106,140.5657013,,,3,,POINT (140.5657013 36.6431106)
1828244426,36.6273698,140.6076244,,,2,,POINT (140.6076244 36.6273698)
1828244435,36.6276349,140.6072559,,,2,,POINT (140.6072559 36.6276349)
1828244443,36.6380985,140.5827108,,,3,,POINT (140.5827108 36.6380985)
1828244472,36.6387756,140.5763098,,,4,,POINT (140.5763098 36.6387756)
1828244519,36.6419686,140.5848541,,,3,,POINT (140.5848541 36.6419686)
1828244534,36.6387514,140.5925378,,,3,,POINT (140.5925378 36.6387514)
1828250460,36.616975,140.6343828,,,3,,POINT (140.6343828 36.616975)
1847147268,36.6364754,140.5449771,,,3,yes,POINT (140.5449771 36.6364754)
1872431131,36.6482406,140.5884448,,,3,,POINT (140.5884448 36.6482406)
1872431174,36.6313273,140.5718841,,,3,,POINT (140.5718841 36.6313273)
1872431623,36.6477179,140.5872992,,,3,,POINT (140.5872992 36.6477179)
1872451055,36.6718703,140.6107623,,,3,,POINT (140.6107623 36.6718703)
1872451071,36.6638412,140.6042848,,,3,,POINT (140.6042848 36.6638412)
1872451095,36.6555697,140.597472,,,3,,POINT (140.597472 36.6555697)
1872451120,36.678143,140.6161489,,,3,yes,POINT (140.6161489 36.678143)
1872452015,36.6393302,140.5765243,,,4,yes,POINT (140.5765243 36.6393302)
1872459700,36.6793709,140.6192692,,,3,yes,POINT (140.6192692 36.6793709)
1872459711,36.6784934,140.6219699,,,3,,POINT (140.6219699 36.6784934)
1872474128,36.6781074,140.6136777,,,3,,POINT (140.6136777 36.6781074)
1872474176,36.6778588,140.6023035,,,3,,POINT (140.6023035 36.6778588)
1872479933,36.6727632,140.5510468,,,3,yes,POINT (140.5510468 36.6727632)
1947874680,36.5269281,140.6315673,,,3,,POINT (140.6315673 36.5269281)
1947874682,36.5267602,140.6339303,,,3,,POINT (140.6339303 36.5267602)
1947874728,36.5268126,140.631837,,,3,,POINT (140.631837 36.5268126)
1947874730,36.5275722,140.6313154,,,3,,POINT (140.6313154 36.5275722)
1947874733,36.5273509,140.6317859,,,3,,POINT (140.6317859 36.5273509)
2018075071,36.5839248,140.6592309,,,3,,POINT (140.6592309 36.5839248)
2018075073,36.5850135,140.6599995,,,4,,POINT (140.6599995 36.5850135)
2018075950,36.5903891,140.6611822,,,3,,POINT (140.6611822 36.5903891)
2088039355,36.699289,140.6710858,,,3,,POINT (140.6710858 36.699289)
2313695835,36.648875,140.6884393,,,3,,POINT (140.6884393 36.648875)
2313695853,36.6470473,140.6908143,,,3,,POINT (140.6908143 36.6470473)
2313695861,36.6719714,140.7107834,,,3,,POINT (140.7107834 36.6719714)
2313695875,36.6585339,140.7086431,,,3,yes,POINT (140.7086431 36.6585339)
2313695879,36.6442374,140.6883409,,,4,yes,POINT (140.6883409 36.6442374)
2313695884,36.6353136,140.6867796,,,3,,POINT (140.6867796 36.6353136)
2313695899,36.6489594,140.6885154,,,3,,POINT (140.6885154 36.6489594)
2314472879,36.5648941,140.647073,,,3,,POINT (140.647073 36.5648941)
2314472881,36.5670585,140.6487882,,,3,,POINT (140.6487882 36.5670585)
2314472884,36.5663935,140.6482237,,,3,,POINT (140.6482237 36.5663935)
2314472887,36.5688422,140.650084,,,1,,POINT (140.650084 36.5688422)
2347705014,36.4958935,140.5649099,,,1,,POINT (140.5649099 36.4958935)
2347705039,36.4961425,140.5642713,,,1,,POINT (140.5642713 36.4961425)
2347705061,36.4965107,140.5652276,,,3,,POINT (140.5652276 36.4965107)
2347705069,36.4968005,140.565329,,,3,,POINT (140.565329 36.4968005)
2347705076,36.4968036,140.5738636,,,3,,POINT (140.5738636 36.4968036)
2347705088,36.4969872,140.5646142,,,4,,POINT (140.5646142 36.4969872)
2347705090,36.4967067,140.5958767,,,1,,POINT (140.5958767 36.4967067)
2347705145,36.4974581,140.5677214,,,3,,POINT (140.5677214 36.4974581)
2347705149,36.4974417,140.5656054,,,4,,POINT (140.5656054 36.4974417)
2347705186,36.4976923,140.5649264,,,4,,POINT (140.5649264 36.4976923)
2347705268,36.4981138,140.5651093,,,3,,POINT (140.5651093 36.4981138)
2347705313,36.4986705,140.573636,,,1,,POINT (140.573636 36.4986705)
2347705354,36.4989219,140.5640352,,,4,,POINT (140.5640352 36.4989219)
2347705375,36.4990501,140.5664147,,,4,,POINT (140.5664147 36.4990501)
2347705384,36.4990723,140.5656028,,,4,,POINT (140.5656028 36.4990723)
2347705388,36.4990951,140.5651636,,,4,,POINT (140.5651636 36.4990951)
2347705458,36.4999296,140.5704868,,,3,,POINT (140.5704868 36.4999296)
2347705472,36.5001295,140.5636272,,,3,,POINT (140.5636272 36.5001295)
2347705474,36.5000486,140.5669745,,,4,,POINT (140.5669745 36.5000486)
2347705476,36.5000974,140.5661958,,,4,,POINT (140.5661958 36.5000974)
2347705484,36.5001473,140.5652628,,,4,,POINT (140.5652628 36.5001473)
2347705577,36.5014959,140.5742333,traffic_signals,,4,,POINT (140.5742333 36.5014959)
2347705596,36.5017245,140.574106,,,3,,POINT (140.574106 36.5017245)
2347705598,36.5018883,140.5739557,,,3,,POINT (140.5739557 36.5018883)
2347705638,36.5022657,140.5693128,,,3,,POINT (140.5693128 36.5022657)
2347705643,36.502298,140.5685081,,,4,,POINT (140.5685081 36.502298)
2347705648,36.5023228,140.5677825,,,4,,POINT (140.5677825 36.5023228)
2347705664,36.502432,140.5654044,,,3,,POINT (140.5654044 36.502432)
2347705675,36.5024728,140.5746221,,,1,,POINT (140.5746221 36.5024728)
2347705677,36.5024976,140.5626897,,,3,,POINT (140.5626897 36.5024976)
2347705724,36.5026893,140.5639632,,,3,,POINT (140.5639632 36.5026893)
2347705732,36.5033727,140.5686864,,,3,,POINT (140.5686864 36.5033727)
2347705756,36.503264,140.5693228,,,4,,POINT (140.5693228 36.503264)
2347705817,36.5044962,140.570522,,,3,,POINT (140.570522 36.5044962)
2347705840,36.5046786,140.5699189,,,3,,POINT (140.5699189 36.5046786)
2347705897,36.5054811,140.5768324,,,3,,POINT (140.5768324 36.5054811)
2347705949,36.5062835,140.5723989,,,3,,POINT (140.5723989 36.5062835)
2347705958,36.5064744,140.5719952,,,3,,POINT (140.5719952 36.5064744)
2347705964,36.5064666,140.5726552,,,3,,POINT (140.5726552 36.5064666)
2347705974,36.5066714,140.5722233,,,3,,POINT (140.5722233 36.5066714)
2347705983,36.5067523,140.5865057,,,3,,POINT (140.5865057 36.5067523)
2347706022,36.5071622,140.5723932,,,3,,POINT (140.5723932 36.5071622)
2347706032,36.5072709,140.5807354,,,4,,POINT (140.5807354 36.5072709)
2347706047,36.5072404,140.5855074,,,3,,POINT (140.5855074 36.5072404)
2347706049,36.5073271,140.5796993,,,4,,POINT (140.5796993 36.5073271)
2347706074,36.5075007,140.582504,,,3,,POINT (140.582504 36.5075007)
2347706084,36.5075316,140.5765523,,,4,,POINT (140.5765523 36.5075316)
2347706088,36.5075932,140.5757343,,,4,,POINT (140.5757343 36.5075932)
2347706099,36.5077009,140.5832205,,,4,,POINT (140.5832205 36.5077009)
2347706131,36.5083484,140.5832344,,,4,,POINT (140.5832344 36.5083484)
2347706143,36.5086162,140.5849828,,,3,,POINT (140.5849828 36.5086162)
2347706145,36.508721,140.5832401,,,3,,POINT (140.5832401 36.508721)
2347706151,36.5088907,140.5865462,,,3,,POINT (140.5865462 36.5088907)
2347706153,36.5088271,140.5909247,,,1,,POINT (140.5909247 36.5088271)
2347706166,36.5091071,140.592051,,,1,,POINT (140.592051 36.5091071)
2347706304,36.5121682,140.5753547,,,1,,POINT (140.5753547 36.5121682)
2347706318,36.5122555,140.6006027,,,3,,POINT (140.6006027 36.5122555)
2347706326,36.512685,140.5834837,,,3,,POINT (140.5834837 36.512685)
2347706328,36.512772,140.606157,,,1,,POINT (140.606157 36.512772)
2347706413,36.5143735,140.5778293,,,1,,POINT (140.5778293 36.5143735)
2347706423,36.5144188,140.5806571,,,3,,POINT (140.5806571 36.5144188)
2347706683,36.5237166,140.6066943,traffic_signals,,3,,POINT (140.6066943 36.5237166)
2347706685,36.5239742,140.6023807,,,3,,POINT (140.6023807 36.5239742)
2347706738,36.526194,140.6004114,,,1,,POINT (140.6004114 36.526194)
2347707029,36.5368704,140.6083813,,,1,,POINT (140.6083813 36.5368704)
2347707430,36.5465237,140.6049369,,,3,yes,POINT (140.6049369 36.5465237)
2347707819,36.550733,140.614562,,,3,,POINT (140.614562 36.550733)
2347707845,36.5509054,140.6095953,,,3,,POINT (140.6095953 36.5509054)
2347707912,36.5521145,140.6195066,,,3,,POINT (140.6195066 36.5521145)
2347707926,36.5523416,140.6203448,,,3,,POINT (140.6203448 36.5523416)
2347707961,36.5530012,140.6204232,,,3,,POINT (140.6204232 36.5530012)
2347707973,36.5531164,140.6192643,,,4,,POINT (140.6192643 36.5531164)
2347708015,36.5535955,140.6221126,,,3,,POINT (140.6221126 36.5535955)
2347708041,36.5538554,140.6205911,,,3,,POINT (140.6205911 36.5538554)
2347708092,36.5541902,140.6182088,,,3,,POINT (140.6182088 36.5541902)
2347708094,36.5541448,140.592097,,,1,,POINT (140.592097 36.5541448)
2347708110,36.5544243,140.6200798,,,3,,POINT (140.6200798 36.5544243)
2347708197,36.5554466,140.6125115,,,3,,POINT (140.6125115 36.5554466)
2347708314,36.556422,140.597397,,,3,,POINT (140.597397 36.556422)
2347708393,36.5573259,140.6126428,,,3,,POINT (140.6126428 36.5573259)
2347708400,36.5573532,140.6141359,,,4,,POINT (140.6141359 36.5573532)
2347708430,36.5577339,140.6155685,,,3,,POINT (140.6155685 36.5577339)
2347708443,36.5578396,140.6115457,,,3,,POINT (140.6115457 36.5578396)
2347708446,36.557883,140.6130555,,,4,,POINT (140.6130555 36.557883)
2347708454,36.558,140.6149892,,,3,,POINT (140.6149892 36.558)
2347708466,36.5581568,140.6132582,,,3,,POINT (140.6132582 36.5581568)
2347708468,36.558012,140.592908,,,1,,POINT (140.592908 36.558012)
2347708486,36.5580126,140.6111678,,,1,,POINT (140.6111678 36.5580126)
2347708489,36.5581279,140.6147104,,,3,,POINT (140.6147104 36.5581279)
2347708512,36.5584976,140.6117847,,,4,,POINT (140.6117847 36.5584976)
2347708516,36.5583047,140.6110377,,,3,,POINT (140.6110377 36.5583047)
2347708517,36.5584114,140.6119755,,,4,,POINT (140.6119755 36.5584114)
2347708519,36.5583585,140.6143732,,,4,,POINT (140.6143732 36.5583585)
2347708525,36.5584567,140.6152564,,,3,,POINT (140.6152564 36.5584567)
2347708541,36.5586514,140.6108366,,,3,,POINT (140.6108366 36.5586514)
2347708543,36.5587044,140.61367,,,4,,POINT (140.61367 36.5587044)
2347708561,36.5588486,140.6165511,,,3,,POINT (140.6165511 36.5588486)
2347708571,36.5589295,140.6124292,,,3,,POINT (140.6124292 36.5589295)
2347708573,36.5589194,140.6147781,,,3,,POINT (140.6147781 36.5589194)
2347708579,36.5589538,140.6103696,,,3,,POINT (140.6103696 36.5589538)
2347708619,36.5589835,140.6138665,,,3,,POINT (140.6138665 36.5589835)
2347708620,36.5590507,140.6110964,,,3,,POINT (140.6110964 36.5590507)
2347708646,36.5590308,140.6107279,,,3,,POINT (140.6107279 36.5590308)
2347708676,36.559286,140.6108223,,,3,,POINT (140.6108223 36.559286)
2347708755,36.5595185,140.6099312,,,3,,POINT (140.6099312 36.5595185)
2347708769,36.559656,140.6096158,,,3,,POINT (140.6096158 36.559656)
2347708813,36.5595636,140.6087399,,,1,,POINT (140.6087399 36.5595636)
2347708823,36.560328,140.6103238,,,3,,POINT (140.6103238 36.560328)
2347708858,36.559941,140.6169093,,,3,,POINT (140.6169093 36.559941)
2347708880,36.5599927,140.6107711,,,1,,POINT (140.6107711 36.5599927)
2347708958,36.5601814,140.6186899,,,3,,POINT (140.6186899 36.5601814)
2347709012,36.5602785,140.6124704,,,3,,POINT (140.6124704 36.5602785)
2347709015,36.5604041,140.6099075,,,3,,POINT (140.6099075 36.5604041)
2347709078,36.56042,140.6136336,,,3,,POINT (140.6136336 36.56042)
2347709103,36.5605732,140.6123717,,,4,,POINT (140.6123717 36.5605732)
2347709158,36.5604313,140.6103534,,,3,,POINT (140.6103534 36.5604313)
2347709217,36.5610745,140.6115102,,,3,,POINT (140.6115102 36.5610745)
2347709558,36.563776,140.610372,,,1,,POINT (140.610372 36.563776)
2347710941,36.5732873,140.6259741,,,3,,POINT (140.6259741 36.5732873)
2347710965,36.573613,140.6257674,,,1,,POINT (140.6257674 36.573613)
2347711335,36.5751107,140.6121491,,,1,,POINT (140.6121491 36.5751107)
2347711440,36.5761051,140.616943,,,3,,POINT (140.616943 36.5761051)
2347711818,36.5787498,140.634645,,,1,,POINT (140.634645 36.5787498)
2347712078,36.5805991,140.5973869,,,3,,POINT (140.5973869 36.5805991)
2347712549,36.5856363,140.6317749,,,1,,POINT (140.6317749 36.5856363)
2347712951,36.5882812,140.63117,,,1,,POINT (140.63117 36.5882812)
2347712973,36.588426,140.637252,,,1,,POINT (140.637252 36.588426)
2347713130,36.5892833,140.6373354,,,3,,POINT (140.6373354 36.5892833)
2347713199,36.589779,140.634916,,,4,,POINT (140.634916 36.589779)
2347713356,36.5908957,140.6373764,,,3,,POINT (140.6373764 36.5908957)
2347713430,36.591857,140.636755,,,1,,POINT (140.636755 36.591857)
2347713518,36.593074,140.6429888,,,3,,POINT (140.6429888 36.593074)
2347713653,36.5936515,140.6231451,,,1,,POINT (140.6231451 36.5936515)
2347713703,36.59385,140.628059,,,1,,POINT (140.628059 36.59385)
2347713957,36.5944856,140.6426088,,,3,,POINT (140.6426088 36.5944856)
2347714033,36.5946477,140.6444636,,,3,,POINT (140.6444636 36.5946477)
2347714086,36.594912,140.643174,,,3,,POINT (140.643174 36.594912)
2347714125,36.5948919,140.6382577,,,1,,POINT (140.6382577 36.5948919)
2347714128,36.5950189,140.6447853,,,3,,POINT (140.6447853 36.5950189)
2347714284,36.595577,140.6448179,,,3,,POINT (140.6448179 36.595577)
2347714393,36.5959902,140.6446361,,,3,,POINT (140.6446361 36.5959902)
2347714462,36.596213,140.616234,,,3,,POINT (140.616234 36.596213)
2347714466,36.5962035,140.6436235,,,3,,POINT (140.6436235 36.5962035)
2347714529,36.596536,140.642874,,,3,,POINT (140.642874 36.596536)
2347714585,36.5969416,140.6298655,,,1,,POINT (140.6298655 36.5969416)
2347714605,36.597029,140.61542,,,1,,POINT (140.61542 36.597029)
2347714640,36.5974197,140.6445763,,,3,,POINT (140.6445763 36.5974197)
2347714659,36.5963916,140.6431263,,,3,,POINT (140.6431263 36.5963916)
2347714675,36.5974948,140.6447946,,,1,,POINT (140.6447946 36.5974948)
2347714750,36.5975537,140.6401985,,,1,,POINT (140.6401985 36.5975537)
2347714815,36.5978015,140.6421129,,,3,,POINT (140.6421129 36.5978015)
2347714825,36.5978602,140.6417551,,,3,,POINT (140.6417551 36.5978602)
2347715487,36.6005477,140.6387616,,,3,,POINT (140.6387616 36.6005477)
2347715634,36.6013267,140.6434496,,,3,,POINT (140.6434496 36.6013267)
2347715644,36.6015347,140.6448131,,,3,,POINT (140.6448131 36.6015347)
2347715646,36.6015787,140.6433435,,,3,,POINT (140.6433435 36.6015787)
2347715750,36.6034066,140.6371144,,,3,,POINT (140.6371144 36.6034066)
2347715804,36.6025473,140.6454744,,,3,,POINT (140.6454744 36.6025473)
2347717115,36.609526,140.590121,,,3,,POINT (140.590121 36.609526)
2347718385,36.6165969,140.6363948,,,3,,POINT (140.6363948 36.6165969)
2347718502,36.6170218,140.5427334,,,3,,POINT (140.5427334 36.6170218)
2347718524,36.617154,140.541886,,,1,,POINT (140.541886 36.617154)
2347718586,36.6178972,140.6703697,,,3,,POINT (140.6703697 36.6178972)
2347718679,36.6178431,140.632257,,,3,,POINT (140.632257 36.6178431)
2347718811,36.6186927,140.5438854,,,3,,POINT (140.5438854 36.6186927)
2347719343,36.6211946,140.5884335,,,1,,POINT (140.5884335 36.6211946)
2347719422,36.6211178,140.6734816,,,1,,POINT (140.6734816 36.6211178)
2347719522,36.6215776,140.6747326,,,3,,POINT (140.6747326 36.6215776)
2347719749,36.622062,140.546847,,,1,,POINT (140.546847 36.622062)
2347719788,36.6221486,140.5466377,,,3,,POINT (140.5466377 36.6221486)
2347720086,36.6230441,140.6120984,,,3,,POINT (140.6120984 36.6230441)
2347720178,36.6234379,140.5511859,,,1,,POINT (140.5511859 36.6234379)
2347720250,36.623553,140.596632,,,1,,POINT (140.596632 36.623553)
2347720358,36.6239347,140.5501492,,,3,,POINT (140.5501492 36.6239347)
2347720474,36.6240468,140.5488685,,,3,,POINT (140.5488685 36.6240468)
2347720655,36.624812,140.595081,,,1,,POINT (140.595081 36.624812)
2347721647,36.6264064,140.6091264,,,3,,POINT (140.6091264 36.6264064)
2347723249,36.628296,140.613846,,,3,,POINT (140.613846 36.628296)
2347723839,36.6288919,140.655416,,,1,,POINT (140.655416 36.6288919)
2347724359,36.629644,140.612002,,,1,,POINT (140.612002 36.629644)
2347724985,36.6302259,140.5522452,,,3,,POINT (140.5522452 36.6302259)
2347725064,36.630437,140.614939,,,1,,POINT (140.614939 36.630437)
2347725804,36.6321183,140.5489871,,,4,,POINT (140.5489871 36.6321183)
2347726296,36.6331704,140.5386563,,,3,,POINT (140.5386563 36.6331704)
2347726649,36.633716,140.5382263,,,3,,POINT (140.5382263 36.633716)
2347726798,36.634091,140.537853,,,3,,POINT (140.537853 36.634091)
2347727045,36.6347329,140.5417374,,,3,,POINT (140.5417374 36.6347329)
2347727696,36.6357829,140.5359178,,,3,,POINT (140.5359178 36.6357829)
2347728224,36.6366924,140.5444026,,,3,,POINT (140.5444026 36.6366924)
2347728316,36.6371021,140.545748,,,3,,POINT (140.545748 36.6371021)
2347728414,36.6373333,140.66677,,,1,,POINT (140.66677 36.6373333)
2347728586,36.637458,140.667563,,,3,,POINT (140.667563 36.637458)
2347729174,36.6382286,140.6678883,,,3,,POINT (140.6678883 36.6382286)
2347729233,36.638298,140.55419,,,1,,POINT (140.55419 36.638298)
2347729305,36.6385625,140.5442562,,,1,,POINT (140.5442562 36.6385625)
2347729580,36.63907,140.669812,,,1,,POINT (140.669812 36.63907)
2347729820,36.6394602,140.5339901,,,3,,POINT (140.5339901 36.6394602)
2347729827,36.6395499,140.5757957,,,3,,POINT (140.5757957 36.6395499)
2347730670,36.640755,140.536463,,,3,,POINT (140.536463 36.640755)
2347730831,36.6410375,140.5895681,,,3,,POINT (140.5895681 36.6410375)
2347730970,36.641385,140.560907,,,1,,POINT (140.560907 36.641385)
2347731166,36.6416738,140.5858811,,,3,,POINT (140.5858811 36.6416738)
2347731517,36.642414,140.585636,,,3,,POINT (140.585636 36.642414)
2347731590,36.642596,140.530348,,,3,,POINT (140.530348 36.642596)
2347731609,36.6426168,140.5596697,,,3,,POINT (140.5596697 36.6426168)
2347731699,36.642794,140.590741,,,1,,POINT (140.590741 36.642794)
2347731867,36.6430539,140.5480327,,,3,,POINT (140.5480327 36.6430539)
2347732117,36.6434685,140.5346335,,,3,,POINT (140.5346335 36.6434685)
2347732176,36.6437451,140.5502103,,,3,,POINT (140.5502103 36.6437451)
2347732370,36.6436936,140.5639561,,,3,,POINT (140.5639561 36.6436936)
2347732518,36.643833,140.662225,,,1,,POINT (140.662225 36.643833)
2347733456,36.6448302,140.5338412,,,3,,POINT (140.5338412 36.6448302)
2347733699,36.645043,140.529921,,,3,,POINT (140.529921 36.645043)
2347734050,36.6454752,140.5333483,,,4,,POINT (140.5333483 36.6454752)
2347734221,36.645629,140.530313,,,3,,POINT (140.530313 36.645629)
2347734482,36.646009,140.527183,,,3,,POINT (140.527183 36.646009)
2347734692,36.646361,140.528481,,,4,,POINT (140.528481 36.646361)
2347734926,36.646846,140.52693,,,3,,POINT (140.52693 36.646846)
2347735056,36.6471147,140.5334163,,,3,,POINT (140.5334163 36.6471147)
2347735113,36.6471792,140.5319807,,,4,,POINT (140.5319807 36.6471792)
2347735134,36.6467885,140.5328943,,,3,,POINT (140.5328943 36.6467885)
2347735276,36.6474059,140.5325581,,,3,,POINT (140.5325581 36.6474059)
2347735396,36.647563,140.575007,,,1,,POINT (140.575007 36.647563)
2347735961,36.6486479,140.5302934,,,3,,POINT (140.5302934 36.6486479)
2347736385,36.649459,140.588144,,,3,,POINT (140.588144 36.649459)
2347736471,36.6502757,140.5290331,,,3,,POINT (140.5290331 36.6502757)
2347736876,36.651069,140.561298,,,3,,POINT (140.561298 36.651069)
2347737692,36.6523,140.584779,,,3,,POINT (140.584779 36.6523)
2347737767,36.652389,140.597997,,,1,,POINT (140.597997 36.652389)
2347737974,36.6526088,140.5923675,,,3,,POINT (140.5923675 36.6526088)
2347738530,36.653424,140.566343,,,3,,POINT (140.566343 36.653424)
2347738782,36.6536789,140.5961199,,,3,,POINT (140.5961199 36.6536789)
2347738974,36.653998,140.607595,,,4,,POINT (140.607595 36.653998)
2347739481,36.654541,140.569807,,,3,,POINT (140.569807 36.654541)
2347739521,36.654601,140.614943,,,1,,POINT (140.614943 36.654601)
2347739866,36.655017,140.581383,,,3,,POINT (140.581383 36.655017)
2347740308,36.6556878,140.674479,,,3,,POINT (140.674479 36.6556878)
2347740703,36.656475,140.617084,,,1,,POINT (140.617084 36.656475)
2347740892,36.657008,140.627068,,,1,,POINT (140.627068 36.657008)
2347741369,36.6578292,140.6592373,,,1,,POINT (140.6592373 36.6578292)
2347741649,36.658741,140.625119,,,3,,POINT (140.625119 36.658741)
2347741730,36.659111,140.62531,,,3,,POINT (140.62531 36.659111)
2347741872,36.659603,140.584724,,,1,,POINT (140.584724 36.659603)
2347741881,36.659658,140.617671,,,3,,POINT (140.617671 36.659658)
2347741964,36.6600511,140.673081,,,3,yes,POINT (140.673081 36.6600511)
2347742094,36.6604202,140.6671637,,,3,,POINT (140.6671637 36.6604202)
2347742344,36.661124,140.667124,,,3,,POINT (140.667124 36.661124)
2347742415,36.661335,140.610337,,,3,,POINT (140.610337 36.661335)
2347742680,36.6622802,140.6666699,,,1,,POINT (140.6666699 36.6622802)
2347742855,36.6628241,140.6651911,,,1,,POINT (140.6651911 36.6628241)
2347742972,36.6633612,140.6666001,,,3,,POINT (140.6666001 36.6633612)
2347743174,36.663949,140.6651737,,,3,,POINT (140.6651737 36.663949)
2347743284,36.664113,140.589564,,,1,,POINT (140.589564 36.664113)
2347743527,36.664411,140.665759,,,1,,POINT (140.665759 36.664411)
2347744660,36.6661543,140.6659745,,,3,,POINT (140.6659745 36.6661543)
2347744749,36.6662565,140.6666532,,,3,,POINT (140.6666532 36.6662565)
2347744882,36.666495,140.6649734,,,3,,POINT (140.6649734 36.666495)
2347744989,36.666654,140.6064651,,,3,,POINT (140.6064651 36.666654)
2347745108,36.6670197,140.6904188,,,3,yes,POINT (140.6904188 36.6670197)
2347745113,36.6671225,140.6657116,,,3,,POINT (140.6657116 36.6671225)
2347745278,36.6674638,140.6662681,,,3,,POINT (140.6662681 36.6674638)
2347745538,36.668086,140.6055019,,,3,,POINT (140.6055019 36.668086)
2347745567,36.6682555,140.6825924,,,3,yes,POINT (140.6825924 36.6682555)
2347745982,36.6690902,140.6055399,,,3,,POINT (140.6055399 36.6690902)
2347746203,36.66947,140.649604,,,1,,POINT (140.649604 36.66947)
2347746280,36.6695679,140.6625467,,,1,,POINT (140.6625467 36.6695679)
2347746326,36.6695014,140.6718891,,,3,,POINT (140.6718891 36.6695014)
2347746496,36.669895,140.600034,,,3,,POINT (140.600034 36.669895)
2347747109,36.6714609,140.6512167,,,3,,POINT (140.6512167 36.6714609)
2347747123,36.6714748,140.6013924,,,3,,POINT (140.6013924 36.6714748)
2347747131,36.6714968,140.6838901,,,4,yes,POINT (140.6838901 36.6714968)
2347747454,36.6729329,140.6681781,,,1,,POINT (140.6681781 36.6729329)
2347747496,36.6727538,140.6111857,,,3,,POINT (140.6111857 36.6727538)
2347747510,36.6728383,140.6824963,,,3,,POINT (140.6824963 36.6728383)
2347747531,36.6728136,140.6268838,,,3,,POINT (140.6268838 36.6728136)
2347747566,36.6729808,140.6028164,,,3,,POINT (140.6028164 36.6729808)
2347747723,36.6733344,140.6822903,,,3,,POINT (140.6822903 36.6733344)
2347747727,36.6733528,140.6764602,,,3,,POINT (140.6764602 36.6733528)
2347747758,36.673422,140.670314,,,1,,POINT (140.670314 36.673422)
2347747837,36.6736609,140.6849906,,,3,,POINT (140.6849906 36.6736609)
2347747878,36.6736924,140.6677868,,,3,,POINT (140.6677868 36.6736924)
2347747978,36.673872,140.602747,,,3,,POINT (140.602747 36.673872)
2347748075,36.6741575,140.6679903,,,3,,POINT (140.6679903 36.6741575)
2347748109,36.674292,140.6264828,,,3,,POINT (140.6264828 36.674292)
2347748169,36.6744309,140.6688501,,,3,,POINT (140.6688501 36.6744309)
2347748239,36.6746564,140.6694219,,,4,yes,POINT (140.6694219 36.6746564)
2347748362,36.6752568,140.6624016,,,3,yes,POINT (140.6624016 36.6752568)
2347748397,36.6750914,140.6225643,,,3,yes,POINT (140.6225643 36.6750914)
2347748406,36.6751928,140.6661547,,,3,,POINT (140.6661547 36.6751928)
2347748460,36.675362,140.664447,,,1,,POINT (140.664447 36.675362)
2347748481,36.6755888,140.6892364,,,3,,POINT (140.6892364 36.6755888)
2347748502,36.6756398,140.6662244,,,3,,POINT (140.6662244 36.6756398)
2347748542,36.675759,140.6751664,,,3,,POINT (140.6751664 36.675759)
2347748550,36.67581,140.6752831,,,3,,POINT (140.6752831 36.67581)
2347748830,36.676562,140.669142,,,1,,POINT (140.669142 36.676562)
2347748854,36.6765957,140.6666974,,,3,,POINT (140.6666974 36.6765957)
2347748864,36.6766625,140.6670112,,,1,,POINT (140.6670112 36.6766625)
2347749038,36.677089,140.646174,,,1,,POINT (140.646174 36.677089)
2347749272,36.678081,140.662518,,,1,,POINT (140.662518 36.678081)
2347749447,36.6783693,140.664946,,,4,yes,POINT (140.664946 36.6783693)
2347749471,36.6782281,140.6525761,,,3,,POINT (140.6525761 36.6782281)
2347749738,36.6787697,140.6042925,,,3,,POINT (140.6042925 36.6787697)
2347749944,36.6791967,140.6070969,,,3,yes,POINT (140.6070969 36.6791967)
2347750080,36.6795475,140.6047142,,,3,,POINT (140.6047142 36.6795475)
2347750273,36.6800956,140.6643622,,,3,,POINT (140.6643622 36.6800956)
2347750278,36.6800783,140.6049098,,,3,,POINT (140.6049098 36.6800783)
2347750437,36.6804517,140.6046651,,,3,,POINT (140.6046651 36.6804517)
2347750773,36.6813063,140.6036438,,,3,,POINT (140.6036438 36.6813063)
2347750890,36.6815518,140.6800631,,,4,yes,POINT (140.6800631 36.6815518)
2347751051,36.681808,140.666959,,,1,,POINT (140.666959 36.681808)
2347751143,36.6819867,140.6780826,,,3,,POINT (140.6780826 36.6819867)
2347751177,36.6820545,140.6754547,,,4,,POINT (140.6754547 36.6820545)
2347751353,36.6820839,140.560624,,,3,yes,POINT (140.560624 36.6820839)
2347751376,36.6835283,140.6215027,,,3,,POINT (140.6215027 36.6835283)
2347751740,36.6832799,140.6735584,,,3,,POINT (140.6735584 36.6832799)
2347751793,36.683407,140.6698706,,,4,,POINT (140.6698706 36.683407)
2347751808,36.6834605,140.5626759,,,3,yes,POINT (140.5626759 36.6834605)
2347751882,36.6835186,140.6693936,,,3,,POINT (140.6693936 36.6835186)
2347751937,36.6836383,140.6084778,,,1,,POINT (140.6084778 36.6836383)
2347752107,36.6840718,140.6617413,,,1,,POINT (140.6617413 36.6840718)
2347752479,36.6847114,140.667444,,,3,,POINT (140.667444 36.6847114)
2347752562,36.6848323,140.665737,,,3,,POINT (140.665737 36.6848323)
2347752998,36.6856042,140.6630898,,,1,,POINT (140.6630898 36.6856042)
2347753146,36.685895,140.5443567,,,3,,POINT (140.5443567 36.685895)
2347753427,36.686333,140.563698,,,1,,POINT (140.563698 36.686333)
2347753626,36.6868965,140.6687032,,,3,,POINT (140.6687032 36.6868965)
2347753794,36.6873125,140.6638793,,,3,,POINT (140.6638793 36.6873125)
2347753804,36.6867419,140.6735007,,,1,,POINT (140.6735007 36.6867419)
2347753916,36.6874268,140.6652464,,,3,,POINT (140.6652464 36.6874268)
2347754011,36.6876132,140.5467037,,,3,,POINT (140.5467037 36.6876132)
2347754061,36.687796,140.6615866,,,3,,POINT (140.6615866 36.687796)
2347754145,36.6881182,140.6669648,,,3,,POINT (140.6669648 36.6881182)
2347754170,36.6882501,140.546863,,,3,,POINT (140.546863 36.6882501)
2347754413,36.6889201,140.6673189,,,3,,POINT (140.6673189 36.6889201)
2347754460,36.689143,140.669148,,,1,,POINT (140.669148 36.689143)
2347754469,36.6892773,140.6660482,,,3,,POINT (140.6660482 36.6892773)
2347754570,36.6899997,140.6665078,,,3,,POINT (140.6665078 36.6899997)
2347754743,36.6905583,140.5861978,,,3,,POINT (140.5861978 36.6905583)
2347754781,36.6907805,140.6630679,,,3,,POINT (140.6630679 36.6907805)
2347754806,36.6908399,140.6674793,,,4,,POINT (140.6674793 36.6908399)
2347754976,36.6913903,140.5843548,,,3,,POINT (140.5843548 36.6913903)
2347755032,36.691556,140.670004,,,1,,POINT (140.670004 36.691556)
2347755217,36.6921626,140.6640932,,,3,,POINT (140.6640932 36.6921626)
2347755240,36.6922176,140.5481109,,,3,,POINT (140.5481109 36.6922176)
2347756271,36.6945005,140.6656429,,,3,,POINT (140.6656429 36.6945005)
2347756458,36.6948293,140.5487485,,,3,,POINT (140.5487485 36.6948293)
2347756548,36.694959,140.6699734,,,3,,POINT (140.6699734 36.694959)
2347756801,36.6953083,140.5805718,,,1,,POINT (140.5805718 36.6953083)
2347757330,36.6960678,140.6679066,,,3,,POINT (140.6679066 36.6960678)
2347758545,36.7015076,140.5507999,,,1,,POINT (140.5507999 36.7015076)
2347758638,36.6995816,140.6680388,,,4,,POINT (140.6680388 36.6995816)
2347758705,36.699603,140.621651,,,1,,POINT (140.621651 36.699603)
2347759563,36.7012789,140.6671274,,,1,,POINT (140.6671274 36.7012789)
2347760353,36.7021554,140.6214168,,,3,,POINT (140.6214168 36.7021554)
2348681556,36.5075039,140.5849435,,,3,,POINT (140.5849435 36.5075039)
2348681557,36.5075628,140.5829611,,,3,,POINT (140.5829611 36.5075628)
2348681559,36.5090439,140.5832286,,,3,,POINT (140.5832286 36.5090439)
2348681560,36.5090063,140.5792913,,,3,,POINT (140.5792913 36.5090063)
2348681561,36.5092887,140.5812738,,,3,,POINT (140.5812738 36.5092887)
2348681562,36.5094566,140.5938297,,,4,,POINT (140.5938297 36.5094566)
2348681563,36.5103567,140.5777121,,,3,,POINT (140.5777121 36.5103567)
2348681564,36.5120203,140.5834795,,,3,,POINT (140.5834795 36.5120203)
2348681565,36.5126313,140.5781562,,,3,,POINT (140.5781562 36.5126313)
2348681566,36.5131743,140.5993522,,,3,,POINT (140.5993522 36.5131743)
2348681567,36.5133472,140.5769014,,,3,,POINT (140.5769014 36.5133472)
2348681568,36.5139584,140.6063815,,,3,,POINT (140.6063815 36.5139584)
2348681571,36.5174589,140.5942254,,,3,,POINT (140.5942254 36.5174589)
2348688743,36.5581851,140.6147417,,,3,,POINT (140.6147417 36.5581851)
2348745667,36.4982281,140.5631498,,,4,,POINT (140.5631498 36.4982281)
2348746458,36.5070689,140.5725499,,,3,,POINT (140.5725499 36.5070689)
2349089405,36.5685251,140.6442581,,,3,,POINT (140.6442581 36.5685251)
2349106335,36.5313936,140.6290202,,,1,,POINT (140.6290202 36.5313936)
2349106349,36.5322452,140.62891,,,3,,POINT (140.62891 36.5322452)
2349106370,36.5328832,140.6277755,,,3,,POINT (140.6277755 36.5328832)
2476589263,36.5187745,140.595807,,,3,,POINT (140.595807 36.5187745)
2476589268,36.5187902,140.5966633,,,3,,POINT (140.5966633 36.5187902)
2476589274,36.5179144,140.5952839,,,3,,POINT (140.5952839 36.5179144)
2476589276,36.518872,140.5969745,,,3,,POINT (140.5969745 36.518872)
2476589279,36.5187902,140.5962288,,,3,,POINT (140.5962288 36.5187902)
2476589288,36.515186,140.5972067,,,3,,POINT (140.5972067 36.515186)
2476589296,36.5174649,140.5950707,traffic_signals,,4,,POINT (140.5950707 36.5174649)
2476589301,36.5187378,140.5956487,,,3,,POINT (140.5956487 36.5187378)
2476589312,36.5187988,140.5968351,,,3,,POINT (140.5968351 36.5187988)
2480145995,36.5051843,140.5914386,,,3,,POINT (140.5914386 36.5051843)
2480837938,36.5056835,140.5913379,,,1,,POINT (140.5913379 36.5056835)
2526388505,36.6075372,140.6557754,,,1,,POINT (140.6557754 36.6075372)
2579150900,36.5527659,140.6320257,,,3,,POINT (140.6320257 36.5527659)
2579150907,36.5525386,140.6318008,,,3,,POINT (140.6318008 36.5525386)
2579150918,36.552625,140.6319574,,,3,,POINT (140.6319574 36.552625)
2579150937,36.5501188,140.6294925,,,3,yes,POINT (140.6294925 36.5501188)
2579150946,36.5519977,140.6319497,traffic_signals,,3,,POINT (140.6319497 36.5519977)
2591137435,36.552812,140.6316403,crossing,,3,,POINT (140.6316403 36.552812)
2591137438,36.5526364,140.6317083,,,3,,POINT (140.6317083 36.5526364)
2591137443,36.5527341,140.6318103,,,3,,POINT (140.6318103 36.5527341)
2718198268,36.6146867,140.6624968,,,3,,POINT (140.6624968 36.6146867)
2718226177,36.6125603,140.6422109,,,3,yes,POINT (140.6422109 36.6125603)
2718226209,36.6007589,140.6384519,,,3,,POINT (140.6384519 36.6007589)
2718226218,36.6028795,140.6366083,,,3,,POINT (140.6366083 36.6028795)
2718266669,36.6019408,140.6393235,,,3,,POINT (140.6393235 36.6019408)
2718266696,36.6056855,140.6364017,,,3,,POINT (140.6364017 36.6056855)
2718273819,36.6023863,140.6374548,,,3,,POINT (140.6374548 36.6023863)
2723607073,36.5811542,140.6394025,,,4,yes,POINT (140.6394025 36.5811542)
2723607080,36.5786655,140.6374555,,,3,,POINT (140.6374555 36.5786655)
2723628083,36.5412626,140.6224947,traffic_signals,,3,,POINT (140.6224947 36.5412626)
2723647370,36.6698948,140.6861571,,,3,,POINT (140.6861571 36.6698948)
2723774959,36.6511922,140.6727221,,,3,,POINT (140.6727221 36.6511922)
2723774961,36.6513251,140.6727463,,,3,,POINT (140.6727463 36.6513251)
2725166040,36.6613724,140.6789621,,,3,,POINT (140.6789621 36.6613724)
2725166048,36.6716265,140.6721664,,,3,yes,POINT (140.6721664 36.6716265)
2725173732,36.5884564,140.6576037,,,3,,POINT (140.6576037 36.5884564)
2725173736,36.5869514,140.6595188,,,4,yes,POINT (140.6595188 36.5869514)
2725173737,36.5866828,140.6601617,,,3,,POINT (140.6601617 36.5866828)
2725173738,36.5861754,140.6614098,,,5,yes,POINT (140.6614098 36.5861754)
2728505805,36.4933699,140.617364,,,3,,POINT (140.617364 36.4933699)
2728505845,36.502556,140.6116949,,,1,,POINT (140.6116949 36.502556)
2822590235,36.6177735,140.6752985,,,3,,POINT (140.6752985 36.6177735)
2905962547,36.5558608,140.6149585,,,3,yes,POINT (140.6149585 36.5558608)
2905962548,36.5551173,140.6132907,,,3,,POINT (140.6132907 36.5551173)
2905962549,36.5467232,140.6057361,,,1,,POINT (140.6057361 36.5467232)
2905962551,36.5569902,140.61805,,,4,,POINT (140.61805 36.5569902)
2905962555,36.5477937,140.6066991,,,3,,POINT (140.6066991 36.5477937)
2905962560,36.5488843,140.6067635,,,1,,POINT (140.6067635 36.5488843)
2905962561,36.5477362,140.6063516,,,1,,POINT (140.6063516 36.5477362)
2905962581,36.5484787,140.6069191,,,1,,POINT (140.6069191 36.5484787)
2905962588,36.5469186,140.6060108,,,3,,POINT (140.6060108 36.5469186)
2905962589,36.5474455,140.6068464,,,3,,POINT (140.6068464 36.5474455)
2905964017,36.5478262,140.6069996,,,3,,POINT (140.6069996 36.5478262)
2905964024,36.5475945,140.6075998,,,3,,POINT (140.6075998 36.5475945)
2905964035,36.5475531,140.6071548,,,3,,POINT (140.6071548 36.5475531)
2905964386,36.5544652,140.6180377,,,3,,POINT (140.6180377 36.5544652)
2905964387,36.5515634,140.6172095,,,3,,POINT (140.6172095 36.5515634)
2905964388,36.5550819,140.6178553,,,3,,POINT (140.6178553 36.5550819)
2905964390,36.5546777,140.6179573,,,3,,POINT (140.6179573 36.5546777)
2905964392,36.5543009,140.6180844,,,3,,POINT (140.6180844 36.5543009)
2905964393,36.5531064,140.6198124,,,3,,POINT (140.6198124 36.5531064)
2918523110,36.6599051,140.6948344,,,3,,POINT (140.6948344 36.6599051)
2918523111,36.6631087,140.6931088,,,3,,POINT (140.6931088 36.6631087)
2918523112,36.6621963,140.6935909,,,3,,POINT (140.6935909 36.6621963)
2918523118,36.653895,140.6955622,,,3,,POINT (140.6955622 36.653895)
2918523119,36.6610038,140.6927791,,,3,,POINT (140.6927791 36.6610038)
2918523120,36.661016,140.6942332,,,3,,POINT (140.6942332 36.661016)
2918523122,36.6610192,140.6936692,,,3,,POINT (140.6936692 36.6610192)
2918523123,36.6602902,140.6936745,,,3,,POINT (140.6936745 36.6602902)
2918523124,36.6616088,140.6939099,,,4,,POINT (140.6939099 36.6616088)
2918523126,36.6618706,140.6946411,,,3,,POINT (140.6946411 36.6618706)
2918526128,36.655412,140.7001508,,,3,,POINT (140.7001508 36.655412)
2918526129,36.6556222,140.7004469,,,3,,POINT (140.7004469 36.6556222)
2918526130,36.6557673,140.7005937,,,3,,POINT (140.7005937 36.6557673)
2918526131,36.6521085,140.6978479,,,3,,POINT (140.6978479 36.6521085)
2918526133,36.65071,140.6979964,,,3,,POINT (140.6979964 36.65071)
2918526134,36.6500976,140.6979184,,,3,,POINT (140.6979184 36.6500976)
2918526139,36.663883,140.6919258,,,3,,POINT (140.6919258 36.663883)
2918526141,36.6631141,140.6925323,,,3,,POINT (140.6925323 36.6631141)
2918526928,36.6619703,140.6740063,,,3,,POINT (140.6740063 36.6619703)
2918526940,36.6612939,140.6767773,,,3,,POINT (140.6767773 36.6612939)
2918527009,36.6712748,140.688886,,,3,,POINT (140.688886 36.6712748)
2918528575,36.6712587,140.6871401,,,3,,POINT (140.6871401 36.6712587)
2918528576,36.6712374,140.686857,,,3,,POINT (140.686857 36.6712374)
2918549935,36.6616071,140.6927589,,,4,,POINT (140.6927589 36.6616071)
2918577990,36.6875865,140.6814438,,,3,,POINT (140.6814438 36.6875865)
2918580418,36.6971452,140.6711108,,,3,,POINT (140.6711108 36.6971452)
2918580419,36.679834,140.6805402,,,3,,POINT (140.6805402 36.679834)
2918580441,36.6816451,140.6770536,,,3,,POINT (140.6770536 36.6816451)
2923282252,36.663931,140.6900265,,,3,,POINT (140.6900265 36.663931)
2923282253,36.6641407,140.6899674,,,3,,POINT (140.6899674 36.6641407)
2925680049,36.6652086,140.690626,,,3,,POINT (140.690626 36.6652086)
2925680050,36.665882,140.6917051,,,3,,POINT (140.6917051 36.665882)
2925680051,36.6642575,140.6915624,,,3,,POINT (140.6915624 36.6642575)
2925680052,36.6649241,140.6926096,,,3,,POINT (140.6926096 36.6649241)
2925680053,36.6636748,140.692123,,,4,,POINT (140.692123 36.6636748)
2925680056,36.6655272,140.6911607,,,3,,POINT (140.6911607 36.6655272)
2925680057,36.6666594,140.6908231,,,3,,POINT (140.6908231 36.6666594)
2925680058,36.6660489,140.6898123,,,3,,POINT (140.6898123 36.6660489)
2925680059,36.6662431,140.6901397,,,3,,POINT (140.6901397 36.6662431)
2925680060,36.6654112,140.6909846,,,3,,POINT (140.6909846 36.6654112)
2941814533,36.6682638,140.6638705,,,3,,POINT (140.6638705 36.6682638)
2941841135,36.6694489,140.6640877,,,1,,POINT (140.6640877 36.6694489)
2945812163,36.6731733,140.6764569,,,3,,POINT (140.6764569 36.6731733)
2945812165,36.6739349,140.6762645,,,3,,POINT (140.6762645 36.6739349)
2945812179,36.6768876,140.6728806,,,3,,POINT (140.6728806 36.6768876)
2945812180,36.677768,140.6737895,,,3,,POINT (140.6737895 36.677768)
2945812205,36.679057,140.6783068,,,3,,POINT (140.6783068 36.679057)
2945822572,36.6941741,140.7142838,,,3,,POINT (140.7142838 36.6941741)
2945822604,36.6831079,140.7046462,,,3,,POINT (140.7046462 36.6831079)
2945822606,36.6816314,140.7112375,traffic_signals,,3,,POINT (140.7112375 36.6816314)
2952381674,36.6634871,140.6918619,,,3,,POINT (140.6918619 36.6634871)
2952381675,36.6633312,140.6915619,,,3,,POINT (140.6915619 36.6633312)
2952381690,36.6621284,140.6921706,,,3,,POINT (140.6921706 36.6621284)
2952381691,36.6632368,140.6909796,,,3,,POINT (140.6909796 36.6632368)
2952381692,36.6635327,140.691246,,,3,,POINT (140.691246 36.6635327)
3077925026,36.6015961,140.6374908,,,1,,POINT (140.6374908 36.6015961)
3077925095,36.602367,140.6345969,,,3,,POINT (140.6345969 36.602367)
3077925106,36.6028204,140.6355855,,,2,,POINT (140.6355855 36.6028204)
3077925118,36.6030467,140.6349944,,,1,,POINT (140.6349944 36.6030467)
3077925172,36.6039022,140.635845,,,3,,POINT (140.635845 36.6039022)
3099872538,36.5893232,140.6571748,,,3,,POINT (140.6571748 36.5893232)
3099872554,36.5894743,140.6577342,,,4,,POINT (140.6577342 36.5894743)
3099872846,36.590205,140.6567441,,,3,,POINT (140.6567441 36.590205)
3099872953,36.5906131,140.6582571,,,3,,POINT (140.6582571 36.5906131)
3099873015,36.5912603,140.6578607,traffic_signals,,3,,POINT (140.6578607 36.5912603)
3099873051,36.5922911,140.6573639,,,3,,POINT (140.6573639 36.5922911)
3099873058,36.5926794,140.6576019,,,4,,POINT (140.6576019 36.5926794)
3099873059,36.5928018,140.6572802,,,3,,POINT (140.6572802 36.5928018)
3099883642,36.5908645,140.6564889,,,3,,POINT (140.6564889 36.5908645)
3099883651,36.5909074,140.6584057,,,3,,POINT (140.6584057 36.5909074)
3099883664,36.5910204,140.6570542,,,3,,POINT (140.6570542 36.5910204)
3099883709,36.5912282,140.6586193,,,3,,POINT (140.6586193 36.5912282)
3099883765,36.5914782,140.6579985,,,3,,POINT (140.6579985 36.5914782)
3271909609,36.5725585,140.6441574,traffic_signals,,3,,POINT (140.6441574 36.5725585)
3271909613,36.5718036,140.6464552,,,3,,POINT (140.6464552 36.5718036)
3271909614,36.5718085,140.643684,traffic_signals,,4,,POINT (140.643684 36.5718085)
3290195785,36.6477017,140.587824,,,3,,POINT (140.587824 36.6477017)
3290195789,36.6475309,140.5878219,,,3,,POINT (140.5878219 36.6475309)
3296223440,36.6471117,140.5318423,,,3,,POINT (140.5318423 36.6471117)
3304405392,36.6044315,140.6383023,,,3,,POINT (140.6383023 36.6044315)
3304405400,36.6036801,140.6391807,,,3,,POINT (140.6391807 36.6036801)
3304405409,36.6061176,140.6382538,,,3,,POINT (140.6382538 36.6061176)
3304405410,36.602609,140.6389225,,,3,,POINT (140.6389225 36.602609)
3304405411,36.6026459,140.6390651,,,3,,POINT (140.6390651 36.6026459)
3304405414,36.6037088,140.6382381,,,3,,POINT (140.6382381 36.6037088)
3304405421,36.6035018,140.637426,,,3,,POINT (140.637426 36.6035018)
3328462835,36.5574243,140.6200121,,,3,,POINT (140.6200121 36.5574243)
3328462838,36.5593012,140.620765,,,3,,POINT (140.620765 36.5593012)
3328462839,36.5510122,140.632616,,,2,,POINT (140.632616 36.5510122)
3328462843,36.5513263,140.6325491,,,2,,POINT (140.6325491 36.5513263)
3328462847,36.5515028,140.6328147,,,4,,POINT (140.6328147 36.5515028)
3328462850,36.5515681,140.6329054,,,1,,POINT (140.6329054 36.5515681)
3328462891,36.5636628,140.6451579,,,3,,POINT (140.6451579 36.5636628)
3328462892,36.5645827,140.6459706,,,3,,POINT (140.6459706 36.5645827)
3328462993,36.5549651,140.6272393,,,4,,POINT (140.6272393 36.5549651)
3328462994,36.5536334,140.6287192,,,4,,POINT (140.6287192 36.5536334)
3328462996,36.5528246,140.6302054,,,3,,POINT (140.6302054 36.5528246)
3328462997,36.5417999,140.622629,,,4,,POINT (140.622629 36.5417999)
3328463002,36.5499586,140.6228289,,,3,,POINT (140.6228289 36.5499586)
3328463006,36.5512021,140.6220474,,,5,,POINT (140.6220474 36.5512021)
3328463013,36.5487275,140.6233828,,,3,,POINT (140.6233828 36.5487275)
3328463014,36.5514512,140.6207492,,,3,,POINT (140.6207492 36.5514512)
3328463025,36.5528623,140.6329135,,,1,,POINT (140.6329135 36.5528623)
3328490077,36.5814702,140.6384482,,,3,,POINT (140.6384482 36.5814702)
3328490088,36.5808963,140.6347372,,,3,,POINT (140.6347372 36.5808963)
3328490090,36.5814413,140.6342355,,,3,,POINT (140.6342355 36.5814413)
3328490091,36.5806676,140.6351609,,,3,,POINT (140.6351609 36.5806676)
3328491894,36.5811466,140.6359242,,,3,,POINT (140.6359242 36.5811466)
3328491908,36.5811924,140.6330977,,,3,,POINT (140.6330977 36.5811924)
3328491914,36.5806066,140.6340722,,,3,,POINT (140.6340722 36.5806066)
3328491915,36.5813092,140.6336085,,,3,,POINT (140.6336085 36.5813092)
3328491916,36.5818861,140.6328245,,,3,,POINT (140.6328245 36.5818861)
3328491917,36.5812969,140.63355,,,3,,POINT (140.63355 36.5812969)
3328491918,36.5819862,140.6333139,,,3,,POINT (140.6333139 36.5819862)
3328491919,36.5814009,140.6340484,,,3,,POINT (140.6340484 36.5814009)
3328491920,36.5820921,140.6338114,,,3,,POINT (140.6338114 36.5820921)
3328491921,36.5815036,140.6345338,,,3,,POINT (140.6345338 36.5815036)
3328491922,36.5821955,140.6342926,,,3,,POINT (140.6342926 36.5821955)
3328491923,36.5818632,140.6344102,,,3,,POINT (140.6344102 36.5818632)
3328491925,36.5822838,140.634694,,,4,,POINT (140.634694 36.5822838)
3328491927,36.5816975,140.6307265,,,3,,POINT (140.6307265 36.5816975)
3328491928,36.5823884,140.6339903,,,3,,POINT (140.6339903 36.5823884)
3328491931,36.5828424,140.6305114,,,3,,POINT (140.6305114 36.5828424)
3328491934,36.583236,140.6323422,,,3,,POINT (140.6323422 36.583236)
3328491935,36.5833898,140.631734,,,3,,POINT (140.631734 36.5833898)
3328491936,36.5817698,140.6322674,,,3,,POINT (140.6322674 36.5817698)
3328491937,36.5820071,140.6321893,,,4,,POINT (140.6321893 36.5820071)
3328491938,36.5831223,140.631822,,,4,,POINT (140.631822 36.5831223)
3328491939,36.5819797,140.6305227,,,3,,POINT (140.6305227 36.5819797)
3328491940,36.5823128,140.6320886,,,4,,POINT (140.6320886 36.5823128)
3328491941,36.5826171,140.6335195,,,3,,POINT (140.6335195 36.5826171)
3328491942,36.5822343,140.6302696,,,3,,POINT (140.6302696 36.5822343)
3328491943,36.5825924,140.6319966,,,4,,POINT (140.6319966 36.5825924)
3328491944,36.5828175,140.6330826,,,3,,POINT (140.6330826 36.5828175)
3328491945,36.5825059,140.630263,,,3,,POINT (140.630263 36.5825059)
3328491946,36.5828547,140.6319102,,,4,,POINT (140.6319102 36.5828547)
3328491947,36.5830222,140.6327011,,,3,,POINT (140.6327011 36.5830222)
3328491948,36.5816944,140.6319139,,,3,,POINT (140.6319139 36.5816944)
3328491950,36.5813577,140.6312559,,,1,,POINT (140.6312559 36.5813577)
3328491951,36.5825418,140.6336745,,,3,,POINT (140.6336745 36.5825418)
3328491954,36.5827363,140.6332655,,,3,,POINT (140.6332655 36.5827363)
3328491955,36.5831248,140.6341531,,,3,,POINT (140.6341531 36.5831248)
3328491956,36.5829526,140.6337596,,,3,,POINT (140.6337596 36.5829526)
3328491957,36.5834765,140.6333159,,,3,,POINT (140.6333159 36.5834765)
3328491958,36.5831907,140.6326563,,,3,,POINT (140.6326563 36.5831907)
3328491959,36.5832094,140.6335355,,,3,,POINT (140.6335355 36.5832094)
3328491967,36.5843266,140.6309145,,,1,,POINT (140.6309145 36.5843266)
3328491968,36.5805654,140.6353885,,,3,,POINT (140.6353885 36.5805654)
3328491971,36.5802694,140.6350259,,,3,,POINT (140.6350259 36.5802694)
3328491973,36.5800562,140.634645,,,3,,POINT (140.634645 36.5800562)
3328491975,36.5797331,140.6346691,,,3,,POINT (140.6346691 36.5797331)
3328491980,36.5797977,140.6361872,,,1,,POINT (140.6361872 36.5797977)
3328491991,36.5791993,140.6360374,,,3,,POINT (140.6360374 36.5791993)
3328491992,36.5787382,140.636127,,,3,,POINT (140.636127 36.5787382)
3328492004,36.5788494,140.636729,,,4,,POINT (140.636729 36.5788494)
3328492005,36.5790063,140.6366976,,,3,,POINT (140.6366976 36.5790063)
3328492007,36.5789935,140.6360714,,,3,,POINT (140.6360714 36.5789935)
3328492008,36.5791044,140.6371366,,,1,,POINT (140.6371366 36.5791044)
3328492014,36.5777052,140.6353021,,,3,,POINT (140.6353021 36.5777052)
3328492015,36.5774016,140.6357408,,,3,,POINT (140.6357408 36.5774016)
3330018931,36.5845327,140.6416742,,,3,,POINT (140.6416742 36.5845327)
3330018932,36.5843543,140.6418406,,,3,,POINT (140.6418406 36.5843543)
3330018933,36.5849253,140.6405229,,,1,,POINT (140.6405229 36.5849253)
3330018934,36.5846897,140.6409064,,,3,,POINT (140.6409064 36.5846897)
3330018936,36.5846187,140.6417736,,,3,,POINT (140.6417736 36.5846187)
3330018937,36.583235,140.6504836,traffic_signals,,3,,POINT (140.6504836 36.583235)
3330018938,36.5831282,140.6501656,traffic_signals,,4,,POINT (140.6501656 36.5831282)
3330018942,36.5824578,140.6476153,,,3,,POINT (140.6476153 36.5824578)
3330018945,36.577842,140.6583911,,,3,,POINT (140.6583911 36.577842)
3330018946,36.5777712,140.6597836,,,1,,POINT (140.6597836 36.5777712)
3330018950,36.5785201,140.6587724,,,3,,POINT (140.6587724 36.5785201)
3330018954,36.5789258,140.6602817,,,1,,POINT (140.6602817 36.5789258)
3330018955,36.5242359,140.6276324,,,3,,POINT (140.6276324 36.5242359)
3331897155,36.6694952,140.679929,,,3,,POINT (140.679929 36.6694952)
3331897162,36.670639,140.6786402,,,3,,POINT (140.6786402 36.670639)
3331897190,36.6677823,140.6744449,,,3,,POINT (140.6744449 36.6677823)
3331903957,36.6665887,140.6784635,,,3,,POINT (140.6784635 36.6665887)
3331903958,36.6666808,140.6782017,,,3,,POINT (140.6782017 36.6666808)
3331903963,36.6674845,140.6773708,,,3,,POINT (140.6773708 36.6674845)
3331903964,36.6678257,140.6772536,,,3,,POINT (140.6772536 36.6678257)
3331903965,36.6682295,140.6772351,,,3,,POINT (140.6772351 36.6682295)
3331903966,36.6685699,140.6771516,,,4,,POINT (140.6771516 36.6685699)
3331903967,36.6688247,140.6770666,,,3,,POINT (140.6770666 36.6688247)
3331903968,36.6691615,140.6770053,,,3,,POINT (140.6770053 36.6691615)
3331903970,36.6698854,140.6769467,,,3,,POINT (140.6769467 36.6698854)
3331903971,36.6701375,140.6768805,,,3,,POINT (140.6768805 36.6701375)
3331903975,36.6687853,140.6778518,,,3,,POINT (140.6778518 36.6687853)
3332054095,36.6363196,140.6778803,,,3,,POINT (140.6778803 36.6363196)
3332054096,36.6359529,140.6761524,,,4,,POINT (140.6761524 36.6359529)
3332054098,36.6370169,140.675734,,,1,,POINT (140.675734 36.6370169)
3332054099,36.6374049,140.6756965,,,3,,POINT (140.6756965 36.6374049)
3332054100,36.6392884,140.6765067,,,4,,POINT (140.6765067 36.6392884)
3332054101,36.6381598,140.6756442,,,3,,POINT (140.6756442 36.6381598)
3332054102,36.6378276,140.6764825,,,4,,POINT (140.6764825 36.6378276)
3332054103,36.6372729,140.6766162,,,4,,POINT (140.6766162 36.6372729)
3332054104,36.636126,140.6769512,,,4,,POINT (140.6769512 36.636126)
3332054106,36.6351042,140.6775245,,,3,,POINT (140.6775245 36.6351042)
3332054107,36.6350972,140.6771381,,,4,,POINT (140.6771381 36.6350972)
3332054108,36.6326004,140.6773797,,,3,,POINT (140.6773797 36.6326004)
3332054109,36.6341935,140.6763669,,,3,,POINT (140.6763669 36.6341935)
3332054110,36.6342107,140.6772188,,,4,,POINT (140.6772188 36.6342107)
3332054111,36.6342307,140.677956,,,3,,POINT (140.677956 36.6342307)
3332054114,36.6350768,140.6759982,,,3,,POINT (140.6759982 36.6350768)
3332054116,36.631881,140.6780232,,,3,,POINT (140.6780232 36.631881)
3332054118,36.6318578,140.6788155,,,4,,POINT (140.6788155 36.6318578)
3332054120,36.631952,140.6798883,,,3,,POINT (140.6798883 36.631952)
3332054122,36.6319463,140.6808757,,,3,,POINT (140.6808757 36.6319463)
3332054123,36.6318782,140.6817428,,,3,,POINT (140.6817428 36.6318782)
3332054126,36.6321959,140.6843736,,,3,,POINT (140.6843736 36.6321959)
3332054128,36.6326111,140.6797707,,,3,,POINT (140.6797707 36.6326111)
3332054129,36.632487,140.6789048,,,3,,POINT (140.6789048 36.632487)
3332054130,36.6327612,140.6807794,,,3,,POINT (140.6807794 36.6327612)
3332054131,36.6328941,140.6817765,,,3,,POINT (140.6817765 36.6328941)
3332054132,36.6328892,140.6831721,,,3,,POINT (140.6831721 36.6328892)
3332054133,36.6319767,140.683169,,,3,,POINT (140.683169 36.6319767)
3332054134,36.6323683,140.6817622,,,3,,POINT (140.6817622 36.6323683)
3332054135,36.6323488,140.6831536,,,3,,POINT (140.6831536 36.6323488)
3332054136,36.6328864,140.6843702,,,3,,POINT (140.6843702 36.6328864)
3332054141,36.6358759,140.6757532,,,3,,POINT (140.6757532 36.6358759)
3332054142,36.6365324,140.6742018,,,3,yes,POINT (140.6742018 36.6365324)
3332054145,36.6345542,140.6749519,,,4,,POINT (140.6749519 36.6345542)
3332054146,36.6339305,140.6745931,,,3,,POINT (140.6745931 36.6339305)
3332054147,36.6350968,140.6737293,,,3,,POINT (140.6737293 36.6350968)
3332054149,36.634142,140.6759354,,,3,,POINT (140.6759354 36.634142)
3332054151,36.6359732,140.6750112,,,3,,POINT (140.6750112 36.6359732)
3332054152,36.634341,140.6754432,,,3,,POINT (140.6754432 36.634341)
3332054154,36.6334757,140.6751581,,,3,,POINT (140.6751581 36.6334757)
3332054155,36.6365348,140.6744366,,,3,,POINT (140.6744366 36.6365348)
3332054156,36.6372616,140.6749458,,,1,,POINT (140.6749458 36.6372616)
3332054157,36.6378403,140.6806464,,,3,,POINT (140.6806464 36.6378403)
3332054158,36.6385927,140.6806345,,,3,,POINT (140.6806345 36.6385927)
3332054160,36.6217126,140.6741172,,,1,,POINT (140.6741172 36.6217126)
3332054176,36.6216679,140.6785505,,,3,,POINT (140.6785505 36.6216679)
3332054177,36.6235111,140.6742477,,,3,,POINT (140.6742477 36.6235111)
3396720886,36.6741539,140.6269952,,,3,,POINT (140.6269952 36.6741539)
3498339774,36.593234,140.6498102,,,4,,POINT (140.6498102 36.593234)
3498339775,36.5920447,140.6490576,,,4,,POINT (140.6490576 36.5920447)
3498339776,36.5899843,140.6565574,,,3,yes,POINT (140.6565574 36.5899843)
3498339777,36.5929835,140.6503248,,,3,,POINT (140.6503248 36.5929835)
3498346842,36.6052327,140.6574229,,,3,yes,POINT (140.6574229 36.6052327)
3498346850,36.6052471,140.6575341,,,3,,POINT (140.6575341 36.6052471)
3498357724,36.5774369,140.6414041,,,4,,POINT (140.6414041 36.5774369)
3498357754,36.5848985,140.6443732,traffic_signals,,4,,POINT (140.6443732 36.5848985)
3498357772,36.5858852,140.6431298,,,3,,POINT (140.6431298 36.5858852)
3498357773,36.5762463,140.6433189,traffic_signals,,3,,POINT (140.6433189 36.5762463)
3498381793,36.6254646,140.6802425,,,3,,POINT (140.6802425 36.6254646)
3498381798,36.6246316,140.6811584,,,4,yes,POINT (140.6811584 36.6246316)
3498381804,36.6194781,140.6769467,,,3,yes,POINT (140.6769467 36.6194781)
3498393057,36.5581502,140.6254178,,,3,,POINT (140.6254178 36.5581502)
3498393079,36.5587728,140.6263834,,,3,,POINT (140.6263834 36.5587728)
3500209145,36.6553009,140.6690492,motorway_junction,12,3,,POINT (140.6690492 36.6553009)
3500323790,36.5174769,140.615246,traffic_signals,,3,,POINT (140.615246 36.5174769)
3500323791,36.5181119,140.6134611,,,3,,POINT (140.6134611 36.5181119)
3500346217,36.4981726,140.5708669,,,3,,POINT (140.5708669 36.4981726)
3500346219,36.4996153,140.5720995,,,3,,POINT (140.5720995 36.4996153)
3500346220,36.4988312,140.5712957,,,3,,POINT (140.5712957 36.4988312)
3538679900,36.6435946,140.6872053,,,4,,POINT (140.6872053 36.6435946)
3538679906,36.6323734,140.6698229,,,3,,POINT (140.6698229 36.6323734)
3538679916,36.6319845,140.6632825,,,3,,POINT (140.6632825 36.6319845)
3538679941,36.6323782,140.6651733,traffic_signals,,4,,POINT (140.6651733 36.6323782)
3538679942,36.6324195,140.6708603,,,3,yes,POINT (140.6708603 36.6324195)
3538679943,36.6257155,140.667173,,,3,,POINT (140.667173 36.6257155)
3538679947,36.6317373,140.6629383,,,3,,POINT (140.6629383 36.6317373)
3597916310,36.5148864,140.597167,,,3,,POINT (140.597167 36.5148864)
3597916311,36.5145834,140.596689,,,3,,POINT (140.596689 36.5145834)
3598068586,36.5161171,140.6141929,,,3,,POINT (140.6141929 36.5161171)
3598069057,36.5152349,140.6135093,,,3,,POINT (140.6135093 36.5152349)
3598069061,36.5136055,140.6132455,,,3,,POINT (140.6132455 36.5136055)
3598091805,36.5138556,140.5970325,,,3,,POINT (140.5970325 36.5138556)
3768167676,36.5559241,140.6168202,,,3,,POINT (140.6168202 36.5559241)
3768196544,36.5574611,140.6196442,,,3,yes,POINT (140.6196442 36.5574611)
3768199851,36.5672335,140.6245318,,,3,,POINT (140.6245318 36.5672335)
3768199853,36.5678019,140.6219193,,,3,,POINT (140.6219193 36.5678019)
3768203768,36.5714749,140.6166092,,,2,,POINT (140.6166092 36.5714749)
3773007717,36.6644701,140.7143072,,,1,,POINT (140.7143072 36.6644701)
3773076670,36.6189076,140.6763988,,,3,,POINT (140.6763988 36.6189076)
3773076673,36.6190283,140.6768841,,,3,,POINT (140.6768841 36.6190283)
3773076675,36.6193527,140.6771413,,,3,yes,POINT (140.6771413 36.6193527)
3773076678,36.6198427,140.677521,,,4,,POINT (140.677521 36.6198427)
3773076685,36.6206796,140.6780271,,,3,,POINT (140.6780271 36.6206796)
3773076689,36.6209662,140.6785037,,,4,yes,POINT (140.6785037 36.6209662)
3773076699,36.6214062,140.6788352,,,4,yes,POINT (140.6788352 36.6214062)
3773076707,36.6220987,140.6793882,,,4,,POINT (140.6793882 36.6220987)
3773076715,36.6242496,140.6808871,,,3,,POINT (140.6808871 36.6242496)
3773076725,36.6461596,140.6899016,,,3,,POINT (140.6899016 36.6461596)
3773076740,36.6489275,140.6928103,,,3,,POINT (140.6928103 36.6489275)
3773076754,36.6499598,140.6935934,,,4,,POINT (140.6935934 36.6499598)
3773102696,36.6651747,140.681007,,,3,,POINT (140.681007 36.6651747)
3773226797,36.6008755,140.6388373,,,3,,POINT (140.6388373 36.6008755)
3773439081,36.671029,140.68376,,,3,,POINT (140.68376 36.671029)
3773439135,36.6764027,140.6952184,,,3,,POINT (140.6952184 36.6764027)
3773439145,36.6768432,140.666445,,,3,,POINT (140.666445 36.6768432)
3773439148,36.6774622,140.6973209,,,3,yes,POINT (140.6973209 36.6774622)
3773439666,36.6797169,140.6919981,,,4,yes,POINT (140.6919981 36.6797169)
3773439686,36.6810432,140.6924148,,,3,,POINT (140.6924148 36.6810432)
3773439692,36.6814223,140.6922219,,,3,,POINT (140.6922219 36.6814223)
3773439735,36.6904631,140.6671809,,,3,,POINT (140.6671809 36.6904631)
3773457873,36.6647337,140.6766629,,,3,,POINT (140.6766629 36.6647337)
3773457911,36.6698564,140.679744,,,3,,POINT (140.679744 36.6698564)
3773457919,36.670217,140.677241,,,3,,POINT (140.677241 36.670217)
3773458558,36.6765624,140.6504366,,,1,,POINT (140.6504366 36.6765624)
3773458579,36.6777554,140.6609498,,,3,,POINT (140.6609498 36.6777554)
3773458591,36.6780845,140.6619981,,,3,,POINT (140.6619981 36.6780845)
3773472154,36.6815101,140.6850425,,,3,,POINT (140.6850425 36.6815101)
3773472360,36.6906089,140.7036155,,,3,,POINT (140.7036155 36.6906089)
3773581245,36.6437852,140.676892,,,3,,POINT (140.676892 36.6437852)
3773582585,36.6548304,140.6895626,,,3,,POINT (140.6895626 36.6548304)
3773649416,36.6217552,140.6825026,,,3,,POINT (140.6825026 36.6217552)
3773649430,36.629548,140.6895719,,,3,,POINT (140.6895719 36.629548)
3773649435,36.6404817,140.6854198,,,3,,POINT (140.6854198 36.6404817)
3773649437,36.6407522,140.6833111,,,3,,POINT (140.6833111 36.6407522)
3773649443,36.6427344,140.6837208,,,3,,POINT (140.6837208 36.6427344)
3773649444,36.6428645,140.6918527,,,3,,POINT (140.6918527 36.6428645)
3773649445,36.6428977,140.6794523,,,3,,POINT (140.6794523 36.6428977)
3773650859,36.6486771,140.6958601,,,3,,POINT (140.6958601 36.6486771)
3773714966,36.607174,140.6568763,,,2,,POINT (140.6568763 36.607174)
3773715001,36.6098308,140.6566399,,,2,,POINT (140.6566399 36.6098308)
3773715024,36.6121008,140.6448319,,,4,,POINT (140.6448319 36.6121008)
3773715043,36.6128003,140.6447398,,,3,,POINT (140.6447398 36.6128003)
3773715158,36.6137855,140.6426434,,,3,,POINT (140.6426434 36.6137855)
3775155352,36.5089374,140.5945535,,,3,,POINT (140.5945535 36.5089374)
3775158257,36.5119447,140.5840167,,,3,,POINT (140.5840167 36.5119447)
3775158268,36.5140243,140.6033287,,,3,,POINT (140.6033287 36.5140243)
3775181630,36.4966107,140.5724538,,,3,,POINT (140.5724538 36.4966107)
3775181633,36.4967532,140.5779878,,,3,,POINT (140.5779878 36.4967532)
3775181645,36.4971113,140.5702572,,,3,,POINT (140.5702572 36.4971113)
3775181647,36.4972406,140.5762388,,,3,,POINT (140.5762388 36.4972406)
3775183361,36.4982266,140.5643138,,,3,,POINT (140.5643138 36.4982266)
3775221159,36.5137336,140.6207705,,,3,,POINT (140.6207705 36.5137336)
3775228567,36.4959256,140.6184127,,,3,,POINT (140.6184127 36.4959256)
3775251974,36.4841946,140.6122935,,,3,,POINT (140.6122935 36.4841946)
3775300170,36.6177654,140.6634596,,,3,,POINT (140.6634596 36.6177654)
3775300176,36.6212523,140.6615127,,,3,,POINT (140.6615127 36.6212523)
3775300185,36.6234509,140.6604048,,,3,,POINT (140.6604048 36.6234509)
3775300191,36.6242026,140.6610006,,,3,,POINT (140.6610006 36.6242026)
3775300194,36.6265587,140.6618595,,,3,,POINT (140.6618595 36.6265587)
3775315966,36.6437546,140.6731848,,,3,,POINT (140.6731848 36.6437546)
3775324835,36.6092083,140.6484131,,,3,,POINT (140.6484131 36.6092083)
3775324837,36.6151399,140.669677,,,4,,POINT (140.669677 36.6151399)
3775373067,36.572947,140.6297949,,,3,,POINT (140.6297949 36.572947)
3775373071,36.5730663,140.6301331,,,3,,POINT (140.6301331 36.5730663)
3775373074,36.5732195,140.6256998,,,3,,POINT (140.6256998 36.5732195)
3775373101,36.5743836,140.6338057,,,3,,POINT (140.6338057 36.5743836)
3775488564,36.572113,140.6518084,,,3,,POINT (140.6518084 36.572113)
3775488565,36.5798136,140.6564358,,,3,,POINT (140.6564358 36.5798136)
3775545623,36.5353249,140.6278826,,,3,,POINT (140.6278826 36.5353249)
3775552687,36.5801304,140.6490014,,,3,,POINT (140.6490014 36.5801304)
3775552701,36.5867331,140.6617334,,,3,,POINT (140.6617334 36.5867331)
3775783466,36.6846031,140.6948883,,,3,,POINT (140.6948883 36.6846031)
4017013520,36.5246097,140.6028487,,,1,,POINT (140.6028487 36.5246097)
4017020046,36.5156291,140.5972033,,,3,,POINT (140.5972033 36.5156291)
4262968646,36.5864766,140.6607233,,,3,,POINT (140.6607233 36.5864766)
4268790444,36.585671,140.6394008,,,3,,POINT (140.6394008 36.585671)
4309625320,36.6645905,140.6920857,,,4,,POINT (140.6920857 36.6645905)
4322634945,36.5840969,140.65886,,,3,,POINT (140.65886 36.5840969)
4322634947,36.5829282,140.6583951,,,3,,POINT (140.6583951 36.5829282)
4322634948,36.5824439,140.6580809,,,3,,POINT (140.6580809 36.5824439)
4322634949,36.5821639,140.6586394,,,4,,POINT (140.6586394 36.5821639)
4322634950,36.5819089,140.6591275,,,4,,POINT (140.6591275 36.5819089)
4322634959,36.5822738,140.6606155,,,3,,POINT (140.6606155 36.5822738)
4322634965,36.5830871,140.6613093,,,3,,POINT (140.6613093 36.5830871)
4322634966,36.5848435,140.6605905,traffic_signals,,4,,POINT (140.6605905 36.5848435)
4322634967,36.5846176,140.659734,,,4,,POINT (140.659734 36.5846176)
4322634968,36.5844094,140.6603192,,,4,,POINT (140.6603192 36.5844094)
4322634970,36.5841139,140.6609638,,,3,,POINT (140.6609638 36.5841139)
4322634971,36.5834447,140.6606593,,,3,,POINT (140.6606593 36.5834447)
4322634972,36.5837057,140.6600952,,,3,,POINT (140.6600952 36.5837057)
4322634974,36.5841872,140.6607749,,,4,,POINT (140.6607749 36.5841872)
4322634975,36.584694,140.6611103,,,3,,POINT (140.6611103 36.584694)
4322634976,36.5865924,140.6601344,,,3,,POINT (140.6601344 36.5865924)
4322634978,36.5847992,140.6592463,,,3,,POINT (140.6592463 36.5847992)
4322634979,36.5851728,140.6594459,,,3,,POINT (140.6594459 36.5851728)
4322634980,36.5863186,140.6599973,,,3,,POINT (140.6599973 36.5863186)
4322634981,36.5859549,140.660511,,,3,,POINT (140.660511 36.5859549)
4322634983,36.5856591,140.6610861,,,4,,POINT (140.6610861 36.5856591)
4322634990,36.5888732,140.6617462,,,3,,POINT (140.6617462 36.5888732)
4322637061,36.5923259,140.6636156,,,1,,POINT (140.6636156 36.5923259)
4322637065,36.5889934,140.6628954,,,3,,POINT (140.6628954 36.5889934)
4322637066,36.589114,140.6629665,,,3,,POINT (140.6629665 36.589114)
4322637070,36.589872,140.6633903,,,1,,POINT (140.6633903 36.589872)
4322637079,36.593328,140.6643847,,,3,,POINT (140.6643847 36.593328)
4322637080,36.5983648,140.6638586,,,4,,POINT (140.6638586 36.5983648)
4322637081,36.5991929,140.6644058,,,4,,POINT (140.6644058 36.5991929)
4322637082,36.599768,140.6647365,,,3,,POINT (140.6647365 36.599768)
4322637083,36.5985306,140.6619504,,,3,,POINT (140.6619504 36.5985306)
4322637084,36.5980199,140.6629475,,,4,,POINT (140.6629475 36.5980199)
4322637085,36.5977831,140.6635049,,,4,,POINT (140.6635049 36.5977831)
4322637086,36.597507,140.6641328,,,4,,POINT (140.6641328 36.597507)
4322637389,36.5970196,140.6622865,,,3,,POINT (140.6622865 36.5970196)
4322637390,36.5986331,140.6607792,,,4,,POINT (140.6607792 36.5986331)
4322637391,36.5981433,140.6616914,,,3,,POINT (140.6616914 36.5981433)
4322637392,36.5983231,140.6599566,,,3,,POINT (140.6599566 36.5983231)
4322637393,36.5988286,140.6605314,,,3,,POINT (140.6605314 36.5988286)
4322637394,36.5995092,140.6626653,,,3,,POINT (140.6626653 36.5995092)
4322637397,36.6021799,140.6636924,,,3,,POINT (140.6636924 36.6021799)
4322637398,36.601986,140.6636513,,,3,,POINT (140.6636513 36.601986)
4322637399,36.6035426,140.655474,,,4,,POINT (140.655474 36.6035426)
4322637401,36.6033833,140.6542675,,,3,,POINT (140.6542675 36.6033833)
4322642369,36.6033503,140.6490485,,,3,,POINT (140.6490485 36.6033503)
4322642370,36.6027019,140.6482774,,,3,,POINT (140.6482774 36.6027019)
4322642382,36.6027474,140.6483308,,,3,,POINT (140.6483308 36.6027474)
4322642383,36.6025757,140.6486575,,,3,,POINT (140.6486575 36.6025757)
4322642384,36.6030835,140.6492622,,,3,,POINT (140.6492622 36.6030835)
4322642385,36.6024831,140.6490973,,,3,,POINT (140.6490973 36.6024831)
4322642386,36.6019376,140.6491602,,,3,,POINT (140.6491602 36.6019376)
4322642387,36.6016984,140.6468177,,,3,,POINT (140.6468177 36.6016984)
4322643191,36.6024051,140.6473936,,,1,,POINT (140.6473936 36.6024051)
4322643192,36.6023684,140.647584,,,1,,POINT (140.647584 36.6023684)
4322643195,36.6012826,140.6491195,,,3,,POINT (140.6491195 36.6012826)
4322643200,36.6011949,140.6448052,,,1,,POINT (140.6448052 36.6011949)
4322643201,36.6020211,140.6463915,,,3,,POINT (140.6463915 36.6020211)
4322643202,36.6020369,140.6454168,,,1,,POINT (140.6454168 36.6020369)
4322643203,36.6020332,140.6456448,,,3,,POINT (140.6456448 36.6020332)
4322643204,36.6017096,140.6456501,,,3,,POINT (140.6456501 36.6017096)
4322643205,36.6017009,140.6462539,,,3,,POINT (140.6462539 36.6017009)
4322643206,36.6020234,140.6462508,,,3,,POINT (140.6462508 36.6020234)
4322643207,36.6014576,140.6462563,,,1,,POINT (140.6462563 36.6014576)
4322660657,36.603527,140.6441409,,,3,,POINT (140.6441409 36.603527)
4322660658,36.6037766,140.6444942,,,3,,POINT (140.6444942 36.6037766)
4322660660,36.6039683,140.6448965,,,3,,POINT (140.6448965 36.6039683)
4322660671,36.6025325,140.6465728,,,3,,POINT (140.6465728 36.6025325)
4322660673,36.6030493,140.6461974,,,3,,POINT (140.6461974 36.6030493)
4322660674,36.6087139,140.6415874,,,3,,POINT (140.6415874 36.6087139)
4322660679,36.6081253,140.642684,,,4,,POINT (140.642684 36.6081253)
4322660680,36.6089258,140.6399129,,,3,,POINT (140.6399129 36.6089258)
4322660681,36.6087365,140.6401959,,,3,,POINT (140.6401959 36.6087365)
4322660683,36.6080087,140.640891,,,4,,POINT (140.640891 36.6080087)
4322660684,36.6073564,140.6419255,,,3,,POINT (140.6419255 36.6073564)
4322660685,36.6083877,140.6403317,,,3,,POINT (140.6403317 36.6083877)
4322660686,36.6090045,140.6409381,,,3,,POINT (140.6409381 36.6090045)
4322660687,36.6085183,140.6413951,,,3,,POINT (140.6413951 36.6085183)
4322660688,36.6078681,140.6424322,,,3,,POINT (140.6424322 36.6078681)
4322660689,36.608268,140.6411462,,,3,,POINT (140.6411462 36.608268)
4322660690,36.6076085,140.6421752,,,3,,POINT (140.6421752 36.6076085)
4322660691,36.6074551,140.6404468,,,3,,POINT (140.6404468 36.6074551)
4322660692,36.6068443,140.6414186,,,3,,POINT (140.6414186 36.6068443)
4322660693,36.6077534,140.6406347,,,3,,POINT (140.6406347 36.6077534)
4322660694,36.6070989,140.6416706,,,3,,POINT (140.6416706 36.6070989)
4322660698,36.6084844,140.6420974,,,3,,POINT (140.6420974 36.6084844)
4322660699,36.6087743,140.6424383,,,3,,POINT (140.6424383 36.6087743)
4322660700,36.6083912,140.6429865,,,3,,POINT (140.6429865 36.6083912)
4322660701,36.6091478,140.6401339,,,3,,POINT (140.6401339 36.6091478)
4322660703,36.6092392,140.6394328,,,3,,POINT (140.6394328 36.6092392)
4322660704,36.6043153,140.6425941,,,3,,POINT (140.6425941 36.6043153)
4322660716,36.6044364,140.642907,,,3,,POINT (140.642907 36.6044364)
4322660717,36.6053608,140.6420113,,,4,,POINT (140.6420113 36.6053608)
4322660718,36.6054879,140.6424279,,,4,,POINT (140.6424279 36.6054879)
4322660719,36.6057191,140.6432226,,,3,,POINT (140.6432226 36.6057191)
4322660720,36.6045895,140.6432897,,,3,,POINT (140.6432897 36.6045895)
4322660721,36.6056054,140.6428297,,,4,,POINT (140.6428297 36.6056054)
4322660722,36.6064316,140.642461,,,3,,POINT (140.642461 36.6064316)
4322660723,36.6066105,140.6421633,,,3,,POINT (140.6421633 36.6066105)
4322660724,36.6077502,140.6437606,,,3,,POINT (140.6437606 36.6077502)
4322660725,36.607048,140.6425934,,,3,,POINT (140.6425934 36.607048)
4322660726,36.6068636,140.6428867,,,4,,POINT (140.6428867 36.6068636)
4322660727,36.6064807,140.643495,,,3,,POINT (140.643495 36.6064807)
4322660728,36.6060955,140.642609,,,3,,POINT (140.642609 36.6060955)
4322660729,36.6066785,140.6431807,,,4,,POINT (140.6431807 36.6066785)
4322660730,36.6074134,140.6438969,,,3,,POINT (140.6438969 36.6074134)
4322660731,36.6012852,140.6480896,,,3,,POINT (140.6480896 36.6012852)
4322660737,36.6021747,140.6476081,,,1,,POINT (140.6476081 36.6021747)
4322660739,36.5989297,140.6433825,,,3,,POINT (140.6433825 36.5989297)
4322660751,36.598858,140.6456897,,,3,,POINT (140.6456897 36.598858)
4322660761,36.5992948,140.6449241,,,3,,POINT (140.6449241 36.5992948)
4322660768,36.5972008,140.6455535,,,3,,POINT (140.6455535 36.5972008)
4322660771,36.5983455,140.6456899,,,3,,POINT (140.6456899 36.5983455)
4322660775,36.5981544,140.6441347,,,1,,POINT (140.6441347 36.5981544)
4322662568,36.6004659,140.6478502,,,3,,POINT (140.6478502 36.6004659)
4349326335,36.5026975,140.6083055,,,3,,POINT (140.6083055 36.5026975)
4349326354,36.5063284,140.608573,,,3,,POINT (140.608573 36.5063284)
4349326356,36.5063436,140.607515,,,3,,POINT (140.607515 36.5063436)
4349326363,36.5067229,140.6082528,,,3,,POINT (140.6082528 36.5067229)
4349326365,36.5068924,140.6053305,,,3,,POINT (140.6053305 36.5068924)
4349326367,36.5069882,140.6051011,,,3,,POINT (140.6051011 36.5069882)
4349326373,36.5080125,140.5996743,,,3,,POINT (140.5996743 36.5080125)
4349326377,36.5083319,140.5980341,,,1,,POINT (140.5980341 36.5083319)
4349326383,36.5085273,140.5981385,,,3,,POINT (140.5981385 36.5085273)
4349326384,36.5085447,140.5983697,,,3,,POINT (140.5983697 36.5085447)
4349326385,36.5085501,140.6003341,,,1,,POINT (140.6003341 36.5085501)
4349326388,36.5085773,140.5987975,,,3,,POINT (140.5987975 36.5085773)
4349326491,36.5086096,140.5992186,,,3,,POINT (140.5992186 36.5086096)
4349326494,36.5087582,140.6001866,,,1,,POINT (140.6001866 36.5087582)
4349326496,36.5087748,140.6004703,,,4,,POINT (140.6004703 36.5087748)
4349326498,36.5088153,140.6009416,,,3,,POINT (140.6009416 36.5088153)
4349326507,36.5090411,140.5995885,,,3,,POINT (140.5995885 36.5090411)
4349326509,36.5090703,140.6000066,,,4,,POINT (140.6000066 36.5090703)
4349326510,36.509072,140.5981109,,,3,,POINT (140.5981109 36.509072)
4349326512,36.5091002,140.6004353,,,3,,POINT (140.6004353 36.5091002)
4349326514,36.509176,140.6013486,,,3,,POINT (140.6013486 36.509176)
4349326517,36.5092158,140.5980904,,,3,,POINT (140.5980904 36.5092158)
4349326525,36.5095658,140.5986794,,,4,,POINT (140.5986794 36.5095658)
4349326526,36.5095976,140.599104,,,3,,POINT (140.599104 36.5095976)
4349326527,36.5095981,140.5991109,,,3,,POINT (140.5991109 36.5095981)
4349326530,36.5096289,140.5995217,,,4,,POINT (140.5995217 36.5096289)
4349326532,36.5096926,140.6003716,,,4,,POINT (140.6003716 36.5096926)
4349326534,36.509728,140.6008445,,,3,,POINT (140.6008445 36.509728)
4349326536,36.509761,140.6012837,,,3,,POINT (140.6012837 36.509761)
4349326538,36.5097865,140.6017047,,,3,,POINT (140.6017047 36.5097865)
4349326539,36.5097795,140.6016518,,,3,,POINT (140.6016518 36.5097795)
4349326570,36.5104022,140.6003047,,,3,,POINT (140.6003047 36.5104022)
4351085141,36.5100688,140.6240272,,,3,,POINT (140.6240272 36.5100688)
4352143724,36.5096611,140.5999514,,,4,,POINT (140.5999514 36.5096611)
4352365581,36.4968693,140.6100277,,,1,,POINT (140.6100277 36.4968693)
4352370697,36.5001165,140.6052654,,,3,,POINT (140.6052654 36.5001165)
4382139361,36.5768583,140.6345247,,,3,,POINT (140.6345247 36.5768583)
4382139369,36.5803177,140.6270152,,,3,,POINT (140.6270152 36.5803177)
4382139370,36.5806118,140.6271513,,,4,,POINT (140.6271513 36.5806118)
4382139375,36.5817188,140.6265491,,,3,,POINT (140.6265491 36.5817188)
4382139378,36.5820053,140.6262045,,,3,,POINT (140.6262045 36.5820053)
4382139384,36.5826077,140.659721,,,4,,POINT (140.659721 36.5826077)
4382139387,36.582779,140.6610938,,,3,,POINT (140.6610938 36.582779)
4382139501,36.5855465,140.6603052,,,4,,POINT (140.6603052 36.5855465)
4382139502,36.5859214,140.6604988,,,3,,POINT (140.6604988 36.5859214)
4382139524,36.5889661,140.6573531,,,4,yes,POINT (140.6573531 36.5889661)
4382139530,36.5906176,140.6531514,,,4,,POINT (140.6531514 36.5906176)
4382139535,36.5913318,140.653718,,,4,,POINT (140.653718 36.5913318)
4382139595,36.592263,140.6608055,,,5,yes,POINT (140.6608055 36.592263)
4382139616,36.5925265,140.659876,,,4,,POINT (140.659876 36.5925265)
4382139618,36.5927087,140.6610285,,,3,,POINT (140.6610285 36.5927087)
4382139619,36.5928224,140.6618824,,,4,,POINT (140.6618824 36.5928224)
4382139620,36.5929212,140.6588567,,,4,,POINT (140.6588567 36.5929212)
4382139623,36.5929631,140.66047,,,3,,POINT (140.66047 36.5929631)
4382139626,36.5931381,140.6600211,,,3,,POINT (140.6600211 36.5931381)
4382139628,36.5931605,140.6618903,,,3,,POINT (140.6618903 36.5931605)
4382139630,36.5932482,140.6580219,,,4,,POINT (140.6580219 36.5932482)
4382139631,36.5934593,140.6613002,,,3,,POINT (140.6613002 36.5934593)
4382139633,36.5935302,140.6610009,,,3,,POINT (140.6610009 36.5935302)
4382139634,36.5935835,140.6571624,,,4,yes,POINT (140.6571624 36.5935835)
4382139635,36.5936613,140.657212,,,4,yes,POINT (140.657212 36.5936613)
4382139637,36.593734,140.6572584,,,4,yes,POINT (140.6572584 36.593734)
4382139640,36.5937759,140.660643,,,3,,POINT (140.660643 36.5937759)
4382139655,36.5942748,140.6560922,,,4,yes,POINT (140.6560922 36.5942748)
4382139657,36.5943498,140.6561576,,,4,yes,POINT (140.6561576 36.5943498)
4382139658,36.5944287,140.6562235,,,4,yes,POINT (140.6562235 36.5944287)
4382139678,36.595209,140.6517428,,,3,,POINT (140.6517428 36.595209)
4382139685,36.5956234,140.6541031,,,4,yes,POINT (140.6541031 36.5956234)
4382139686,36.5957023,140.6541459,,,4,yes,POINT (140.6541459 36.5957023)
4382139687,36.5957042,140.6521798,,,4,,POINT (140.6521798 36.5957042)
4382139689,36.5957786,140.6541866,,,4,yes,POINT (140.6541866 36.5957786)
4382139694,36.5960383,140.6577265,traffic_signals,,5,,POINT (140.6577265 36.5960383)
4382139701,36.5963262,140.6524814,,,4,,POINT (140.6524814 36.5963262)
4382139702,36.5964138,140.6525138,,,4,yes,POINT (140.6525138 36.5964138)
4382139704,36.5964881,140.6525417,,,4,,POINT (140.6525417 36.5964881)
4382139722,36.5997618,140.6661432,,,3,,POINT (140.6661432 36.5997618)
4382139724,36.5997823,140.6574754,,,3,,POINT (140.6574754 36.5997823)
4382139728,36.6007117,140.6617279,traffic_signals,,4,,POINT (140.6617279 36.6007117)
4382139756,36.6090895,140.6593083,,,3,,POINT (140.6593083 36.6090895)
4382139773,36.6240649,140.6743787,,,3,,POINT (140.6743787 36.6240649)
4382139774,36.6240869,140.6738836,,,3,,POINT (140.6738836 36.6240869)
4382139777,36.6241698,140.6733863,,,3,,POINT (140.6733863 36.6241698)
4382139779,36.6243405,140.6729585,,,3,,POINT (140.6729585 36.6243405)
4382139780,36.6245166,140.6725363,,,3,,POINT (140.6725363 36.6245166)
4382139783,36.624691,140.6721192,,,3,,POINT (140.6721192 36.624691)
4382139787,36.624849,140.6731564,,,3,,POINT (140.6731564 36.624849)
4382139788,36.6248507,140.6736085,,,4,,POINT (140.6736085 36.6248507)
4382139791,36.6249122,140.6717505,,,3,,POINT (140.6717505 36.6249122)
4382139794,36.6249984,140.6727544,,,3,,POINT (140.6727544 36.6249984)
4382139797,36.6250655,140.6742077,,,3,,POINT (140.6742077 36.6250655)
4382139803,36.6252745,140.6727745,,,3,,POINT (140.6727745 36.6252745)
4382139805,36.6253094,140.6736828,,,3,,POINT (140.6736828 36.6253094)
4382139812,36.6256736,140.6737438,,,3,,POINT (140.6737438 36.6256736)
4382139815,36.6258015,140.6733964,,,3,,POINT (140.6733964 36.6258015)
4382139817,36.6261739,140.6746976,,,3,,POINT (140.6746976 36.6261739)
4382139821,36.6261993,140.6751221,,,3,,POINT (140.6751221 36.6261993)
4382139822,36.6262229,140.6742558,,,3,,POINT (140.6742558 36.6262229)
4382139830,36.6263823,140.6738103,,,3,,POINT (140.6738103 36.6263823)
4382139835,36.6265462,140.6733503,,,3,,POINT (140.6733503 36.6265462)
4382139848,36.6270807,140.6730233,,,4,,POINT (140.6730233 36.6270807)
4382139849,36.627092,140.6733114,,,3,,POINT (140.6733114 36.627092)
4382139852,36.6271733,140.6737461,,,3,,POINT (140.6737461 36.6271733)
4382139854,36.627197,140.6741716,,,4,,POINT (140.6741716 36.627197)
4382139857,36.6272222,140.6745952,,,3,,POINT (140.6745952 36.6272222)
4382139858,36.6272436,140.6750268,,,3,,POINT (140.6750268 36.6272436)
4382139860,36.6272679,140.6754922,,,3,,POINT (140.6754922 36.6272679)
4382139862,36.6274779,140.6732821,,,3,,POINT (140.6732821 36.6274779)
4382139863,36.6274679,140.6729637,,,3,,POINT (140.6729637 36.6274679)
4382139864,36.6275024,140.6737119,,,3,,POINT (140.6737119 36.6275024)
4382139865,36.6275282,140.674143,,,3,,POINT (140.674143 36.6275282)
4382139867,36.6276039,140.6754571,,,3,,POINT (140.6754571 36.6276039)
4382139874,36.6277751,140.6729418,,,3,,POINT (140.6729418 36.6277751)
4382139880,36.6278145,140.6736839,,,3,,POINT (140.6736839 36.6278145)
4382139882,36.6278558,140.6741148,,,3,,POINT (140.6741148 36.6278558)
4382139888,36.6279335,140.6752432,,,3,,POINT (140.6752432 36.6279335)
4382139995,36.6281754,140.6736567,,,4,,POINT (140.6736567 36.6281754)
4382139998,36.6281923,140.6740857,,,3,,POINT (140.6740857 36.6281923)
4382140001,36.6282195,140.6761648,,,1,,POINT (140.6761648 36.6282195)
4382140018,36.6283643,140.6755942,,,3,,POINT (140.6755942 36.6283643)
4382140021,36.6284262,140.6755278,,,3,,POINT (140.6755278 36.6284262)
4382140028,36.6286054,140.6754862,,,4,,POINT (140.6754862 36.6286054)
4382140054,36.6289056,140.6752951,,,3,,POINT (140.6752951 36.6289056)
4382140067,36.6294325,140.6749692,,,3,,POINT (140.6749692 36.6294325)
4382140079,36.6297343,140.6738514,,,3,,POINT (140.6738514 36.6297343)
4382140083,36.6297855,140.6734557,,,3,,POINT (140.6734557 36.6297855)
4382140097,36.6300891,140.6762389,,,3,,POINT (140.6762389 36.6300891)
4382140103,36.6301379,140.6729844,,,3,,POINT (140.6729844 36.6301379)
4382140113,36.6302172,140.6762699,,,3,,POINT (140.6762699 36.6302172)
4382140117,36.6302884,140.6758324,,,3,,POINT (140.6758324 36.6302884)
4382140122,36.630329,140.671192,,,3,,POINT (140.671192 36.630329)
4382140127,36.6304634,140.6754757,,,4,,POINT (140.6754757 36.6304634)
4382140128,36.6304796,140.6740169,,,3,,POINT (140.6740169 36.6304796)
4382140131,36.6306302,140.6751357,,,3,,POINT (140.6751357 36.6306302)
4382140137,36.6307701,140.673437,,,3,,POINT (140.673437 36.6307701)
4382140138,36.6308199,140.6739874,,,3,,POINT (140.6739874 36.6308199)
4382140139,36.6308343,140.6764193,,,3,,POINT (140.6764193 36.6308343)
4382140140,36.6308346,140.673996,,,3,,POINT (140.673996 36.6308346)
4382140143,36.6308997,140.6745862,,,3,,POINT (140.6745862 36.6308997)
4382140145,36.6309078,140.6762505,,,3,,POINT (140.6762505 36.6309078)
4382140152,36.6310159,140.6754228,,,3,,POINT (140.6754228 36.6310159)
4382140153,36.6310331,140.6736407,,,3,,POINT (140.6736407 36.6310331)
4382140154,36.6310603,140.6759003,,,4,,POINT (140.6759003 36.6310603)
4382140156,36.6310947,140.6741887,,,3,,POINT (140.6741887 36.6310947)
4382140161,36.6311851,140.6747929,,,3,,POINT (140.6747929 36.6311851)
4382140163,36.6312005,140.6755602,,,3,,POINT (140.6755602 36.6312005)
4382140168,36.631376,140.6744046,,,3,,POINT (140.6744046 36.631376)
4382140173,36.6316264,140.6745967,,,4,,POINT (140.6745967 36.6316264)
4382140190,36.6318449,140.6762942,,,3,,POINT (140.6762942 36.6318449)
4382140191,36.6318454,140.6739034,,,3,,POINT (140.6739034 36.6318454)
4382140197,36.6318811,140.6763082,,,3,,POINT (140.6763082 36.6318811)
4382140222,36.6320515,140.6742172,,,4,,POINT (140.6742172 36.6320515)
4382140233,36.6322252,140.6764159,,,3,,POINT (140.6764159 36.6322252)
4382140267,36.6326374,140.6708872,,,3,,POINT (140.6708872 36.6326374)
4382140285,36.6329246,140.6718265,,,3,,POINT (140.6718265 36.6329246)
4382140286,36.6329742,140.6762983,,,4,,POINT (140.6762983 36.6329742)
4382140287,36.6329759,140.6717777,,,3,,POINT (140.6717777 36.6329759)
4382140294,36.633027,140.6709425,,,3,,POINT (140.6709425 36.633027)
4382140306,36.6334505,140.6717214,,,1,,POINT (140.6717214 36.6334505)
4382140319,36.5968933,140.6514115,,,5,yes,POINT (140.6514115 36.5968933)
4382146520,36.5967439,140.6555595,,,5,,POINT (140.6555595 36.5967439)
4382146523,36.5969089,140.6547942,traffic_signals,,4,,POINT (140.6547942 36.5969089)
4382146528,36.5973902,140.6561512,,,3,,POINT (140.6561512 36.5973902)
4383039669,36.5749248,140.6396779,,,3,,POINT (140.6396779 36.5749248)
4383040891,36.5764283,140.6402814,,,3,,POINT (140.6402814 36.5764283)
4383040897,36.5767195,140.6398557,,,4,,POINT (140.6398557 36.5767195)
4383040898,36.576759,140.6402306,,,4,,POINT (140.6402306 36.576759)
4383040912,36.5770939,140.6393265,,,3,,POINT (140.6393265 36.5770939)
4383040917,36.5772202,140.6405566,,,3,,POINT (140.6405566 36.5772202)
4383040919,36.577277,140.6402277,,,4,,POINT (140.6402277 36.577277)
4383040923,36.5773761,140.6397691,,,1,,POINT (140.6397691 36.5773761)
4383040930,36.5776408,140.6390427,,,3,,POINT (140.6390427 36.5776408)
4383040931,36.5778219,140.6391548,,,3,,POINT (140.6391548 36.5778219)
4383040932,36.5778988,140.6408224,,,3,,POINT (140.6408224 36.5778988)
4383040933,36.5779261,140.638565,,,3,,POINT (140.638565 36.5779261)
4383040934,36.5779906,140.6381996,,,3,,POINT (140.6381996 36.5779906)
4383040935,36.5780179,140.6407186,,,1,,POINT (140.6407186 36.5780179)
4383040937,36.5780653,140.6377762,,,3,,POINT (140.6377762 36.5780653)
4383040938,36.5781119,140.6386408,,,3,,POINT (140.6386408 36.5781119)
4383040939,36.5781344,140.6374255,,,3,,POINT (140.6374255 36.5781344)
4383040941,36.5781515,140.6393372,,,1,,POINT (140.6393372 36.5781515)
4383040942,36.5781799,140.6382478,,,4,,POINT (140.6382478 36.5781799)
4383040949,36.5783095,140.6370535,,,3,,POINT (140.6370535 36.5783095)
4383040954,36.5784226,140.6417978,,,3,,POINT (140.6417978 36.5784226)
4383040956,36.5784896,140.638326,,,3,,POINT (140.638326 36.5784896)
4383040970,36.578817,140.6391495,,,3,,POINT (140.6391495 36.578817)
4383040975,36.5790841,140.6389322,,,3,,POINT (140.6389322 36.5790841)
4383040980,36.5793964,140.6395357,,,3,,POINT (140.6395357 36.5793964)
4385172217,36.5704453,140.6286069,,,3,,POINT (140.6286069 36.5704453)
4385172219,36.5706976,140.6275897,,,3,,POINT (140.6275897 36.5706976)
4385172221,36.5708624,140.6269185,,,3,,POINT (140.6269185 36.5708624)
4385172223,36.5710413,140.6262746,,,3,,POINT (140.6262746 36.5710413)
4385172224,36.5710906,140.6276689,,,3,,POINT (140.6276689 36.5710906)
4385172227,36.5712168,140.6269951,,,4,,POINT (140.6269951 36.5712168)
4385172230,36.5714111,140.626339,,,3,,POINT (140.626339 36.5714111)
4385172231,36.5714202,140.6277408,,,3,,POINT (140.6277408 36.5714202)
4385172233,36.5715534,140.6270529,,,4,,POINT (140.6270529 36.5715534)
4385172236,36.5716337,140.6277874,,,3,,POINT (140.6277874 36.5716337)
4385172237,36.5717244,140.6263953,,,3,,POINT (140.6263953 36.5717244)
4385172239,36.5718794,140.6271222,,,3,,POINT (140.6271222 36.5718794)
4385172244,36.5720466,140.626468,,,3,,POINT (140.626468 36.5720466)
4385172249,36.5732429,140.6304977,,,3,,POINT (140.6304977 36.5732429)
4385172251,36.579219,140.626459,,,4,,POINT (140.626459 36.579219)
4385172275,36.5918917,140.6440095,,,3,,POINT (140.6440095 36.5918917)
4385172285,36.5924994,140.6455422,,,3,,POINT (140.6455422 36.5924994)
4385172492,36.5932224,140.6471939,,,4,,POINT (140.6471939 36.5932224)
4385172697,36.5956047,140.6552954,,,3,,POINT (140.6552954 36.5956047)
4385172779,36.5961217,140.6529503,,,4,yes,POINT (140.6529503 36.5961217)
4385172916,36.5962501,140.6510183,,,3,,POINT (140.6510183 36.5962501)
4385172954,36.596487,140.6499418,,,3,,POINT (140.6499418 36.596487)
4385173143,36.5969242,140.6505275,,,3,,POINT (140.6505275 36.5969242)
4385173184,36.597153,140.649661,,,3,,POINT (140.649661 36.597153)
4385173345,36.5973918,140.6455508,,,3,,POINT (140.6455508 36.5973918)
4385173378,36.597707,140.6510696,,,4,,POINT (140.6510696 36.597707)
4385173489,36.5978478,140.6507468,,,3,,POINT (140.6507468 36.5978478)
4385173505,36.5980224,140.6503468,,,4,,POINT (140.6503468 36.5980224)
4385173512,36.5981355,140.6499136,,,3,,POINT (140.6499136 36.5981355)
4385173525,36.5982466,140.6513355,,,3,,POINT (140.6513355 36.5982466)
4385173535,36.598316,140.6519545,,,3,,POINT (140.6519545 36.598316)
4385173536,36.5983212,140.651022,,,3,,POINT (140.651022 36.5983212)
4385173540,36.598392,140.6487509,,,4,,POINT (140.6487509 36.598392)
4385173551,36.5984647,140.6508409,,,3,,POINT (140.6508409 36.5984647)
4385173572,36.5996421,140.6544697,,,3,,POINT (140.6544697 36.5996421)
4386283465,36.5988296,140.6424793,,,3,,POINT (140.6424793 36.5988296)
4386283474,36.5990781,140.6440067,,,3,,POINT (140.6440067 36.5990781)
4386283477,36.5991634,140.6431583,,,3,,POINT (140.6431583 36.5991634)
4386283487,36.5993569,140.6423357,,,3,,POINT (140.6423357 36.5993569)
4386283497,36.5994186,140.6420628,,,3,,POINT (140.6420628 36.5994186)
4386283501,36.5997489,140.6435279,,,1,,POINT (140.6435279 36.5997489)
4386283547,36.6041324,140.6474206,,,3,,POINT (140.6474206 36.6041324)
4386283584,36.6043391,140.6476216,,,3,,POINT (140.6476216 36.6043391)
4386283610,36.604717,140.6480455,,,3,,POINT (140.6480455 36.604717)
4386283627,36.6048839,140.6482694,,,3,,POINT (140.6482694 36.6048839)
4386283648,36.6050635,140.6493752,,,3,,POINT (140.6493752 36.6050635)
4386284197,36.608192,140.6406046,,,3,,POINT (140.6406046 36.608192)
4386284250,36.6088591,140.6412666,,,3,,POINT (140.6412666 36.6088591)
4386284252,36.6091586,140.6406127,,,3,,POINT (140.6406127 36.6091586)
4386284258,36.6096509,140.6399318,,,1,,POINT (140.6399318 36.6096509)
4419720183,36.6815874,140.6983067,,,3,,POINT (140.6983067 36.6815874)
4419722792,36.6800227,140.6935858,,,3,,POINT (140.6935858 36.6800227)
4419722799,36.6782572,140.6922556,,,3,,POINT (140.6922556 36.6782572)
4419722808,36.6768978,140.6911246,,,3,,POINT (140.6911246 36.6768978)
4419722809,36.6752473,140.6906055,,,3,,POINT (140.6906055 36.6752473)
4419722834,36.6789571,140.6937181,,,3,,POINT (140.6937181 36.6789571)
4419722840,36.6763609,140.692674,,,3,,POINT (140.692674 36.6763609)
4419722845,36.6757089,140.694082,,,3,,POINT (140.694082 36.6757089)
4419722850,36.6772975,140.693255,,,3,,POINT (140.693255 36.6772975)
4419722854,36.6776041,140.6927614,,,3,,POINT (140.6927614 36.6776041)
4419722856,36.6774915,140.6933503,,,3,,POINT (140.6933503 36.6774915)
4419725181,36.6768145,140.6917395,,,3,,POINT (140.6917395 36.6768145)
4419725186,36.6759101,140.6925789,,,3,,POINT (140.6925789 36.6759101)
4419725190,36.6748743,140.6927475,,,3,,POINT (140.6927475 36.6748743)
4419725195,36.6801196,140.699442,,,3,,POINT (140.699442 36.6801196)
4419725207,36.6786605,140.7037911,,,3,,POINT (140.7037911 36.6786605)
4419725216,36.677487,140.699755,,,3,,POINT (140.699755 36.677487)
4419725217,36.6937182,140.7123484,,,3,,POINT (140.7123484 36.6937182)
4419729909,36.6921478,140.6865365,,,1,,POINT (140.6865365 36.6921478)
4419729910,36.6904786,140.6908218,,,3,,POINT (140.6908218 36.6904786)
4419729911,36.6914943,140.690641,,,3,,POINT (140.690641 36.6914943)
4419729912,36.6912075,140.6881514,,,1,,POINT (140.6881514 36.6912075)
4419729915,36.6930012,140.6914418,,,1,,POINT (140.6914418 36.6930012)
4419734590,36.5534838,140.6330103,,,3,,POINT (140.6330103 36.5534838)
4419734591,36.5551847,140.630839,,,3,,POINT (140.630839 36.5551847)
4419734593,36.5550006,140.6314882,,,3,,POINT (140.6314882 36.5550006)
4419734595,36.5544835,140.6310734,,,3,,POINT (140.6310734 36.5544835)
4419734597,36.5539095,140.6311623,,,4,,POINT (140.6311623 36.5539095)
4419734600,36.5529825,140.632327,,,3,,POINT (140.632327 36.5529825)
4419734601,36.5537446,140.6333666,,,3,,POINT (140.6333666 36.5537446)
4419734602,36.5544281,140.6326,,,3,,POINT (140.6326 36.5544281)
4419734603,36.5547442,140.6330288,,,3,,POINT (140.6330288 36.5547442)
4419734604,36.5564882,140.6346038,,,4,,POINT (140.6346038 36.5564882)
4419734605,36.5555794,140.6357365,,,4,,POINT (140.6357365 36.5555794)
4419734606,36.5552742,140.6361267,,,1,,POINT (140.6361267 36.5552742)
4419734607,36.5591032,140.6373072,,,3,,POINT (140.6373072 36.5591032)
4419734608,36.5591739,140.6378916,,,4,,POINT (140.6378916 36.5591739)
4419734609,36.5596952,140.6371949,,,3,,POINT (140.6371949 36.5596952)
4419734612,36.5585007,140.6380222,,,3,,POINT (140.6380222 36.5585007)
4419734616,36.5616482,140.6371323,,,3,,POINT (140.6371323 36.5616482)
4419734619,36.563999,140.6391887,,,3,,POINT (140.6391887 36.563999)
4419734620,36.5639067,140.6399594,,,3,,POINT (140.6399594 36.5639067)
4419734623,36.5629905,140.6404428,,,3,,POINT (140.6404428 36.5629905)
4419734627,36.5628772,140.6380368,,,3,,POINT (140.6380368 36.5628772)
4419734628,36.5565598,140.6305517,,,3,,POINT (140.6305517 36.5565598)
4419734632,36.5549732,140.6250793,,,3,,POINT (140.6250793 36.5549732)
4419734633,36.5549096,140.6261092,,,4,,POINT (140.6261092 36.5549096)
4419734634,36.5544845,140.6265791,,,4,,POINT (140.6265791 36.5544845)
4419734637,36.5534665,140.6280345,,,3,,POINT (140.6280345 36.5534665)
4419734638,36.553022,140.6262528,,,3,,POINT (140.6262528 36.553022)
4419734640,36.5535644,140.6267655,,,4,,POINT (140.6267655 36.5535644)
4419734642,36.5539182,140.6272261,,,4,,POINT (140.6272261 36.5539182)
4419734643,36.5543849,140.6278839,,,3,,POINT (140.6278839 36.5543849)
4419734644,36.5541447,140.628151,,,3,,POINT (140.628151 36.5541447)
4419734646,36.5550037,140.6291802,,,3,,POINT (140.6291802 36.5550037)
4419734648,36.5618073,140.6291131,,,3,,POINT (140.6291131 36.5618073)
4419734649,36.5635937,140.6311293,,,3,,POINT (140.6311293 36.5635937)
4472054848,36.6096019,140.6711733,traffic_signals,,4,,POINT (140.6711733 36.6096019)
4472054856,36.6171331,140.6702093,,,3,,POINT (140.6702093 36.6171331)
4472054857,36.6184848,140.666591,,,3,,POINT (140.666591 36.6184848)
4472054877,36.6146787,140.67105,,,4,,POINT (140.67105 36.6146787)
4472054884,36.614076,140.6719417,,,3,,POINT (140.6719417 36.614076)
4472054888,36.6141852,140.6731336,,,3,,POINT (140.6731336 36.6141852)
4472054889,36.6142075,140.6733526,,,3,,POINT (140.6733526 36.6142075)
4472054895,36.61628,140.6738347,,,4,,POINT (140.6738347 36.61628)
4472054921,36.612066,140.6741393,,,3,,POINT (140.6741393 36.612066)
4472054922,36.6207169,140.6813168,,,3,,POINT (140.6813168 36.6207169)
4472054928,36.6194303,140.6796291,,,1,,POINT (140.6796291 36.6194303)
4472054929,36.6200312,140.6802327,,,3,,POINT (140.6802327 36.6200312)
4472054934,36.6183066,140.6799246,,,3,,POINT (140.6799246 36.6183066)
4472054935,36.6210392,140.67837,,,3,yes,POINT (140.67837 36.6210392)
4472054939,36.6202085,140.6803128,,,3,,POINT (140.6803128 36.6202085)
4472054940,36.6228297,140.6799226,,,3,,POINT (140.6799226 36.6228297)
4472054942,36.6223574,140.6813073,,,3,,POINT (140.6813073 36.6223574)
4472054945,36.6265063,140.6861771,,,3,,POINT (140.6861771 36.6265063)
4472054946,36.6275236,140.6860872,,,4,,POINT (140.6860872 36.6275236)
4472054947,36.6291421,140.6858954,,,3,,POINT (140.6858954 36.6291421)
4472054948,36.6288386,140.6837575,,,3,,POINT (140.6837575 36.6288386)
4472054950,36.6288155,140.6841147,,,3,,POINT (140.6841147 36.6288155)
4472054956,36.629215,140.686318,,,3,,POINT (140.686318 36.629215)
4472054960,36.6289987,140.6869605,,,3,,POINT (140.6869605 36.6289987)
4472054963,36.6282804,140.6859963,,,3,,POINT (140.6859963 36.6282804)
4472054964,36.6279883,140.6860314,,,3,,POINT (140.6860314 36.6279883)
4472060502,36.6280476,140.6868844,,,3,,POINT (140.6868844 36.6280476)
4472060503,36.6268021,140.6870102,,,3,,POINT (140.6870102 36.6268021)
4472060509,36.6272334,140.6892939,,,3,,POINT (140.6892939 36.6272334)
4472060510,36.6275058,140.6830884,traffic_signals,,3,,POINT (140.6830884 36.6275058)
4472060517,36.6267806,140.686563,,,3,,POINT (140.686563 36.6267806)
4472060519,36.6321959,140.676783,,,3,,POINT (140.676783 36.6321959)
4472060520,36.6313306,140.6790897,,,3,,POINT (140.6790897 36.6313306)
4472060523,36.6302388,140.6801715,,,3,,POINT (140.6801715 36.6302388)
4472060527,36.6289329,140.6813493,,,3,,POINT (140.6813493 36.6289329)
4472060530,36.6306597,140.6826499,,,1,,POINT (140.6826499 36.6306597)
4472060531,36.6302312,140.6812191,,,3,,POINT (140.6812191 36.6302312)
4472060532,36.6290618,140.6817538,,,3,,POINT (140.6817538 36.6290618)
4472060533,36.6301242,140.6793702,,,4,,POINT (140.6793702 36.6301242)
4472060534,36.6304124,140.6772082,,,3,,POINT (140.6772082 36.6304124)
4472060540,36.6276438,140.6764166,,,3,,POINT (140.6764166 36.6276438)
4472060541,36.6266939,140.6762997,,,3,,POINT (140.6762997 36.6266939)
4472060543,36.628836,140.6789521,,,4,,POINT (140.6789521 36.628836)
4472060548,36.6262275,140.6806828,,,3,,POINT (140.6806828 36.6262275)
4472060559,36.626799,140.6817986,,,3,,POINT (140.6817986 36.626799)
4472060561,36.6261525,140.6805408,,,3,,POINT (140.6805408 36.6261525)
4472060562,36.6257662,140.6783108,,,1,,POINT (140.6783108 36.6257662)
4472060566,36.6263379,140.6796171,,,3,,POINT (140.6796171 36.6263379)
4472060572,36.6251986,140.6815845,,,3,,POINT (140.6815845 36.6251986)
4472060573,36.6281035,140.6799002,,,3,,POINT (140.6799002 36.6281035)
4472060574,36.628258,140.6805694,,,3,,POINT (140.6805694 36.628258)
4472060575,36.6281883,140.6802676,,,3,,POINT (140.6802676 36.6281883)
4472060578,36.6264081,140.6812891,,,3,,POINT (140.6812891 36.6264081)
4472060579,36.627009,140.6801593,,,3,,POINT (140.6801593 36.627009)
4472060580,36.6271076,140.6806575,,,3,,POINT (140.6806575 36.6271076)
4472060581,36.6262224,140.680386,,,3,,POINT (140.680386 36.6262224)
4472060587,36.6282711,140.6787687,,,3,,POINT (140.6787687 36.6282711)
4472060588,36.628149,140.6765188,,,3,,POINT (140.6765188 36.628149)
4472061009,36.6410923,140.6872458,,,3,,POINT (140.6872458 36.6410923)
4472061093,36.6270947,140.6783406,,,3,,POINT (140.6783406 36.6270947)
4472061097,36.6260312,140.6784638,,,3,,POINT (140.6784638 36.6260312)
4472061098,36.6275981,140.6785503,,,1,,POINT (140.6785503 36.6275981)
4472061100,36.6274702,140.6773535,,,3,,POINT (140.6773535 36.6274702)
4472061104,36.6278182,140.6786217,,,4,,POINT (140.6786217 36.6278182)
4472061105,36.6274591,140.6798627,,,3,,POINT (140.6798627 36.6274591)
4472061106,36.6275385,140.6795882,,,3,,POINT (140.6795882 36.6275385)
4472061108,36.6274567,140.6805316,,,3,,POINT (140.6805316 36.6274567)
4472061109,36.6275651,140.6810649,,,4,,POINT (140.6810649 36.6275651)
4472061112,36.6273913,140.6819936,,,1,,POINT (140.6819936 36.6273913)
4472061113,36.6300509,140.6777609,,,3,,POINT (140.6777609 36.6300509)
4472061114,36.6297116,140.6792362,,,4,,POINT (140.6792362 36.6297116)
4472061115,36.6296104,140.6800124,,,3,,POINT (140.6800124 36.6296104)
4472061116,36.6294813,140.6798599,,,3,,POINT (140.6798599 36.6294813)
4472061117,36.6286406,140.6795827,,,3,,POINT (140.6795827 36.6286406)
4472140032,36.6096508,140.6749764,,,4,,POINT (140.6749764 36.6096508)
4472140040,36.6105171,140.6758146,,,3,,POINT (140.6758146 36.6105171)
4472140041,36.6117461,140.6717729,,,4,,POINT (140.6717729 36.6117461)
4472140051,36.611977,140.6714479,,,3,,POINT (140.6714479 36.611977)
4472140068,36.6093136,140.6771253,,,3,,POINT (140.6771253 36.6093136)
4472140069,36.6125199,140.6706087,,,1,,POINT (140.6706087 36.6125199)
4472140072,36.6097636,140.6661131,,,3,,POINT (140.6661131 36.6097636)
4472140074,36.6094139,140.6659071,,,3,,POINT (140.6659071 36.6094139)
4472303936,36.5974486,140.656894,,,3,,POINT (140.656894 36.5974486)
4472303937,36.5972756,140.6580449,,,3,,POINT (140.6580449 36.5972756)
4472303941,36.5967991,140.6578139,traffic_signals,,4,,POINT (140.6578139 36.5967991)
4472303942,36.5937575,140.6592006,,,3,,POINT (140.6592006 36.5937575)
4472303943,36.594331,140.6598532,,,3,,POINT (140.6598532 36.594331)
4472307271,36.5935065,140.6594934,,,3,,POINT (140.6594934 36.5935065)
4472307273,36.5939889,140.66034,,,4,,POINT (140.66034 36.5939889)
4472307274,36.5942002,140.6606251,,,3,,POINT (140.6606251 36.5942002)
4472309282,36.6079004,140.6520071,,,3,,POINT (140.6520071 36.6079004)
4472309285,36.6107073,140.6485963,,,3,,POINT (140.6485963 36.6107073)
4472309889,36.6100191,140.6490889,,,3,,POINT (140.6490889 36.6100191)
4472309891,36.609907,140.6493156,,,3,,POINT (140.6493156 36.609907)
4472309892,36.6099735,140.6498329,,,3,,POINT (140.6498329 36.6099735)
4472309893,36.6109281,140.6481997,,,3,,POINT (140.6481997 36.6109281)
4472309897,36.6031769,140.6587613,,,4,,POINT (140.6587613 36.6031769)
4472309898,36.6029058,140.6582374,,,4,,POINT (140.6582374 36.6029058)
4472309899,36.6023749,140.6574367,,,4,,POINT (140.6574367 36.6023749)
4472309900,36.6020359,140.6569096,,,3,,POINT (140.6569096 36.6020359)
4472312247,36.5749352,140.6318449,,,3,,POINT (140.6318449 36.5749352)
4472312252,36.574992,140.6335416,,,3,,POINT (140.6335416 36.574992)
4472312253,36.5776476,140.6306069,,,3,,POINT (140.6306069 36.5776476)
4472312256,36.5788915,140.6312648,,,1,,POINT (140.6312648 36.5788915)
4472312257,36.5767971,140.6343765,,,4,,POINT (140.6343765 36.5767971)
4472312267,36.5796712,140.6311092,,,3,,POINT (140.6311092 36.5796712)
4472312272,36.5803518,140.6281588,,,3,,POINT (140.6281588 36.5803518)
4472312278,36.580621,140.6278155,,,4,,POINT (140.6278155 36.580621)
4472313989,36.5790788,140.6310368,,,1,,POINT (140.6310368 36.5790788)
4472313990,36.5786139,140.6296597,,,3,,POINT (140.6296597 36.5786139)
4472313993,36.5778384,140.6283739,,,3,,POINT (140.6283739 36.5778384)
4472313994,36.5763239,140.6330576,,,3,,POINT (140.6330576 36.5763239)
4472313995,36.5769109,140.6325979,,,3,,POINT (140.6325979 36.5769109)
4472313997,36.5776702,140.6319005,,,4,,POINT (140.6319005 36.5776702)
4472329016,36.5734742,140.6315592,,,3,,POINT (140.6315592 36.5734742)
4472329022,36.5736874,140.6304011,,,1,,POINT (140.6304011 36.5736874)
4472329023,36.5731132,140.6302537,,,3,,POINT (140.6302537 36.5731132)
4472329028,36.5737607,140.6289983,,,3,,POINT (140.6289983 36.5737607)
4472329030,36.5739804,140.6284378,,,3,,POINT (140.6284378 36.5739804)
4472329033,36.5735345,140.6280569,,,1,,POINT (140.6280569 36.5735345)
4472329034,36.5733723,140.6298699,,,3,,POINT (140.6298699 36.5733723)
4472329037,36.5736508,140.6284619,,,1,,POINT (140.6284619 36.5736508)
4472330294,36.5686605,140.6304718,,,3,,POINT (140.6304718 36.5686605)
4472330303,36.5685279,140.6331414,,,3,,POINT (140.6331414 36.5685279)
4472330305,36.5692444,140.633551,,,3,,POINT (140.633551 36.5692444)
4472330306,36.5680952,140.6328824,,,3,,POINT (140.6328824 36.5680952)
4472330307,36.5673969,140.6339595,,,3,,POINT (140.6339595 36.5673969)
4472330308,36.5667504,140.6337802,,,3,,POINT (140.6337802 36.5667504)
4472330315,36.5674242,140.6358249,,,3,,POINT (140.6358249 36.5674242)
4472330316,36.568562,140.6302328,,,3,,POINT (140.6302328 36.568562)
4472330323,36.5703396,140.6286031,,,3,,POINT (140.6286031 36.5703396)
4472330328,36.5679331,140.6291234,,,3,,POINT (140.6291234 36.5679331)
4472330329,36.5697472,140.6301293,,,1,,POINT (140.6301293 36.5697472)
4472335700,36.5704447,140.6223022,,,3,,POINT (140.6223022 36.5704447)
4472335714,36.5673922,140.6261911,,,3,,POINT (140.6261911 36.5673922)
4472335716,36.5670916,140.6258251,,,3,,POINT (140.6258251 36.5670916)
4472335719,36.5658433,140.6272157,,,3,,POINT (140.6272157 36.5658433)
4472335720,36.565905,140.6274389,,,3,,POINT (140.6274389 36.565905)
4472335725,36.5679373,140.6277539,,,3,,POINT (140.6277539 36.5679373)
4472335726,36.5682834,140.6247688,,,3,,POINT (140.6247688 36.5682834)
4472335735,36.5688705,140.6276707,,,3,,POINT (140.6276707 36.5688705)
4472335738,36.5685813,140.622031,,,3,,POINT (140.622031 36.5685813)
4472335740,36.5685597,140.6215107,,,3,,POINT (140.6215107 36.5685597)
4472335741,36.5688392,140.6210212,,,3,,POINT (140.6210212 36.5688392)
4472335745,36.5682711,140.6218798,,,4,,POINT (140.6218798 36.5682711)
4472335748,36.5681828,140.6231442,,,3,,POINT (140.6231442 36.5681828)
4472335749,36.5686761,140.6217977,,,1,,POINT (140.6217977 36.5686761)
4472335755,36.567117,140.6236028,,,3,,POINT (140.6236028 36.567117)
4472337835,36.5648093,140.6235658,,,3,,POINT (140.6235658 36.5648093)
4472337836,36.5647986,140.623928,,,3,,POINT (140.623928 36.5647986)
4472337843,36.5640532,140.624145,,,3,,POINT (140.624145 36.5640532)
4472337845,36.5636342,140.6246841,,,3,,POINT (140.6246841 36.5636342)
4472337846,36.5640996,140.624632,,,3,,POINT (140.624632 36.5640996)
4472337848,36.5640504,140.6264683,,,4,,POINT (140.6264683 36.5640504)
4472337849,36.5638475,140.62661,,,3,,POINT (140.62661 36.5638475)
4472338823,36.5665778,140.6252381,,,3,,POINT (140.6252381 36.5665778)
4472338824,36.5664526,140.6250254,,,3,,POINT (140.6250254 36.5664526)
4472338832,36.5663101,140.6233664,,,4,,POINT (140.6233664 36.5663101)
4472338839,36.566435,140.624691,,,3,,POINT (140.624691 36.566435)
4472338840,36.5659537,140.6234247,,,3,,POINT (140.6234247 36.5659537)
4472338843,36.5653971,140.6238659,,,3,,POINT (140.6238659 36.5653971)
4472338844,36.5659879,140.6237881,,,3,,POINT (140.6237881 36.5659879)
4472338845,36.5652238,140.6238783,,,3,,POINT (140.6238783 36.5652238)
4535270281,36.5374292,140.6166389,,,3,,POINT (140.6166389 36.5374292)
4535279082,36.5185122,140.6149143,,,1,,POINT (140.6149143 36.5185122)
4535296513,36.5385447,140.612419,,,3,,POINT (140.612419 36.5385447)
4535296514,36.5385299,140.613397,,,3,,POINT (140.613397 36.5385299)
4535296517,36.5381236,140.6129158,,,3,,POINT (140.6129158 36.5381236)
4535404690,36.5417034,140.6142643,,,3,,POINT (140.6142643 36.5417034)
4535481977,36.5402475,140.6138016,,,1,,POINT (140.6138016 36.5402475)
4535498275,36.5383289,140.6074663,,,3,,POINT (140.6074663 36.5383289)
4535512736,36.5400293,140.6158952,,,3,,POINT (140.6158952 36.5400293)
4535525284,36.5418947,140.6156075,,,3,,POINT (140.6156075 36.5418947)
4535525286,36.5412761,140.6157022,,,3,,POINT (140.6157022 36.5412761)
4535525989,36.5428335,140.6161672,,,1,,POINT (140.6161672 36.5428335)
4535525990,36.5431774,140.6159517,,,3,,POINT (140.6159517 36.5431774)
4535525991,36.5432139,140.6159421,,,3,,POINT (140.6159421 36.5432139)
4535525995,36.5417127,140.6143863,,,3,,POINT (140.6143863 36.5417127)
4535525996,36.5421979,140.6142764,,,3,,POINT (140.6142764 36.5421979)
4535525999,36.5427572,140.6142416,,,1,,POINT (140.6142416 36.5427572)
4535526000,36.5422415,140.6145867,,,3,,POINT (140.6145867 36.5422415)
4535529973,36.5420226,140.6195559,,,3,,POINT (140.6195559 36.5420226)
4535617047,36.5338719,140.6196372,,,3,,POINT (140.6196372 36.5338719)
4535617048,36.5336325,140.620283,,,3,,POINT (140.620283 36.5336325)
4535617050,36.5331897,140.6207816,,,3,,POINT (140.6207816 36.5331897)
4535617053,36.5326239,140.6212013,,,3,,POINT (140.6212013 36.5326239)
4535656733,36.5343591,140.6172143,,,3,,POINT (140.6172143 36.5343591)
4535656735,36.5341454,140.6179219,,,3,,POINT (140.6179219 36.5341454)
4535676728,36.5396858,140.616352,,,3,,POINT (140.616352 36.5396858)
4535688795,36.5442613,140.615075,,,3,,POINT (140.615075 36.5442613)
4542362151,36.5177854,140.6166663,,,3,,POINT (140.6166663 36.5177854)
4542362157,36.5176968,140.6154049,,,3,,POINT (140.6154049 36.5176968)
4542363155,36.5199238,140.6120243,,,1,,POINT (140.6120243 36.5199238)
4542363161,36.519299,140.6143974,,,3,,POINT (140.6143974 36.519299)
4542364648,36.5193404,140.6148628,,,3,,POINT (140.6148628 36.5193404)
4542364654,36.5189726,140.6142141,,,3,,POINT (140.6142141 36.5189726)
4542364663,36.5176349,140.613224,,,3,,POINT (140.613224 36.5176349)
4542364664,36.5174973,140.613206,,,3,,POINT (140.613206 36.5174973)
4542364667,36.5171837,140.6131662,,,3,,POINT (140.6131662 36.5171837)
4542364672,36.5166767,140.6130204,,,3,,POINT (140.6130204 36.5166767)
4542364673,36.5165864,140.6132016,,,3,,POINT (140.6132016 36.5165864)
4542364676,36.5161629,140.6139653,,,3,,POINT (140.6139653 36.5161629)
4542364677,36.5167115,140.6146536,,,3,,POINT (140.6146536 36.5167115)
4542364681,36.5152364,140.6131106,,,3,,POINT (140.6131106 36.5152364)
4542364683,36.5150617,140.6130558,,,4,,POINT (140.6130558 36.5150617)
4543230602,36.5179321,140.6153341,,,3,,POINT (140.6153341 36.5179321)
4543230603,36.5178606,140.6155169,,,3,,POINT (140.6155169 36.5178606)
4543230604,36.5184807,140.6137968,,,3,,POINT (140.6137968 36.5184807)
4543230608,36.5186458,140.6149969,,,3,,POINT (140.6149969 36.5186458)
4543230609,36.5186409,140.613924,,,3,,POINT (140.613924 36.5186409)
4543230612,36.518148,140.6152955,,,3,,POINT (140.6152955 36.518148)
4543230621,36.519051,140.6161223,,,3,,POINT (140.6161223 36.519051)
4543230622,36.5200871,140.6125434,,,1,,POINT (140.6125434 36.5200871)
4543230623,36.5203766,140.6126174,,,3,,POINT (140.6126174 36.5203766)
4543230627,36.5207067,140.6129314,,,3,,POINT (140.6129314 36.5207067)
4543230628,36.521078,140.6130642,,,3,,POINT (140.6130642 36.521078)
4543230630,36.5211381,140.6122042,,,1,,POINT (140.6122042 36.5211381)
4543240559,36.520744,140.6142478,,,3,,POINT (140.6142478 36.520744)
4543240560,36.5207566,140.6151784,,,3,,POINT (140.6151784 36.5207566)
4543240569,36.5201811,140.6164868,,,3,,POINT (140.6164868 36.5201811)
4543240573,36.519588,140.6135911,,,3,,POINT (140.6135911 36.519588)
4543240574,36.5202023,140.6139012,,,1,,POINT (140.6139012 36.5202023)
4543240583,36.5224713,140.6151119,,,4,,POINT (140.6151119 36.5224713)
4543240588,36.5238895,140.6162161,,,3,,POINT (140.6162161 36.5238895)
4543243189,36.5236018,140.6167683,,,3,,POINT (140.6167683 36.5236018)
4543243202,36.5213896,140.6153071,,,1,,POINT (140.6153071 36.5213896)
4543243210,36.5226704,140.614676,,,1,,POINT (140.614676 36.5226704)
4543243214,36.5222762,140.6158913,,,4,,POINT (140.6158913 36.5222762)
4543243217,36.5220562,140.6168599,,,3,,POINT (140.6168599 36.5220562)
4543265129,36.5329553,140.6170129,,,3,,POINT (140.6170129 36.5329553)
4543265130,36.5328043,140.6172914,,,3,,POINT (140.6172914 36.5328043)
4543265132,36.5334641,140.6147027,,,3,,POINT (140.6147027 36.5334641)
4543265137,36.5365284,140.6128726,,,3,,POINT (140.6128726 36.5365284)
4544851497,36.5413305,140.6301362,,,3,,POINT (140.6301362 36.5413305)
4544851498,36.541027,140.6289513,,,3,,POINT (140.6289513 36.541027)
4544851503,36.5400214,140.6292282,,,3,,POINT (140.6292282 36.5400214)
4548962241,36.5358135,140.6089395,,,3,,POINT (140.6089395 36.5358135)
4548970965,36.5300624,140.6120523,,,3,,POINT (140.6120523 36.5300624)
4548970974,36.5301626,140.6106189,,,4,,POINT (140.6106189 36.5301626)
4548993515,36.5371934,140.6148054,,,4,,POINT (140.6148054 36.5371934)
4552443210,36.5144778,140.6205617,,,1,,POINT (140.6205617 36.5144778)
4552443212,36.5137436,140.6221394,,,3,,POINT (140.6221394 36.5137436)
4552443214,36.5145323,140.6221358,,,3,,POINT (140.6221358 36.5145323)
4552443219,36.5329135,140.6209604,,,3,,POINT (140.6209604 36.5329135)
4552443220,36.5332037,140.6217634,,,3,,POINT (140.6217634 36.5332037)
4552443221,36.533467,140.6214591,,,3,,POINT (140.6214591 36.533467)
4552443226,36.5331927,140.6208626,,,3,,POINT (140.6208626 36.5331927)
4552443228,36.5364533,140.6206313,,,3,,POINT (140.6206313 36.5364533)
4552443231,36.5361091,140.6215019,,,3,,POINT (140.6215019 36.5361091)
4552443234,36.5358883,140.6207269,,,3,,POINT (140.6207269 36.5358883)
4552443235,36.5349752,140.6220965,,,3,,POINT (140.6220965 36.5349752)
4552443242,36.5359567,140.6204388,,,3,,POINT (140.6204388 36.5359567)
4552443243,36.5399268,140.6233981,,,3,,POINT (140.6233981 36.5399268)
4552443247,36.538599,140.6279601,,,3,,POINT (140.6279601 36.538599)
4552443248,36.5392676,140.6281314,,,3,,POINT (140.6281314 36.5392676)
4552443249,36.5399413,140.637481,,,3,,POINT (140.637481 36.5399413)
4552443256,36.5477022,140.6437634,,,1,,POINT (140.6437634 36.5477022)
4552443262,36.546904,140.6439518,,,3,,POINT (140.6439518 36.546904)
4552443263,36.5457751,140.642592,,,3,,POINT (140.642592 36.5457751)
4552443267,36.5460128,140.6420549,,,3,,POINT (140.6420549 36.5460128)
4552443270,36.5464892,140.6425911,,,4,,POINT (140.6425911 36.5464892)
4552443272,36.5472809,140.64296,,,3,,POINT (140.64296 36.5472809)
4552443273,36.5463016,140.64169,,,1,,POINT (140.64169 36.5463016)
4552443275,36.5481817,140.6376939,,,3,,POINT (140.6376939 36.5481817)
4552443278,36.5473704,140.6370954,,,1,,POINT (140.6370954 36.5473704)
4552443280,36.5464612,140.6366832,,,3,,POINT (140.6366832 36.5464612)
4552443287,36.5445117,140.6364362,,,3,,POINT (140.6364362 36.5445117)
4552443288,36.5493517,140.6314011,,,1,,POINT (140.6314011 36.5493517)
4552443291,36.5496258,140.6322441,,,3,,POINT (140.6322441 36.5496258)
4552443292,36.5488539,140.6313207,,,3,,POINT (140.6313207 36.5488539)
4552443295,36.5494563,140.6310196,,,4,,POINT (140.6310196 36.5494563)
4552443300,36.5467423,140.6286277,,,1,,POINT (140.6286277 36.5467423)
4552443303,36.5461699,140.627826,,,3,,POINT (140.627826 36.5461699)
4552443304,36.5469168,140.6263853,,,3,,POINT (140.6263853 36.5469168)
4552443307,36.5484747,140.6290729,,,1,,POINT (140.6290729 36.5484747)
4552443308,36.5484424,140.629317,,,3,,POINT (140.629317 36.5484424)
4552443309,36.548089,140.6291454,,,3,,POINT (140.6291454 36.548089)
4552443310,36.5480868,140.6289629,,,3,,POINT (140.6289629 36.5480868)
4552443315,36.5477421,140.6288182,,,3,,POINT (140.6288182 36.5477421)
4552443322,36.5472185,140.6278257,,,1,,POINT (140.6278257 36.5472185)
4552443331,36.5467304,140.6315868,,,3,,POINT (140.6315868 36.5467304)
4552443333,36.5470533,140.6316421,,,3,,POINT (140.6316421 36.5470533)
4552443342,36.5479346,140.6338775,,,3,,POINT (140.6338775 36.5479346)
4552443343,36.5475573,140.6347729,,,3,,POINT (140.6347729 36.5475573)
4552443348,36.5480954,140.6356483,,,1,,POINT (140.6356483 36.5480954)
4552443349,36.5500526,140.6341693,,,3,,POINT (140.6341693 36.5500526)
4552443357,36.5493634,140.6332162,,,3,,POINT (140.6332162 36.5493634)
4552443358,36.5478145,140.6344068,crossing,,3,,POINT (140.6344068 36.5478145)
4552443376,36.550362,140.6319284,,,3,,POINT (140.6319284 36.550362)
4552443388,36.5529133,140.6302906,,,3,,POINT (140.6302906 36.5529133)
4552443389,36.5513295,140.6299813,,,3,,POINT (140.6299813 36.5513295)
4552443390,36.5516648,140.6301512,,,1,,POINT (140.6301512 36.5516648)
4552443391,36.5519115,140.6303926,,,1,,POINT (140.6303926 36.5519115)
4552443393,36.5517338,140.6307909,,,3,,POINT (140.6307909 36.5517338)
4552443396,36.550467,140.6292041,,,3,,POINT (140.6292041 36.550467)
4552443397,36.5502869,140.6294296,,,1,,POINT (140.6294296 36.5502869)
4552443399,36.5510646,140.6309911,,,3,,POINT (140.6309911 36.5510646)
4552443400,36.5511552,140.6308646,,,3,,POINT (140.6308646 36.5511552)
4552443403,36.5513491,140.629895,,,3,,POINT (140.629895 36.5513491)
4552443404,36.5515343,140.6292692,,,3,,POINT (140.6292692 36.5515343)
4552443405,36.5523937,140.6299195,,,3,,POINT (140.6299195 36.5523937)
4552443407,36.5532091,140.628122,,,3,,POINT (140.628122 36.5532091)
4552443411,36.5527293,140.6281177,,,3,,POINT (140.6281177 36.5527293)
4552443412,36.5525773,140.6284681,,,3,,POINT (140.6284681 36.5525773)
4552443413,36.5513752,140.6291453,,,3,,POINT (140.6291453 36.5513752)
4552443414,36.5519007,140.6280765,,,3,,POINT (140.6280765 36.5519007)
4552443415,36.5519386,140.6274545,,,4,,POINT (140.6274545 36.5519386)
4552443416,36.5520903,140.6276728,,,3,,POINT (140.6276728 36.5520903)
4552443419,36.5530125,140.6283353,,,3,,POINT (140.6283353 36.5530125)
4552443420,36.5499387,140.6295302,,,1,,POINT (140.6295302 36.5499387)
4552443422,36.5500158,140.6279799,,,3,,POINT (140.6279799 36.5500158)
4552443426,36.5512522,140.6282276,,,3,,POINT (140.6282276 36.5512522)
4552443427,36.5510034,140.6279756,,,3,,POINT (140.6279756 36.5510034)
4552443429,36.5516284,140.6270461,,,4,,POINT (140.6270461 36.5516284)
4552443430,36.5520702,140.6265458,,,3,,POINT (140.6265458 36.5520702)
4552443437,36.5523083,140.6255747,,,3,,POINT (140.6255747 36.5523083)
4552443446,36.5522453,140.6237709,,,3,,POINT (140.6237709 36.5522453)
4552443449,36.5512445,140.6248886,,,3,,POINT (140.6248886 36.5512445)
4552456345,36.5086616,140.6071849,,,3,,POINT (140.6071849 36.5086616)
4552456348,36.5084732,140.6074993,,,3,,POINT (140.6074993 36.5084732)
4552456349,36.509109,140.6076193,,,4,,POINT (140.6076193 36.509109)
4552456350,36.5099327,140.6076613,,,3,,POINT (140.6076613 36.5099327)
4552456351,36.5091115,140.6065651,,,3,,POINT (140.6065651 36.5091115)
4552456352,36.5099784,140.6065812,,,4,,POINT (140.6065812 36.5099784)
4552456353,36.5107858,140.6065922,,,3,,POINT (140.6065922 36.5107858)
4552456354,36.5107831,140.6072128,,,3,,POINT (140.6072128 36.5107831)
4552456355,36.5156627,140.6132156,,,1,,POINT (140.6132156 36.5156627)
4552456358,36.5163827,140.613624,,,3,,POINT (140.613624 36.5163827)
4552456359,36.5148703,140.6122403,,,3,,POINT (140.6122403 36.5148703)
4552456363,36.5149942,140.6098812,,,3,,POINT (140.6098812 36.5149942)
4552456364,36.5133716,140.611487,,,3,,POINT (140.611487 36.5133716)
4552456369,36.514262,140.6120903,,,3,,POINT (140.6120903 36.514262)
4552456371,36.514614,140.6112871,,,1,,POINT (140.6112871 36.514614)
4552456383,36.5145714,140.6119533,,,3,,POINT (140.6119533 36.5145714)
4552456388,36.5159827,140.6129904,,,1,,POINT (140.6129904 36.5159827)
4552456389,36.5175265,140.6121708,,,1,,POINT (140.6121708 36.5175265)
4552456393,36.5177611,140.6126524,,,3,,POINT (140.6126524 36.5177611)
4552456398,36.5179493,140.6140564,,,3,,POINT (140.6140564 36.5179493)
4552456399,36.5174381,140.6138765,,,3,,POINT (140.6138765 36.5174381)
4552456400,36.5170237,140.6148956,,,3,,POINT (140.6148956 36.5170237)
4559302851,36.5572126,140.6271516,,,3,yes,POINT (140.6271516 36.5572126)
4559307434,36.5459751,140.612184,,,3,,POINT (140.612184 36.5459751)
4715949403,36.6473374,140.6697028,,,3,,POINT (140.6697028 36.6473374)
4836160792,36.6010815,140.6359673,,,3,,POINT (140.6359673 36.6010815)
4836168975,36.6020156,140.6366745,,,1,,POINT (140.6366745 36.6020156)
4836168979,36.6016101,140.6375393,,,3,,POINT (140.6375393 36.6016101)
5205722399,36.5590733,140.6201392,traffic_signals,,4,,POINT (140.6201392 36.5590733)
5205722400,36.5606891,140.6213576,,,4,,POINT (140.6213576 36.5606891)
5293950208,36.4950441,140.5676793,,,1,,POINT (140.5676793 36.4950441)
5293950211,36.4951396,140.5689398,,,4,,POINT (140.5689398 36.4951396)
5293950216,36.4972101,140.5696738,,,3,,POINT (140.5696738 36.4972101)
5293950220,36.4951043,140.5684808,,,4,,POINT (140.5684808 36.4951043)
5298567183,36.4898475,140.6126239,,,3,,POINT (140.6126239 36.4898475)
5298567184,36.4896376,140.6123383,,,3,,POINT (140.6123383 36.4896376)
5298567202,36.4886623,140.611087,traffic_signals,,4,,POINT (140.611087 36.4886623)
5298567203,36.4886015,140.6111778,traffic_signals,,4,,POINT (140.6111778 36.4886015)
5318414503,36.667165,140.6775637,,,4,,POINT (140.6775637 36.667165)
5318414506,36.6667613,140.6767645,,,3,,POINT (140.6767645 36.6667613)
5318414508,36.6658182,140.6779879,,,3,,POINT (140.6779879 36.6658182)
5318414509,36.665971,140.6777773,,,3,,POINT (140.6777773 36.665971)
5318414510,36.6662885,140.6779974,,,3,,POINT (140.6779974 36.6662885)
5318414512,36.6669802,140.6770867,,,3,,POINT (140.6770867 36.6669802)
5318414514,36.6674342,140.6784185,,,3,,POINT (140.6784185 36.6674342)
5318414518,36.6672528,140.6778427,,,3,,POINT (140.6778427 36.6672528)
5318414520,36.6676607,140.6779233,,,1,,POINT (140.6779233 36.6676607)
5318415226,36.6690457,140.6777941,,,3,,POINT (140.6777941 36.6690457)
5318415230,36.6681355,140.6782172,,,3,,POINT (140.6782172 36.6681355)
5318415233,36.6679527,140.6776507,,,1,,POINT (140.6776507 36.6679527)
5318415234,36.6683665,140.6777457,,,1,,POINT (140.6777457 36.6683665)
5318415235,36.668925,140.6773842,,,1,,POINT (140.6773842 36.668925)
5318415236,36.6692966,140.6774145,,,1,,POINT (140.6774145 36.6692966)
5318415237,36.6696126,140.6773085,,,1,,POINT (140.6773085 36.6696126)
5318415238,36.669738,140.6777066,,,3,,POINT (140.6777066 36.669738)
5318415239,36.6694787,140.67695,,,3,,POINT (140.67695 36.6694787)
5318415241,36.6694337,140.6765032,,,1,,POINT (140.6765032 36.6694337)
5318415242,36.6700839,140.676241,,,3,,POINT (140.676241 36.6700839)
5318415243,36.6698261,140.6762109,,,3,,POINT (140.6762109 36.6698261)
5318415245,36.6689997,140.6760637,,,3,,POINT (140.6760637 36.6689997)
5318415248,36.6690379,140.6765378,,,1,,POINT (140.6765378 36.6690379)
5318415249,36.6698366,140.6765328,,,1,,POINT (140.6765328 36.6698366)
5318415250,36.6679115,140.6763192,,,3,,POINT (140.6763192 36.6679115)
5318415253,36.6671039,140.6764565,,,3,,POINT (140.6764565 36.6671039)
5318415255,36.6673192,140.6769267,,,1,,POINT (140.6769267 36.6673192)
5318415256,36.6676309,140.6766605,,,1,,POINT (140.6766605 36.6676309)
5318415257,36.6680769,140.6768451,,,1,,POINT (140.6768451 36.6680769)
5318415267,36.6707636,140.677969,,,3,,POINT (140.677969 36.6707636)
5318415268,36.6705256,140.6780587,,,3,,POINT (140.6780587 36.6705256)
5318415270,36.6712685,140.6780303,,,3,,POINT (140.6780303 36.6712685)
5318415272,36.6718398,140.6783558,,,3,,POINT (140.6783558 36.6718398)
5318415274,36.6713926,140.6773077,,,3,,POINT (140.6773077 36.6713926)
5318415275,36.6713437,140.6776828,,,3,,POINT (140.6776828 36.6713437)
5318415277,36.6719713,140.6780277,,,3,,POINT (140.6780277 36.6719713)
5318415278,36.6710111,140.6772125,,,4,,POINT (140.6772125 36.6710111)
5318415281,36.6704489,140.6771654,,,3,,POINT (140.6771654 36.6704489)
5318415282,36.6706832,140.677144,,,3,,POINT (140.677144 36.6706832)
5318415283,36.6706891,140.6767354,,,3,,POINT (140.6767354 36.6706891)
5318415284,36.6707718,140.6763432,,,3,,POINT (140.6763432 36.6707718)
5318415288,36.6716703,140.6774288,,,3,,POINT (140.6774288 36.6716703)
5318415289,36.6711527,140.6767123,,,3,,POINT (140.6767123 36.6711527)
5318415295,36.6704055,140.6760154,,,3,,POINT (140.6760154 36.6704055)
5318415296,36.6701451,140.6756598,,,3,,POINT (140.6756598 36.6701451)
5318415298,36.6704017,140.6777219,,,3,,POINT (140.6777219 36.6704017)
5318415307,36.6701936,140.6778136,,,3,,POINT (140.6778136 36.6701936)
5318415308,36.6699072,140.6779398,,,3,,POINT (140.6779398 36.6699072)
5318415310,36.6702365,140.6790461,,,3,,POINT (140.6790461 36.6702365)
5318415311,36.6695719,140.6781163,,,3,,POINT (140.6781163 36.6695719)
5318415312,36.6699464,140.6793678,,,4,,POINT (140.6793678 36.6699464)
5318415313,36.6700487,140.6796037,,,3,,POINT (140.6796037 36.6700487)
5318415314,36.6694653,140.6789496,,,3,,POINT (140.6789496 36.6694653)
5318415315,36.6689597,140.6791736,,,3,,POINT (140.6791736 36.6689597)
5318415317,36.668732,140.6796753,,,4,,POINT (140.6796753 36.668732)
5318415321,36.6678311,140.6789391,,,3,,POINT (140.6789391 36.6678311)
5318415322,36.6679758,140.6788015,,,3,,POINT (140.6788015 36.6679758)
5318415325,36.6684269,140.6785947,,,3,,POINT (140.6785947 36.6684269)
5318415328,36.6686776,140.6799596,,,3,,POINT (140.6799596 36.6686776)
5318415329,36.6685919,140.6790818,,,3,,POINT (140.6790818 36.6685919)
5318415331,36.6688664,140.6799813,,,3,,POINT (140.6799813 36.6688664)
5318415332,36.6688271,140.680268,,,3,,POINT (140.680268 36.6688271)
5318415334,36.6682389,140.6801053,,,1,,POINT (140.6801053 36.6682389)
5318415336,36.6692118,140.6803066,,,1,,POINT (140.6803066 36.6692118)
5318415337,36.6695189,140.6806393,,,3,,POINT (140.6806393 36.6695189)
5318415338,36.6689804,140.6805773,,,1,,POINT (140.6805773 36.6689804)
5318415339,36.6692632,140.6806099,,,3,,POINT (140.6806099 36.6692632)
5318415341,36.6691932,140.6809939,,,1,,POINT (140.6809939 36.6691932)
5318415344,36.67073,140.6805528,,,3,,POINT (140.6805528 36.67073)
5318415350,36.6699569,140.6799993,,,3,,POINT (140.6799993 36.6699569)
5318415351,36.6708505,140.6802373,,,3,,POINT (140.6802373 36.6708505)
5318415356,36.6706644,140.6793203,,,3,,POINT (140.6793203 36.6706644)
5318415358,36.6704665,140.6795928,,,4,,POINT (140.6795928 36.6704665)
5318415359,36.6703017,140.6793822,,,3,,POINT (140.6793822 36.6703017)
5318415360,36.6712274,140.6795589,,,3,,POINT (140.6795589 36.6712274)
5318415363,36.6710422,140.6798923,,,3,,POINT (140.6798923 36.6710422)
5318415377,36.667655,140.679152,,,3,,POINT (140.679152 36.667655)
5318415393,36.6693514,140.6751391,,,3,,POINT (140.6751391 36.6693514)
5318415397,36.6687671,140.6748629,,,3,,POINT (140.6748629 36.6687671)
5318415398,36.6680168,140.6751452,,,3,,POINT (140.6751452 36.6680168)
5318415400,36.6681322,140.6754003,,,3,,POINT (140.6754003 36.6681322)
5318415407,36.6690722,140.6756057,,,3,,POINT (140.6756057 36.6690722)
5318415412,36.6670091,140.6746728,,,4,,POINT (140.6746728 36.6670091)
5318415415,36.6659869,140.6746883,,,3,,POINT (140.6746883 36.6659869)
5318415417,36.6664463,140.6762844,,,3,,POINT (140.6762844 36.6664463)
5318415421,36.6653602,140.6759249,,,3,,POINT (140.6759249 36.6653602)
5318415424,36.6660831,140.6751762,,,4,,POINT (140.6751762 36.6660831)
5318415425,36.6664367,140.67494,,,3,,POINT (140.67494 36.6664367)
5318415431,36.6676727,140.6752179,,,3,,POINT (140.6752179 36.6676727)
5318415439,36.6669274,140.6750833,,,4,,POINT (140.6750833 36.6669274)
5318415441,36.6671245,140.6743951,,,3,,POINT (140.6743951 36.6671245)
5318415444,36.6677225,140.6754774,,,3,,POINT (140.6754774 36.6677225)
5318415448,36.6672297,140.6759287,,,3,,POINT (140.6759287 36.6672297)
5318415449,36.6679857,140.675112,,,3,,POINT (140.675112 36.6679857)
5318415453,36.6662212,140.6755975,,,3,,POINT (140.6755975 36.6662212)
5318415456,36.665534,140.6762141,,,3,,POINT (140.6762141 36.665534)
5318415457,36.6657062,140.6765006,,,3,,POINT (140.6765006 36.6657062)
5318415460,36.6663318,140.6759351,,,3,,POINT (140.6759351 36.6663318)
5318415462,36.665156,140.6762645,,,3,,POINT (140.6762645 36.665156)
5318415463,36.6649285,140.6765122,,,4,,POINT (140.6765122 36.6649285)
5318415474,36.6659271,140.6743968,,,3,,POINT (140.6743968 36.6659271)
5318415476,36.6657996,140.6753776,,,3,,POINT (140.6753776 36.6657996)
5318415487,36.6647855,140.6759936,,,3,,POINT (140.6759936 36.6647855)
5318415490,36.6654252,140.675259,,,3,,POINT (140.675259 36.6654252)
5318415492,36.6653036,140.6748695,,,3,,POINT (140.6748695 36.6653036)
5318415493,36.6655926,140.6756079,,,3,,POINT (140.6756079 36.6655926)
5318415494,36.6681854,140.6750818,,,3,,POINT (140.6750818 36.6681854)
5318415498,36.6689787,140.6741948,,,4,,POINT (140.6741948 36.6689787)
5318415504,36.6698659,140.6741131,,,3,,POINT (140.6741131 36.6698659)
5318415512,36.6689196,140.6746499,,,3,,POINT (140.6746499 36.6689196)
5318415513,36.6699328,140.6745983,,,3,,POINT (140.6745983 36.6699328)
5318415515,36.6688784,140.6739152,,,3,,POINT (140.6739152 36.6688784)
5318415521,36.6691568,140.6747306,,,3,,POINT (140.6747306 36.6691568)
5318415531,36.6681707,140.6743395,,,3,,POINT (140.6743395 36.6681707)
5318415536,36.6685084,140.6734234,,,3,,POINT (140.6734234 36.6685084)
5318415541,36.6688009,140.6728255,,,3,,POINT (140.6728255 36.6688009)
5318415548,36.6693179,140.6737067,,,3,,POINT (140.6737067 36.6693179)
5318415550,36.6692848,140.6734302,,,3,,POINT (140.6734302 36.6692848)
5318415556,36.6702933,140.6734165,,,3,,POINT (140.6734165 36.6702933)
5318415567,36.6703767,140.6730696,,,3,,POINT (140.6730696 36.6703767)
5318415571,36.6695651,140.6733581,,,3,,POINT (140.6733581 36.6695651)
5318415577,36.6684155,140.6736549,,,3,,POINT (140.6736549 36.6684155)
5318415578,36.6686682,140.674075,,,3,,POINT (140.674075 36.6686682)
5318415585,36.6684407,140.6805294,,,1,,POINT (140.6805294 36.6684407)
5318415591,36.6685822,140.6811284,,,3,,POINT (140.6811284 36.6685822)
5318415592,36.6683335,140.6812781,,,3,,POINT (140.6812781 36.6683335)
5318415599,36.6677884,140.6822043,,,5,,POINT (140.6822043 36.6677884)
5318415600,36.667439,140.6811003,,,1,,POINT (140.6811003 36.667439)
5318415602,36.6679977,140.6809522,,,3,,POINT (140.6809522 36.6679977)
5318415606,36.66847,140.6807334,,,3,,POINT (140.6807334 36.66847)
5318415607,36.667984,140.6808017,,,1,,POINT (140.6808017 36.667984)
5318415616,36.6688231,140.681241,,,1,,POINT (140.681241 36.6688231)
5318415617,36.6679387,140.6814437,,,1,,POINT (140.6814437 36.6679387)
5318415618,36.6680394,140.6816439,,,3,,POINT (140.6816439 36.6680394)
5318415825,36.6673489,140.6860735,,,3,,POINT (140.6860735 36.6673489)
5318415826,36.6688981,140.6861727,,,3,,POINT (140.6861727 36.6688981)
5318415827,36.6701959,140.6855427,,,3,,POINT (140.6855427 36.6701959)
5318415829,36.6700348,140.6858909,,,3,,POINT (140.6858909 36.6700348)
5318415830,36.6705194,140.6864292,,,3,,POINT (140.6864292 36.6705194)
5318415832,36.6695848,140.6859103,,,4,,POINT (140.6859103 36.6695848)
5318415833,36.6698987,140.6852867,,,3,,POINT (140.6852867 36.6698987)
5318415834,36.6696964,140.6856991,,,3,,POINT (140.6856991 36.6696964)
5318415836,36.6691066,140.6855696,,,3,,POINT (140.6855696 36.6691066)
5318415838,36.6684556,140.685109,,,3,,POINT (140.685109 36.6684556)
5318415839,36.6680741,140.6853532,,,3,,POINT (140.6853532 36.6680741)
5318415840,36.6662836,140.6841965,,,3,,POINT (140.6841965 36.6662836)
5318415841,36.6664279,140.6845008,,,3,,POINT (140.6845008 36.6664279)
5318415842,36.665882,140.6850282,,,3,,POINT (140.6850282 36.665882)
5318415843,36.6649074,140.6851706,,,3,,POINT (140.6851706 36.6649074)
5318415844,36.6649074,140.6848606,,,1,,POINT (140.6848606 36.6649074)
5318415845,36.6649102,140.6843039,,,3,,POINT (140.6843039 36.6649102)
5318415846,36.6649031,140.684568,,,1,,POINT (140.684568 36.6649031)
5318415847,36.6644879,140.6850944,,,3,,POINT (140.6850944 36.6644879)
5318415848,36.6641626,140.685086,,,1,,POINT (140.685086 36.6641626)
5318415849,36.6683842,140.6885917,,,3,,POINT (140.6885917 36.6683842)
5318415850,36.6679803,140.6882357,,,4,,POINT (140.6882357 36.6679803)
5318415851,36.6668141,140.6872317,,,3,,POINT (140.6872317 36.6668141)
5318415852,36.6664365,140.68786,,,3,,POINT (140.68786 36.6664365)
5318415854,36.6688854,140.6895511,,,3,,POINT (140.6895511 36.6688854)
5318415855,36.6696339,140.6887104,,,3,,POINT (140.6887104 36.6696339)
5318415856,36.670013,140.6890855,,,4,,POINT (140.6890855 36.670013)
5318415857,36.6704015,140.6895834,,,3,,POINT (140.6895834 36.6704015)
5318415858,36.6699508,140.6882402,,,3,,POINT (140.6882402 36.6699508)
5318415859,36.6696371,140.6870736,,,3,,POINT (140.6870736 36.6696371)
5318415860,36.6692996,140.6875435,,,3,,POINT (140.6875435 36.6692996)
5318415861,36.6724057,140.6872086,,,3,,POINT (140.6872086 36.6724057)
5318415863,36.6718451,140.687429,,,3,,POINT (140.687429 36.6718451)
5318415864,36.6712703,140.6883078,,,3,,POINT (140.6883078 36.6712703)
5318415865,36.6708312,140.6878648,,,3,,POINT (140.6878648 36.6708312)
5318415866,36.6583358,140.6838914,,,3,,POINT (140.6838914 36.6583358)
5318415867,36.6584441,140.6843629,,,3,,POINT (140.6843629 36.6584441)
5318444107,36.6575065,140.6844913,,,3,,POINT (140.6844913 36.6575065)
5318444108,36.657366,140.6848732,,,3,,POINT (140.6848732 36.657366)
5318444109,36.6568878,140.6845789,,,3,,POINT (140.6845789 36.6568878)
5318444110,36.6560977,140.6856813,,,3,,POINT (140.6856813 36.6560977)
5318444112,36.6563716,140.6858522,,,4,,POINT (140.6858522 36.6563716)
5318444119,36.6580393,140.6839649,,,3,,POINT (140.6839649 36.6580393)
5318444927,36.6603641,140.6822229,,,3,,POINT (140.6822229 36.6603641)
5318444930,36.6610316,140.6811652,,,3,,POINT (140.6811652 36.6610316)
5318444931,36.6607133,140.681162,,,3,,POINT (140.681162 36.6607133)
5318444934,36.6602821,140.6816697,,,3,,POINT (140.6816697 36.6602821)
5318444936,36.6607035,140.6822213,,,3,,POINT (140.6822213 36.6607035)
5318444938,36.6610194,140.6822369,,,3,,POINT (140.6822369 36.6610194)
5318444942,36.6582511,140.677458,,,3,,POINT (140.677458 36.6582511)
5318444949,36.6598486,140.6781339,,,1,,POINT (140.6781339 36.6598486)
5318444950,36.6598878,140.6784616,,,3,,POINT (140.6784616 36.6598878)
5318444953,36.6604073,140.6785735,,,1,,POINT (140.6785735 36.6604073)
5318444954,36.6593557,140.6784727,,,3,,POINT (140.6784727 36.6593557)
5318444955,36.6588585,140.6789339,,,3,,POINT (140.6789339 36.6588585)
5318444956,36.659567,140.6793288,,,1,,POINT (140.6793288 36.659567)
5318444961,36.6590951,140.6794079,,,3,,POINT (140.6794079 36.6590951)
5318444963,36.6556088,140.6749674,,,3,,POINT (140.6749674 36.6556088)
5318444966,36.6549468,140.6767866,,,1,,POINT (140.6767866 36.6549468)
5318444967,36.6558893,140.6751127,,,1,,POINT (140.6751127 36.6558893)
5318444968,36.6548833,140.6746102,,,4,,POINT (140.6746102 36.6548833)
5318444973,36.654579,140.6762147,,,3,,POINT (140.6762147 36.654579)
5318444976,36.6544337,140.6767058,,,3,,POINT (140.6767058 36.6544337)
5318444977,36.6537973,140.6762629,,,1,,POINT (140.6762629 36.6537973)
5318444978,36.654794,140.6756219,,,3,,POINT (140.6756219 36.654794)
5318444980,36.6536268,140.6754678,,,1,,POINT (140.6754678 36.6536268)
5318444982,36.6544159,140.6754687,,,3,,POINT (140.6754687 36.6544159)
5318444983,36.6542445,140.6760804,,,3,,POINT (140.6760804 36.6542445)
5318444994,36.6563157,140.6764565,,,1,,POINT (140.6764565 36.6563157)
5318444995,36.655634,140.6773009,,,3,,POINT (140.6773009 36.655634)
5318444996,36.6557469,140.6769653,,,1,,POINT (140.6769653 36.6557469)
5318444997,36.6562346,140.6769988,,,3,,POINT (140.6769988 36.6562346)
5318444998,36.6557534,140.676719,,,1,,POINT (140.676719 36.6557534)
5318445000,36.6541121,140.6763131,,,1,,POINT (140.6763131 36.6541121)
5318445001,36.6539555,140.6754198,,,3,,POINT (140.6754198 36.6539555)
5318445002,36.6539232,140.6751251,,,1,,POINT (140.6751251 36.6539232)
5318445003,36.6555964,140.6710957,,,1,,POINT (140.6710957 36.6555964)
5318445007,36.6557095,140.6723791,,,3,,POINT (140.6723791 36.6557095)
5318445015,36.6558114,140.6724921,,,3,,POINT (140.6724921 36.6558114)
5318445016,36.6559805,140.6733724,,,3,,POINT (140.6733724 36.6559805)
5318445019,36.6564358,140.6740482,,,3,,POINT (140.6740482 36.6564358)
5318445025,36.6554546,140.674517,,,3,,POINT (140.674517 36.6554546)
5318445027,36.6554837,140.67408,,,3,,POINT (140.67408 36.6554837)
5318445034,36.6548532,140.6744352,,,3,,POINT (140.6744352 36.6548532)
5318445039,36.6543229,140.6747016,,,3,,POINT (140.6747016 36.6543229)
5318445040,36.6433192,140.6836197,,,4,,POINT (140.6836197 36.6433192)
5318445041,36.6441067,140.6846631,,,4,,POINT (140.6846631 36.6441067)
5318445042,36.6448151,140.6856333,,,1,,POINT (140.6856333 36.6448151)
5318445043,36.6435485,140.6833335,,,3,,POINT (140.6833335 36.6435485)
5318445044,36.6443338,140.6844046,,,4,,POINT (140.6844046 36.6443338)
5318445045,36.644855,140.6850706,,,3,,POINT (140.6850706 36.644855)
5318445047,36.6446227,140.6853697,,,4,,POINT (140.6853697 36.6446227)
5318445048,36.6449473,140.684651,,,3,,POINT (140.684651 36.6449473)
5318445049,36.6445701,140.6841355,,,4,,POINT (140.6841355 36.6445701)
5318445050,36.6437791,140.6830862,,,4,,POINT (140.6830862 36.6437791)
5318445051,36.6441068,140.6829447,,,3,,POINT (140.6829447 36.6441068)
5318445052,36.6448036,140.6838697,,,4,,POINT (140.6838697 36.6448036)
5318445053,36.6451344,140.684309,,,3,,POINT (140.684309 36.6451344)
5318445060,36.6453684,140.6840985,,,3,,POINT (140.6840985 36.6453684)
5318445061,36.6450228,140.6835918,,,4,,POINT (140.6835918 36.6450228)
5318445062,36.644518,140.6829198,,,3,,POINT (140.6829198 36.644518)
5318445063,36.6455817,140.6837521,,,3,,POINT (140.6837521 36.6455817)
5318445065,36.6458069,140.6839438,,,1,,POINT (140.6839438 36.6458069)
5318445066,36.6438732,140.6849289,,,4,,POINT (140.6849289 36.6438732)
5318445067,36.6428182,140.684227,,,3,,POINT (140.684227 36.6428182)
5318445069,36.6432166,140.6854286,,,4,,POINT (140.6854286 36.6432166)
5318445071,36.643289,140.6861239,,,3,,POINT (140.6861239 36.643289)
5318445074,36.6426907,140.6858262,,,3,,POINT (140.6858262 36.6426907)
5318445075,36.6428834,140.6859238,,,4,,POINT (140.6859238 36.6428834)
5318445076,36.642379,140.685686,,,3,,POINT (140.685686 36.642379)
5318445079,36.6418793,140.6871882,,,3,,POINT (140.6871882 36.6418793)
5318445080,36.6430191,140.6864055,,,3,,POINT (140.6864055 36.6430191)
5318445081,36.6428783,140.6867912,,,4,,POINT (140.6867912 36.6428783)
5318445082,36.6427451,140.6872064,,,3,,POINT (140.6872064 36.6427451)
5318445087,36.6419315,140.6870258,,,3,,POINT (140.6870258 36.6419315)
5318445092,36.6421208,140.6865858,,,3,,POINT (140.6865858 36.6421208)
5318445093,36.6442985,140.6855018,,,3,,POINT (140.6855018 36.6442985)
5318445094,36.6441115,140.6855427,,,1,,POINT (140.6855427 36.6441115)
5318445097,36.6428407,140.6833476,,,3,,POINT (140.6833476 36.6428407)
5318445102,36.6435076,140.6827787,,,1,,POINT (140.6827787 36.6435076)
5318445103,36.6430831,140.6834553,,,3,,POINT (140.6834553 36.6430831)
5318445110,36.6407234,140.683502,,,3,,POINT (140.683502 36.6407234)
5318445112,36.6419288,140.6850955,,,3,,POINT (140.6850955 36.6419288)
5318445121,36.6409181,140.6847825,,,3,,POINT (140.6847825 36.6409181)
5318445123,36.6407197,140.6849924,,,3,,POINT (140.6849924 36.6407197)
5318445124,36.6407583,140.6851286,,,3,,POINT (140.6851286 36.6407583)
5318445125,36.6411042,140.6854046,,,1,,POINT (140.6854046 36.6411042)
5318445126,36.6411581,140.6858585,,,3,,POINT (140.6858585 36.6411581)
5318445130,36.64169,140.6849734,,,3,,POINT (140.6849734 36.64169)
5318466290,36.6416886,140.6863399,,,3,,POINT (140.6863399 36.6416886)
5318466291,36.6417587,140.6859874,,,3,,POINT (140.6859874 36.6417587)
5318466294,36.6412997,140.6859531,,,3,,POINT (140.6859531 36.6412997)
5318466301,36.6396587,140.6850556,,,3,,POINT (140.6850556 36.6396587)
5318466302,36.6393069,140.6850023,,,1,,POINT (140.6850023 36.6393069)
5318466303,36.6396326,140.6867457,,,1,,POINT (140.6867457 36.6396326)
5318466304,36.6388023,140.6866918,,,3,,POINT (140.6866918 36.6388023)
5318466305,36.6394404,140.6867724,,,1,,POINT (140.6867724 36.6394404)
5318466306,36.6381279,140.6726443,,,3,,POINT (140.6726443 36.6381279)
5318466309,36.6389034,140.6735716,,,4,,POINT (140.6735716 36.6389034)
5318466316,36.6400298,140.6741357,,,3,,POINT (140.6741357 36.6400298)
5318466317,36.6388486,140.6745288,,,3,,POINT (140.6745288 36.6388486)
5318466318,36.6385866,140.6743404,,,3,,POINT (140.6743404 36.6385866)
5318466319,36.6393715,140.6725044,,,3,,POINT (140.6725044 36.6393715)
5318471334,36.6372539,140.6696634,,,4,,POINT (140.6696634 36.6372539)
5318471336,36.6369233,140.669213,,,4,,POINT (140.669213 36.6369233)
5318471350,36.6347759,140.670434,,,3,,POINT (140.670434 36.6347759)
5318471356,36.6349353,140.6687579,,,1,,POINT (140.6687579 36.6349353)
5318471359,36.6340879,140.671871,,,1,,POINT (140.671871 36.6340879)
5318471360,36.6342387,140.6715269,,,3,,POINT (140.6715269 36.6342387)
5318471370,36.6346645,140.6732527,,,3,,POINT (140.6732527 36.6346645)
5318471371,36.635288,140.6722744,,,3,,POINT (140.6722744 36.635288)
5318471373,36.6358459,140.6727007,,,4,,POINT (140.6727007 36.6358459)
5318471377,36.6351816,140.6738153,,,3,,POINT (140.6738153 36.6351816)
5318471378,36.6361348,140.6729878,,,3,,POINT (140.6729878 36.6361348)
5318471381,36.6366413,140.6725958,,,1,,POINT (140.6725958 36.6366413)
5318471382,36.6360269,140.6723338,,,3,,POINT (140.6723338 36.6360269)
5318471386,36.6361915,140.6712263,,,3,,POINT (140.6712263 36.6361915)
5318471394,36.6366396,140.6691418,,,3,,POINT (140.6691418 36.6366396)
5318471415,36.6373211,140.670954,,,4,,POINT (140.670954 36.6373211)
5318471419,36.6367254,140.672352,,,1,,POINT (140.672352 36.6367254)
5318471421,36.6368408,140.6712415,,,3,,POINT (140.6712415 36.6368408)
5318471422,36.6356528,140.6731325,,,3,,POINT (140.6731325 36.6356528)
5318471423,36.6354134,140.6729337,,,1,,POINT (140.6729337 36.6354134)
5318471424,36.6359165,140.673508,,,1,,POINT (140.673508 36.6359165)
5318471425,36.6352185,140.6749751,,,4,,POINT (140.6749751 36.6352185)
5318471426,36.6351964,140.6755909,,,3,,POINT (140.6755909 36.6351964)
5318471427,36.6370215,140.6729229,,,3,,POINT (140.6729229 36.6370215)
5318471431,36.6369452,140.6739175,,,3,,POINT (140.6739175 36.6369452)
5318471432,36.6374312,140.6726026,,,1,,POINT (140.6726026 36.6374312)
5318471439,36.6375578,140.6716485,,,3,,POINT (140.6716485 36.6375578)
5318471447,36.6386928,140.6689229,,,3,,POINT (140.6689229 36.6386928)
5318471449,36.6379688,140.6689654,,,1,,POINT (140.6689654 36.6379688)
5318471450,36.6383829,140.6685226,,,3,,POINT (140.6685226 36.6383829)
5318471453,36.6381038,140.6686775,,,3,,POINT (140.6686775 36.6381038)
5318471455,36.6381223,140.6690278,,,3,,POINT (140.6690278 36.6381223)
5318471461,36.6379679,140.6685626,,,3,,POINT (140.6685626 36.6379679)
5318471464,36.637696,140.6672465,,,1,,POINT (140.6672465 36.637696)
5318471465,36.6377568,140.6675076,,,3,,POINT (140.6675076 36.6377568)
5318471467,36.6385915,140.6678499,,,1,,POINT (140.6678499 36.6385915)
5318471468,36.6385896,140.6697205,,,3,,POINT (140.6697205 36.6385896)
5318471470,36.6384283,140.6701389,,,3,,POINT (140.6701389 36.6384283)
5318471474,36.6389275,140.6698974,,,3,,POINT (140.6698974 36.6389275)
5318471475,36.6396859,140.671749,,,3,,POINT (140.671749 36.6396859)
5318471487,36.6381989,140.6706169,,,3,,POINT (140.6706169 36.6381989)
5318471488,36.6399128,140.6710078,,,3,,POINT (140.6710078 36.6399128)
5318471492,36.6393121,140.6709302,,,1,,POINT (140.6709302 36.6393121)
5318471493,36.6397875,140.6715206,,,3,,POINT (140.6715206 36.6397875)
5318471494,36.6394745,140.6713329,,,1,,POINT (140.6713329 36.6394745)
5318471495,36.6398996,140.6705088,,,3,,POINT (140.6705088 36.6398996)
5318471496,36.6399689,140.6704513,,,3,,POINT (140.6704513 36.6399689)
5318471504,36.6403755,140.6687121,,,3,,POINT (140.6687121 36.6403755)
5318471506,36.6399257,140.6689033,,,3,,POINT (140.6689033 36.6399257)
5318471507,36.6396374,140.6688278,,,1,,POINT (140.6688278 36.6396374)
5318471509,36.6400985,140.6689497,,,1,,POINT (140.6689497 36.6400985)
5318471511,36.6408223,140.6689312,,,1,,POINT (140.6689312 36.6408223)
5318471512,36.6403277,140.6686854,,,3,,POINT (140.6686854 36.6403277)
5318471514,36.6405527,140.6684337,,,1,,POINT (140.6684337 36.6405527)
5318471515,36.6401942,140.6705254,,,1,,POINT (140.6705254 36.6401942)
5318471516,36.6388759,140.6712327,,,3,,POINT (140.6712327 36.6388759)
5318471518,36.63862,140.6714372,,,1,,POINT (140.6714372 36.63862)
5318471519,36.6389122,140.6721516,,,4,,POINT (140.6721516 36.6389122)
5318471520,36.6387475,140.6719153,,,1,,POINT (140.6719153 36.6387475)
5318471525,36.6410213,140.6731885,,,3,,POINT (140.6731885 36.6410213)
5318471528,36.6408444,140.6738689,,,3,,POINT (140.6738689 36.6408444)
5318471530,36.6400134,140.6729805,,,3,,POINT (140.6729805 36.6400134)
5318471534,36.6390157,140.6733157,,,3,,POINT (140.6733157 36.6390157)
5318471535,36.6413729,140.6719494,,,3,yes,POINT (140.6719494 36.6413729)
5318471537,36.6410744,140.6729506,,,3,,POINT (140.6729506 36.6410744)
5318471545,36.6429391,140.6733433,,,3,,POINT (140.6733433 36.6429391)
5318471548,36.6435864,140.6733216,,,4,,POINT (140.6733216 36.6435864)
5318471556,36.6442528,140.673807,,,1,,POINT (140.673807 36.6442528)
5318471559,36.6431679,140.6738384,,,3,,POINT (140.6738384 36.6431679)
5318471560,36.6423963,140.6720045,,,4,,POINT (140.6720045 36.6423963)
5318471561,36.6425379,140.6711796,,,1,,POINT (140.6711796 36.6425379)
5318471564,36.6421859,140.6730531,,,3,,POINT (140.6730531 36.6421859)
5318471566,36.6414596,140.6717687,,,3,,POINT (140.6717687 36.6414596)
5318471568,36.641618,140.6714914,,,3,,POINT (140.6714914 36.641618)
5318471592,36.6448572,140.6686435,,,1,,POINT (140.6686435 36.6448572)
5318471593,36.6426127,140.6691419,,,3,,POINT (140.6691419 36.6426127)
5318471594,36.6424786,140.6690449,,,3,,POINT (140.6690449 36.6424786)
5318471597,36.6426082,140.6676394,,,1,,POINT (140.6676394 36.6426082)
5318471598,36.642393,140.6701105,,,3,,POINT (140.6701105 36.642393)
5318471607,36.6439549,140.6716454,,,1,,POINT (140.6716454 36.6439549)
5318471608,36.6438689,140.6715346,,,3,,POINT (140.6715346 36.6438689)
5318471611,36.6447119,140.671432,,,3,,POINT (140.671432 36.6447119)
5318471613,36.6434271,140.6722014,,,3,,POINT (140.6722014 36.6434271)
5318471616,36.6438312,140.671512,,,3,,POINT (140.671512 36.6438312)
5318471617,36.642084,140.6716308,,,1,,POINT (140.6716308 36.642084)
5318471618,36.6409286,140.6714132,,,3,,POINT (140.6714132 36.6409286)
5318471621,36.6399239,140.6711669,,,3,,POINT (140.6711669 36.6399239)
5318471629,36.6421206,140.6695569,,,1,,POINT (140.6695569 36.6421206)
5318471630,36.6414335,140.6692036,,,1,,POINT (140.6692036 36.6414335)
5318471635,36.6413023,140.6705607,,,3,,POINT (140.6705607 36.6413023)
5318471636,36.6390213,140.6746577,,,3,,POINT (140.6746577 36.6390213)
5318471638,36.6381312,140.6756202,,,3,,POINT (140.6756202 36.6381312)
5318471639,36.6388519,140.6761758,,,3,,POINT (140.6761758 36.6388519)
5318471640,36.6391404,140.6756256,,,1,,POINT (140.6756256 36.6391404)
5318471641,36.6389181,140.6762267,,,3,,POINT (140.6762267 36.6389181)
5318471642,36.6387876,140.6765257,,,1,,POINT (140.6765257 36.6387876)
5318471644,36.6366697,140.6767875,,,3,,POINT (140.6767875 36.6366697)
5318471645,36.6333604,140.6779763,,,3,,POINT (140.6779763 36.6333604)
5318471646,36.6333441,140.6772984,,,4,,POINT (140.6772984 36.6333441)
5318471647,36.6333297,140.6764798,,,3,,POINT (140.6764798 36.6333297)
5318471648,36.6339644,140.6745541,,,3,,POINT (140.6745541 36.6339644)
5318471649,36.6336522,140.674251,,,3,,POINT (140.674251 36.6336522)
5318471651,36.6332763,140.6741903,,,1,,POINT (140.6741903 36.6332763)
5318471652,36.6341327,140.673472,,,3,,POINT (140.673472 36.6341327)
5318471653,36.6344627,140.6737756,,,3,,POINT (140.6737756 36.6344627)
5318471654,36.6339671,140.6728702,,,1,,POINT (140.6728702 36.6339671)
5318471655,36.6339087,140.672499,,,3,,POINT (140.672499 36.6339087)
5318471658,36.6334633,140.6723542,,,3,,POINT (140.6723542 36.6334633)
5318471660,36.6332948,140.6723828,,,3,,POINT (140.6723828 36.6332948)
5319137121,36.6291649,140.6699074,,,4,,POINT (140.6699074 36.6291649)
5319137125,36.6291988,140.6706857,,,3,,POINT (140.6706857 36.6291988)
5319137128,36.6294689,140.6708409,,,3,,POINT (140.6708409 36.6294689)
5319137130,36.6294218,140.6717917,,,3,,POINT (140.6717917 36.6294218)
5319137132,36.6295073,140.6721398,,,3,,POINT (140.6721398 36.6295073)
5319137134,36.6296253,140.6721362,,,3,,POINT (140.6721362 36.6296253)
5319137136,36.6299008,140.6727378,,,3,,POINT (140.6727378 36.6299008)
5319137147,36.6287265,140.6733678,,,3,,POINT (140.6733678 36.6287265)
5319137148,36.6286175,140.6732102,,,3,,POINT (140.6732102 36.6286175)
5319137156,36.6280183,140.6718113,,,3,,POINT (140.6718113 36.6280183)
5319137172,36.6292251,140.6726349,,,1,,POINT (140.6726349 36.6292251)
5319137175,36.6291372,140.6721841,,,1,,POINT (140.6721841 36.6291372)
5319137176,36.6288336,140.6715054,,,3,,POINT (140.6715054 36.6288336)
5319137177,36.6301037,140.6715701,,,1,,POINT (140.6715701 36.6301037)
5319137178,36.6299935,140.6719179,,,3,,POINT (140.6719179 36.6299935)
5319137181,36.630245,140.6720237,,,3,,POINT (140.6720237 36.630245)
5319137183,36.6297924,140.6704746,,,3,,POINT (140.6704746 36.6297924)
5319137184,36.6297483,140.6708427,,,3,,POINT (140.6708427 36.6297483)
5319137185,36.6299875,140.6710769,,,1,,POINT (140.6710769 36.6299875)
5319137191,36.6310024,140.6722134,,,3,,POINT (140.6722134 36.6310024)
5319137192,36.6287709,140.6735975,,,3,,POINT (140.6735975 36.6287709)
5319137194,36.6295631,140.6747107,,,3,,POINT (140.6747107 36.6295631)
5319137195,36.6296607,140.6743616,,,3,,POINT (140.6743616 36.6296607)
5319137196,36.6287767,140.6740484,,,3,,POINT (140.6740484 36.6287767)
5319137197,36.6287828,140.6743785,,,3,,POINT (140.6743785 36.6287828)
5319137199,36.6287452,140.6745893,,,1,,POINT (140.6745893 36.6287452)
5319137200,36.629358,140.6750106,,,3,,POINT (140.6750106 36.629358)
5319137204,36.6292869,140.6765067,,,1,,POINT (140.6765067 36.6292869)
5319137205,36.6295101,140.674844,,,3,,POINT (140.674844 36.6295101)
5319137206,36.6300708,140.6748993,,,1,,POINT (140.6748993 36.6300708)
5319137207,36.6315295,140.6748142,,,3,,POINT (140.6748142 36.6315295)
5319137209,36.6313966,140.6760753,,,3,,POINT (140.6760753 36.6313966)
5319137210,36.6279588,140.675419,,,1,,POINT (140.675419 36.6279588)
5319137211,36.6285947,140.6749367,,,1,,POINT (140.6749367 36.6285947)
5319137212,36.6285984,140.6751285,,,3,,POINT (140.6751285 36.6285984)
5319137215,36.6291357,140.6769228,,,3,,POINT (140.6769228 36.6291357)
5319137216,36.6287155,140.678913,,,3,,POINT (140.678913 36.6287155)
5319137217,36.6288442,140.6783045,,,3,,POINT (140.6783045 36.6288442)
5319137218,36.6278278,140.6779821,,,3,,POINT (140.6779821 36.6278278)
5319137219,36.6286769,140.6766954,,,3,,POINT (140.6766954 36.6286769)
5319137220,36.6283466,140.6781467,,,3,,POINT (140.6781467 36.6283466)
5319137421,36.6278658,140.6771086,,,3,,POINT (140.6771086 36.6278658)
5319137423,36.6284586,140.6776171,,,3,,POINT (140.6776171 36.6284586)
5319137426,36.6263638,140.6770168,,,3,,POINT (140.6770168 36.6263638)
5319137430,36.6263606,140.6783069,,,3,,POINT (140.6783069 36.6263606)
5319137431,36.6266474,140.6770577,,,3,,POINT (140.6770577 36.6266474)
5319137436,36.6276093,140.676789,,,3,,POINT (140.676789 36.6276093)
5319137437,36.6266714,140.6766666,,,3,,POINT (140.6766666 36.6266714)
5319137438,36.6265815,140.6786755,,,1,,POINT (140.6786755 36.6265815)
5319137439,36.6261486,140.6787867,,,3,,POINT (140.6787867 36.6261486)
5319137440,36.6266694,140.679212,,,1,,POINT (140.679212 36.6266694)
5319137441,36.6262661,140.6792603,,,3,,POINT (140.6792603 36.6262661)
5319137447,36.6262211,140.6790273,,,3,,POINT (140.6790273 36.6262211)
5319137450,36.6243641,140.6787631,,,3,,POINT (140.6787631 36.6243641)
5319137451,36.6242282,140.6797288,,,3,,POINT (140.6797288 36.6242282)
5319137454,36.6244385,140.6793901,,,3,,POINT (140.6793901 36.6244385)
5319137465,36.6243794,140.6772548,,,1,,POINT (140.6772548 36.6243794)
5319137466,36.6242948,140.6776745,,,3,,POINT (140.6776745 36.6242948)
5319137468,36.6241175,140.6777241,,,1,,POINT (140.6777241 36.6241175)
5319137469,36.624385,140.6785503,,,3,,POINT (140.6785503 36.624385)
5319137471,36.6239427,140.6784177,,,3,,POINT (140.6784177 36.6239427)
5319137473,36.621274,140.6817566,,,4,,POINT (140.6817566 36.621274)
5319137479,36.6228213,140.681572,,,4,,POINT (140.681572 36.6228213)
5319137481,36.6226902,140.6820129,,,1,,POINT (140.6820129 36.6226902)
5319137486,36.6217964,140.6824062,,,3,,POINT (140.6824062 36.6217964)
5319137487,36.6218899,140.6820005,,,3,,POINT (140.6820005 36.6218899)
5319137488,36.6211773,140.6816267,,,3,,POINT (140.6816267 36.6211773)
5319137489,36.621717,140.6802034,,,3,,POINT (140.6802034 36.621717)
5319137490,36.6224631,140.680765,,,4,,POINT (140.680765 36.6224631)
5319137492,36.6222791,140.6806265,,,3,,POINT (140.6806265 36.6222791)
5319137494,36.6221532,140.681046,,,1,,POINT (140.681046 36.6221532)
5319137499,36.6234837,140.6817734,,,3,,POINT (140.6817734 36.6234837)
5319137509,36.6244352,140.6810209,,,3,,POINT (140.6810209 36.6244352)
5319137512,36.6233382,140.682382,,,1,,POINT (140.682382 36.6233382)
5319137513,36.6263754,140.6843675,,,3,,POINT (140.6843675 36.6263754)
5319137514,36.6274863,140.6856166,,,4,,POINT (140.6856166 36.6274863)
5319137515,36.6264744,140.6857359,,,3,,POINT (140.6857359 36.6264744)
5319137516,36.6274503,140.6851618,,,4,,POINT (140.6851618 36.6274503)
5319137517,36.6264405,140.6852672,,,4,,POINT (140.6852672 36.6264405)
5319137518,36.6274142,140.6847059,,,3,,POINT (140.6847059 36.6274142)
5319137519,36.6264082,140.6848203,,,4,,POINT (140.6848203 36.6264082)
5319137520,36.6273792,140.6842651,,,4,,POINT (140.6842651 36.6273792)
5319137721,36.6256107,140.6844784,,,3,,POINT (140.6844784 36.6256107)
5319137722,36.6239477,140.6853053,,,3,,POINT (140.6853053 36.6239477)
5319137723,36.6290357,140.6854681,,,3,,POINT (140.6854681 36.6290357)
5319137724,36.628997,140.6849895,,,3,,POINT (140.6849895 36.628997)
5319137725,36.6274161,140.6847308,,,3,,POINT (140.6847308 36.6274161)
5319137726,36.6289475,140.6845431,,,3,,POINT (140.6845431 36.6289475)
5319137727,36.6282576,140.6841731,,,4,,POINT (140.6841731 36.6282576)
5319137728,36.6282904,140.6846237,,,4,,POINT (140.6846237 36.6282904)
5319137729,36.6283226,140.6850646,,,4,,POINT (140.6850646 36.6283226)
5319137730,36.6283567,140.6855331,,,4,,POINT (140.6855331 36.6283567)
5319137731,36.6283895,140.6859832,,,3,,POINT (140.6859832 36.6283895)
5319137734,36.6273461,140.6838468,,,3,,POINT (140.6838468 36.6273461)
5319137739,36.6267859,140.6839446,,,3,,POINT (140.6839446 36.6267859)
5319137740,36.6273497,140.6838929,,,3,,POINT (140.6838929 36.6273497)
5319137741,36.6266842,140.6831405,,,3,,POINT (140.6831405 36.6266842)
5319137743,36.6264523,140.6839155,,,3,,POINT (140.6839155 36.6264523)
5319137745,36.6266181,140.6843418,,,3,,POINT (140.6843418 36.6266181)
5319137747,36.6265495,140.6839763,,,3,,POINT (140.6839763 36.6265495)
5319137749,36.6254811,140.6849345,,,3,,POINT (140.6849345 36.6254811)
5319137750,36.6253792,140.6853917,,,3,,POINT (140.6853917 36.6253792)
5319137751,36.6252354,140.6858337,,,3,,POINT (140.6858337 36.6252354)
5319137752,36.6264707,140.685685,,,3,,POINT (140.685685 36.6264707)
5319137754,36.626251,140.6862536,,,3,,POINT (140.6862536 36.626251)
5319137757,36.6262063,140.6871492,,,3,,POINT (140.6871492 36.6262063)
5319137758,36.6258259,140.6864303,,,3,,POINT (140.6864303 36.6258259)
5319137759,36.6264094,140.6875423,,,3,,POINT (140.6875423 36.6264094)
5319137760,36.6256549,140.6864395,,,3,,POINT (140.6864395 36.6256549)
5319137763,36.6253503,140.6864436,,,3,,POINT (140.6864436 36.6253503)
5319137764,36.6274341,140.6869464,,,3,,POINT (140.6869464 36.6274341)
5319137765,36.627585,140.689259,,,3,,POINT (140.689259 36.627585)
5319137766,36.6281511,140.6883727,,,3,,POINT (140.6883727 36.6281511)
5319137767,36.6275291,140.6884017,,,3,,POINT (140.6884017 36.6275291)
5319137768,36.6281796,140.688782,,,4,,POINT (140.688782 36.6281796)
5319137769,36.6275577,140.6888407,,,3,,POINT (140.6888407 36.6275577)
5319137770,36.6280764,140.6872982,,,3,,POINT (140.6872982 36.6280764)
5319137771,36.6274607,140.6873536,,,3,,POINT (140.6873536 36.6274607)
5319137772,36.6277319,140.6873292,,,3,,POINT (140.6873292 36.6277319)
5319137773,36.6278269,140.6883878,,,3,,POINT (140.6883878 36.6278269)
5319137774,36.6274943,140.687868,,,3,,POINT (140.687868 36.6274943)
5319137775,36.6270696,140.6878984,,,3,,POINT (140.6878984 36.6270696)
5319137776,36.6271268,140.6869774,,,3,,POINT (140.6869774 36.6271268)
5319137777,36.6271694,140.6878912,,,3,,POINT (140.6878912 36.6271694)
5319137778,36.6280177,140.6864542,,,3,,POINT (140.6864542 36.6280177)
5319137779,36.6275566,140.6864918,,,3,,POINT (140.6864918 36.6275566)
5319137782,36.6268076,140.6871031,,,3,,POINT (140.6871031 36.6268076)
5319137784,36.6285956,140.6863867,,,4,,POINT (140.6863867 36.6285956)
5319137786,36.6283506,140.6867612,,,3,,POINT (140.6867612 36.6283506)
5319137788,36.6280538,140.686973,,,3,,POINT (140.686973 36.6280538)
5319137791,36.6288647,140.6872876,,,3,,POINT (140.6872876 36.6288647)
5319137796,36.6293343,140.6887454,,,1,,POINT (140.6887454 36.6293343)
5319137797,36.6294794,140.6879015,,,3,,POINT (140.6879015 36.6294794)
5319137804,36.6287085,140.6888277,,,3,,POINT (140.6888277 36.6287085)
5319137812,36.6240245,140.6885826,,,3,,POINT (140.6885826 36.6240245)
5319137813,36.6244911,140.6887833,,,4,,POINT (140.6887833 36.6244911)
5319137814,36.623103,140.6882034,,,3,,POINT (140.6882034 36.623103)
5319137817,36.6241684,140.6879933,,,3,,POINT (140.6879933 36.6241684)
5319137819,36.6239816,140.6885649,,,3,,POINT (140.6885649 36.6239816)
5319137820,36.6243547,140.6877223,,,3,,POINT (140.6877223 36.6243547)
5319138021,36.6247115,140.6878526,,,4,,POINT (140.6878526 36.6247115)
5319138022,36.6260151,140.688319,,,3,,POINT (140.688319 36.6260151)
5319138024,36.6258587,140.6890221,,,3,,POINT (140.6890221 36.6258587)
5319138026,36.6264261,140.6881536,,,3,,POINT (140.6881536 36.6264261)
5319138027,36.6261926,140.6890103,,,3,,POINT (140.6890103 36.6261926)
5319138029,36.6266045,140.6884676,,,3,,POINT (140.6884676 36.6266045)
5319138030,36.6252379,140.6880409,,,3,,POINT (140.6880409 36.6252379)
5319138031,36.6250311,140.6888776,,,3,,POINT (140.6888776 36.6250311)
5319138036,36.6239488,140.6862909,,,4,,POINT (140.6862909 36.6239488)
5319138037,36.6248818,140.6858949,,,3,,POINT (140.6858949 36.6248818)
5319269670,36.6285638,140.6613779,,,3,,POINT (140.6613779 36.6285638)
5319269678,36.6262456,140.6589016,,,3,,POINT (140.6589016 36.6262456)
5319269680,36.6265156,140.6583313,,,3,,POINT (140.6583313 36.6265156)
5319269683,36.6271174,140.6587383,,,4,,POINT (140.6587383 36.6271174)
5319269684,36.6273886,140.658518,,,4,,POINT (140.658518 36.6273886)
5319269688,36.6276502,140.6582905,,,4,,POINT (140.6582905 36.6276502)
5319269689,36.627919,140.6580714,,,4,,POINT (140.6580714 36.627919)
5319269691,36.6275729,140.656749,,,3,,POINT (140.656749 36.6275729)
5319269697,36.6269076,140.6555531,,,3,,POINT (140.6555531 36.6269076)
5319269698,36.6267098,140.6612006,,,3,,POINT (140.6612006 36.6267098)
5319269699,36.626802,140.6598193,,,3,,POINT (140.6598193 36.626802)
5319269701,36.6280296,140.6613285,,,4,,POINT (140.6613285 36.6280296)
5319269702,36.6273837,140.6612659,,,3,,POINT (140.6612659 36.6273837)
5319269703,36.6274741,140.6598896,,,4,,POINT (140.6598896 36.6274741)
5319269706,36.6271485,140.6598556,,,4,,POINT (140.6598556 36.6271485)
5319269707,36.6270641,140.6612349,,,3,,POINT (140.6612349 36.6270641)
5319269709,36.6264243,140.6607706,,,3,,POINT (140.6607706 36.6264243)
5319269710,36.6267368,140.6607961,,,3,,POINT (140.6607961 36.6267368)
5319269711,36.6277004,140.6612966,,,3,,POINT (140.6612966 36.6277004)
5319269712,36.6277967,140.6599234,,,4,,POINT (140.6599234 36.6277967)
5319270121,36.6269398,140.6584195,,,3,,POINT (140.6584195 36.6269398)
5319270122,36.6265565,140.6590334,,,3,,POINT (140.6590334 36.6265565)
5319270124,36.6267577,140.6580928,,,3,,POINT (140.6580928 36.6267577)
5319270126,36.6260769,140.6605592,,,3,,POINT (140.6605592 36.6260769)
5319270127,36.6290724,140.6571007,,,3,,POINT (140.6571007 36.6290724)
5319270136,36.6281911,140.6578431,,,4,,POINT (140.6578431 36.6281911)
5319270142,36.6283516,140.6613597,,,4,,POINT (140.6613597 36.6283516)
5319270146,36.6279805,140.662047,,,3,,POINT (140.662047 36.6279805)
5319270148,36.6272643,140.6612543,,,3,,POINT (140.6612543 36.6272643)
5319270153,36.6278318,140.6594562,,,3,,POINT (140.6594562 36.6278318)
5319270160,36.6259546,140.6602946,,,3,,POINT (140.6602946 36.6259546)
5319270161,36.6257301,140.6605871,,,3,,POINT (140.6605871 36.6257301)
5319270164,36.6253813,140.6593049,,,3,,POINT (140.6593049 36.6253813)
5319270168,36.6257045,140.6614541,,,3,,POINT (140.6614541 36.6257045)
5319270169,36.6254177,140.6613639,,,3,,POINT (140.6613639 36.6254177)
5319270171,36.6246583,140.6605799,,,3,,POINT (140.6605799 36.6246583)
5319270174,36.6243713,140.661051,,,3,,POINT (140.661051 36.6243713)
5319270175,36.6247222,140.6611559,,,3,,POINT (140.6611559 36.6247222)
5319270176,36.6250625,140.6612577,,,3,,POINT (140.6612577 36.6250625)
5319270177,36.6249575,140.6604479,,,3,,POINT (140.6604479 36.6249575)
5319270178,36.6295088,140.6600225,,,3,,POINT (140.6600225 36.6295088)
5319270180,36.6296606,140.6624583,,,3,,POINT (140.6624583 36.6296606)
5319270181,36.6287087,140.6626203,,,3,,POINT (140.6626203 36.6287087)
5319270182,36.6288741,140.6599701,,,4,,POINT (140.6599701 36.6288741)
5319270183,36.6290191,140.662619,,,3,,POINT (140.662619 36.6290191)
5319270184,36.6291897,140.6599962,,,4,,POINT (140.6599962 36.6291897)
5319270185,36.6285459,140.6575446,,,4,,POINT (140.6575446 36.6285459)
5319270200,36.628828,140.6573068,,,4,,POINT (140.6573068 36.628828)
5319270201,36.6282413,140.6563267,,,3,,POINT (140.6563267 36.6282413)
5319270203,36.6279391,140.6564597,,,3,,POINT (140.6564597 36.6279391)
5319270215,36.6294432,140.6580002,,,3,,POINT (140.6580002 36.6294432)
5319270222,36.6293474,140.6625472,,,4,,POINT (140.6625472 36.6293474)
5319270224,36.6290705,140.6618291,,,3,,POINT (140.6618291 36.6290705)
5319270225,36.6295309,140.6596056,,,3,,POINT (140.6596056 36.6295309)
5319270226,36.6298597,140.659642,,,3,,POINT (140.659642 36.6298597)
5319270236,36.6294688,140.6606771,,,3,,POINT (140.6606771 36.6294688)
5319270237,36.6281868,140.6625879,,,3,,POINT (140.6625879 36.6281868)
5319270238,36.6282026,140.6639542,,,3,,POINT (140.6639542 36.6282026)
5319270239,36.6312376,140.6660505,,,4,,POINT (140.6660505 36.6312376)
5319270243,36.6309955,140.6662998,,,3,,POINT (140.6662998 36.6309955)
5319270245,36.6307081,140.6656811,,,4,,POINT (140.6656811 36.6307081)
5319302971,36.631177,140.6626118,,,3,,POINT (140.6626118 36.631177)
5319302975,36.6313378,140.6632225,,,3,,POINT (140.6632225 36.6313378)
5319302976,36.6311556,140.6623984,,,3,,POINT (140.6623984 36.6311556)
5319302981,36.6309498,140.6636137,,,3,,POINT (140.6636137 36.6309498)
5319302986,36.6308988,140.6638491,,,3,,POINT (140.6638491 36.6308988)
5319302988,36.6307635,140.6638587,,,1,,POINT (140.6638587 36.6307635)
5319302993,36.631956,140.6654285,,,3,,POINT (140.6654285 36.631956)
5319302995,36.6312153,140.6646316,,,1,,POINT (140.6646316 36.6312153)
5319302996,36.630865,140.6653304,,,4,,POINT (140.6653304 36.630865)
5319302997,36.6315716,140.6658245,,,4,,POINT (140.6658245 36.6315716)
5319303001,36.6315404,140.6666734,,,3,,POINT (140.6666734 36.6315404)
5319303003,36.6284775,140.6641238,,,3,,POINT (140.6641238 36.6284775)
5319303005,36.6282464,140.6644576,,,3,,POINT (140.6644576 36.6282464)
5319303007,36.6282252,140.6652219,,,3,,POINT (140.6652219 36.6282252)
5319303008,36.6284933,140.6654168,,,3,,POINT (140.6654168 36.6284933)
5319303010,36.6292654,140.6654029,,,3,,POINT (140.6654029 36.6292654)
5319303013,36.6303433,140.665429,,,3,,POINT (140.665429 36.6303433)
5319303014,36.628832,140.6654975,,,3,,POINT (140.6654975 36.628832)
5319303015,36.6292185,140.6646529,,,4,,POINT (140.6646529 36.6292185)
5319303016,36.6293766,140.6643075,,,4,,POINT (140.6643075 36.6293766)
5319303017,36.628933,140.6644507,,,3,,POINT (140.6644507 36.628933)
5319303018,36.6294966,140.6648499,,,3,,POINT (140.6648499 36.6294966)
5319303330,36.6213877,140.6665596,,,3,,POINT (140.6665596 36.6213877)
5319303331,36.621352,140.6666258,traffic_signals,,3,,POINT (140.6666258 36.621352)
5319303336,36.622703,140.6634809,,,3,,POINT (140.6634809 36.622703)
5319303349,36.6220977,140.6629462,,,3,,POINT (140.6629462 36.6220977)
5319303359,36.6205036,140.6649138,,,3,,POINT (140.6649138 36.6205036)
5319303360,36.6199564,140.6655045,,,3,,POINT (140.6655045 36.6199564)
5319303361,36.6258819,140.6673779,,,3,,POINT (140.6673779 36.6258819)
5319303371,36.6280364,140.6693408,,,3,,POINT (140.6693408 36.6280364)
5319303372,36.6230723,140.6691529,,,1,,POINT (140.6691529 36.6230723)
5319303374,36.6232052,140.6683093,,,4,,POINT (140.6683093 36.6232052)
5319303376,36.6239762,140.6674106,,,3,,POINT (140.6674106 36.6239762)
5319303377,36.6240186,140.6671906,,,3,,POINT (140.6671906 36.6240186)
5319303380,36.6239868,140.6657474,,,4,,POINT (140.6657474 36.6239868)
5319303386,36.6239127,140.6639435,,,1,,POINT (140.6639435 36.6239127)
5319303387,36.624502,140.664698,,,3,,POINT (140.664698 36.624502)
5319303388,36.6242092,140.664608,,,4,,POINT (140.664608 36.6242092)
5319303389,36.6237891,140.664486,,,3,,POINT (140.664486 36.6237891)
5319303390,36.623862,140.6641662,,,3,,POINT (140.6641662 36.623862)
5319303394,36.6235956,140.6653353,,,3,,POINT (140.6653353 36.6235956)
5319303397,36.6248762,140.6670263,,,1,,POINT (140.6670263 36.6248762)
5319303398,36.6247486,140.6670314,,,3,,POINT (140.6670314 36.6247486)
5319303402,36.6235233,140.6690406,,,3,,POINT (140.6690406 36.6235233)
5319303407,36.624167,140.6690879,,,3,,POINT (140.6690879 36.624167)
5319303410,36.6243813,140.6697136,,,3,,POINT (140.6697136 36.6243813)
5319303412,36.6227105,140.6699979,,,3,,POINT (140.6699979 36.6227105)
5319303413,36.6227336,140.6697626,,,1,,POINT (140.6697626 36.6227336)
5319303414,36.6220246,140.6697344,,,3,,POINT (140.6697344 36.6220246)
5319303415,36.6220327,140.6696388,,,3,,POINT (140.6696388 36.6220327)
5319303416,36.6217171,140.6695532,,,4,,POINT (140.6695532 36.6217171)
5319303418,36.6207636,140.6695044,,,3,,POINT (140.6695044 36.6207636)
5319303419,36.6207277,140.6697763,,,3,,POINT (140.6697763 36.6207277)
5319303421,36.6209499,140.6683249,,,3,,POINT (140.6683249 36.6209499)
5319303423,36.6213571,140.6673157,,,3,,POINT (140.6673157 36.6213571)
5319303424,36.6216015,140.6670455,,,3,,POINT (140.6670455 36.6216015)
5319303427,36.6206836,140.6671976,,,3,,POINT (140.6671976 36.6206836)
5319303428,36.6212194,140.6676228,,,3,,POINT (140.6676228 36.6212194)
5319303430,36.6210666,140.6679435,,,4,,POINT (140.6679435 36.6210666)
5319303441,36.6216838,140.6687612,,,3,,POINT (140.6687612 36.6216838)
5319303445,36.6210377,140.6695175,,,4,,POINT (140.6695175 36.6210377)
5319303446,36.6210431,140.6696521,,,1,,POINT (140.6696521 36.6210431)
5319303447,36.6213961,140.669784,,,1,,POINT (140.669784 36.6213961)
5319303448,36.6213914,140.6695349,,,4,,POINT (140.6695349 36.6213914)
5319303449,36.621348,140.6687104,,,3,,POINT (140.6687104 36.621348)
5319303450,36.6220083,140.6700795,,,1,,POINT (140.6700795 36.6220083)
5319303452,36.6223757,140.6698687,,,4,,POINT (140.6698687 36.6223757)
5319303453,36.6223344,140.6701541,,,1,,POINT (140.6701541 36.6223344)
5319303454,36.6224183,140.6694435,,,1,,POINT (140.6694435 36.6224183)
5319303455,36.6220702,140.669211,,,1,,POINT (140.669211 36.6220702)
5319303456,36.6208761,140.6685948,,,3,,POINT (140.6685948 36.6208761)
5319303457,36.62041,140.6685108,,,1,,POINT (140.6685108 36.62041)
5319303458,36.6204766,140.6682076,,,1,,POINT (140.6682076 36.6204766)
5319303459,36.6208216,140.6690259,,,3,,POINT (140.6690259 36.6208216)
5319303460,36.6205158,140.6689546,,,1,,POINT (140.6689546 36.6205158)
5319303461,36.6216589,140.6683346,,,3,,POINT (140.6683346 36.6216589)
5319303462,36.6217533,140.6679168,,,4,,POINT (140.6679168 36.6217533)
5319303464,36.6218498,140.6673513,,,3,,POINT (140.6673513 36.6218498)
5319303469,36.6153494,140.6650912,,,3,,POINT (140.6650912 36.6153494)
5319303471,36.6147949,140.6652824,,,3,,POINT (140.6652824 36.6147949)
5319303472,36.6158521,140.6637932,,,3,,POINT (140.6637932 36.6158521)
5319303474,36.6157265,140.6648227,,,1,,POINT (140.6648227 36.6157265)
5319303475,36.6151038,140.6641619,,,4,,POINT (140.6641619 36.6151038)
5319303478,36.6150556,140.6648771,,,3,,POINT (140.6648771 36.6150556)
5319677472,36.6217391,140.6633374,,,3,,POINT (140.6633374 36.6217391)
5319677473,36.6224979,140.6639615,,,4,,POINT (140.6639615 36.6224979)
5319677474,36.622773,140.6641862,,,1,,POINT (140.6641862 36.622773)
5319677475,36.6212217,140.6660446,,,3,,POINT (140.6660446 36.6212217)
5319677479,36.622539,140.6661186,,,3,,POINT (140.6661186 36.622539)
5319677481,36.6229131,140.6666869,,,3,,POINT (140.6666869 36.6229131)
5319677488,36.6225353,140.6666963,,,3,,POINT (140.6666963 36.6225353)
5319677489,36.622867,140.6662272,,,3,,POINT (140.6662272 36.622867)
5319677490,36.6230346,140.6662005,,,1,,POINT (140.6662005 36.6230346)
5319677491,36.6231259,140.6665959,,,1,,POINT (140.6665959 36.6231259)
5319677492,36.6229989,140.6666775,,,3,,POINT (140.6666775 36.6229989)
5319677494,36.6227669,140.6669543,,,1,,POINT (140.6669543 36.6227669)
5319677495,36.6225744,140.6666953,,,3,,POINT (140.6666953 36.6225744)
5319677496,36.6225645,140.6671224,,,1,,POINT (140.6671224 36.6225645)
5319677497,36.6221991,140.6667423,,,3,,POINT (140.6667423 36.6221991)
5319677499,36.6222293,140.6665317,,,1,,POINT (140.6665317 36.6222293)
5319677500,36.6220463,140.6667875,,,3,,POINT (140.6667875 36.6220463)
5319677502,36.6220151,140.6665317,,,1,,POINT (140.6665317 36.6220151)
5319677510,36.6220541,140.6648026,,,3,,POINT (140.6648026 36.6220541)
5319677511,36.6203918,140.665986,,,3,,POINT (140.665986 36.6203918)
5319680021,36.6190581,140.6683946,,,3,,POINT (140.6683946 36.6190581)
5319680030,36.6194198,140.6702964,,,1,,POINT (140.6702964 36.6194198)
5319680031,36.6171697,140.6699285,,,3,,POINT (140.6699285 36.6171697)
5319680032,36.6188793,140.6702647,,,3,,POINT (140.6702647 36.6188793)
5319680033,36.6188406,140.6705582,,,3,,POINT (140.6705582 36.6188406)
5319680036,36.6192428,140.6695489,,,3,,POINT (140.6695489 36.6192428)
5319680037,36.6189423,140.6698362,,,3,,POINT (140.6698362 36.6189423)
5319680039,36.6176468,140.6692507,,,3,,POINT (140.6692507 36.6176468)
5319680041,36.6172143,140.6696563,,,3,,POINT (140.6696563 36.6172143)
5319680042,36.6184691,140.6697308,,,3,,POINT (140.6697308 36.6184691)
5319680048,36.6191814,140.6688434,,,3,,POINT (140.6688434 36.6191814)
5319680053,36.6188117,140.6680504,,,3,,POINT (140.6680504 36.6188117)
5319680055,36.6183379,140.666902,,,3,,POINT (140.666902 36.6183379)
5319680060,36.6180139,140.6684019,,,1,,POINT (140.6684019 36.6180139)
5319680061,36.618266,140.6687367,,,3,,POINT (140.6687367 36.618266)
5319680068,36.613502,140.6645965,,,3,,POINT (140.6645965 36.613502)
5319680073,36.614132,140.6641119,,,1,,POINT (140.6641119 36.614132)
5319680074,36.6052195,140.6592521,,,3,,POINT (140.6592521 36.6052195)
5319680075,36.6055489,140.6595028,,,3,,POINT (140.6595028 36.6055489)
5319680077,36.6060622,140.6593697,,,3,,POINT (140.6593697 36.6060622)
5319680086,36.6096375,140.6593705,,,1,,POINT (140.6593705 36.6096375)
5319680087,36.6103361,140.6609706,,,1,,POINT (140.6609706 36.6103361)
5319680088,36.610299,140.6607265,,,3,,POINT (140.6607265 36.610299)
5319680102,36.6093331,140.6601791,,,3,,POINT (140.6601791 36.6093331)
5319680104,36.6091379,140.6603485,,,3,,POINT (140.6603485 36.6091379)
5319680109,36.608983,140.6610013,,,3,,POINT (140.6610013 36.608983)
5319680112,36.6103573,140.6597953,,,1,,POINT (140.6597953 36.6103573)
5319680113,36.6103464,140.6605273,,,3,,POINT (140.6605273 36.6103464)
5319680114,36.6106351,140.6605024,,,1,,POINT (140.6605024 36.6106351)
5319680115,36.6110492,140.6603603,,,1,,POINT (140.6603603 36.6110492)
5319680120,36.6111095,140.6614663,,,3,,POINT (140.6614663 36.6111095)
5319680221,36.6109713,140.6604934,,,3,,POINT (140.6604934 36.6109713)
5319680222,36.6106918,140.6602433,,,1,,POINT (140.6602433 36.6106918)
5319701057,36.6141139,140.6689075,,,3,,POINT (140.6689075 36.6141139)
5319701061,36.6144889,140.6689082,,,3,,POINT (140.6689082 36.6144889)
5319701063,36.6147583,140.6691658,,,1,,POINT (140.6691658 36.6147583)
5319701066,36.614019,140.6682006,,,3,,POINT (140.6682006 36.614019)
5319701068,36.6142633,140.6678936,,,3,,POINT (140.6678936 36.6142633)
5319701070,36.6140503,140.6677375,,,1,,POINT (140.6677375 36.6140503)
5319701075,36.6139188,140.6670937,,,4,,POINT (140.6670937 36.6139188)
5319701076,36.6139417,140.6663599,,,3,,POINT (140.6663599 36.6139417)
5319701079,36.6139331,140.6666407,,,3,,POINT (140.6666407 36.6139331)
5319701080,36.6136609,140.6666386,,,1,,POINT (140.6666386 36.6136609)
5319701082,36.612817,140.6672928,,,3,,POINT (140.6672928 36.612817)
5319701083,36.6128072,140.6669118,,,1,,POINT (140.6669118 36.6128072)
5319701086,36.6137435,140.6670834,,,1,,POINT (140.6670834 36.6137435)
5319701088,36.6148994,140.6684618,,,3,,POINT (140.6684618 36.6148994)
5319701089,36.6145646,140.6684117,,,1,,POINT (140.6684117 36.6145646)
5319701090,36.6142081,140.6691081,,,3,,POINT (140.6691081 36.6142081)
5319701092,36.6136665,140.6703223,,,3,,POINT (140.6703223 36.6136665)
5319701093,36.6138812,140.6731458,,,3,,POINT (140.6731458 36.6138812)
5319701095,36.6137316,140.6722656,,,3,,POINT (140.6722656 36.6137316)
5319701098,36.613384,140.6735409,,,3,,POINT (140.6735409 36.613384)
5319701099,36.6133786,140.6736949,,,1,,POINT (140.6736949 36.6133786)
5319701102,36.6133199,140.6725435,,,3,,POINT (140.6725435 36.6133199)
5319701103,36.6130349,140.6736774,,,1,,POINT (140.6736774 36.6130349)
5319701104,36.6125468,140.6733222,,,3,,POINT (140.6733222 36.6125468)
5319701111,36.6139656,140.6764715,,,1,,POINT (140.6764715 36.6139656)
5319701112,36.6137172,140.67511,,,3,,POINT (140.67511 36.6137172)
5319701120,36.6121506,140.6762934,,,4,,POINT (140.6762934 36.6121506)
5319701226,36.6110922,140.6776933,,,1,,POINT (140.6776933 36.6110922)
5319701232,36.6095284,140.6772332,,,3,,POINT (140.6772332 36.6095284)
5319701233,36.6095442,140.6760105,,,3,,POINT (140.6760105 36.6095442)
5319701239,36.6086587,140.6758249,,,3,,POINT (140.6758249 36.6086587)
5319701240,36.6087666,140.6763535,,,1,,POINT (140.6763535 36.6087666)
5319701242,36.6090756,140.6766148,,,3,,POINT (140.6766148 36.6090756)
5319701243,36.6091625,140.6770494,,,3,,POINT (140.6770494 36.6091625)
5319701245,36.6093184,140.6765488,,,1,,POINT (140.6765488 36.6093184)
5319701246,36.6091396,140.6764498,,,1,,POINT (140.6764498 36.6091396)
5319701247,36.6097461,140.6773361,,,3,,POINT (140.6773361 36.6097461)
5319701248,36.6098151,140.6770575,,,1,,POINT (140.6770575 36.6098151)
5319701249,36.6092655,140.6753855,,,1,,POINT (140.6753855 36.6092655)
5319701250,36.6109623,140.6752061,,,1,,POINT (140.6752061 36.6109623)
5319701252,36.6115614,140.6747377,,,3,,POINT (140.6747377 36.6115614)
5319701261,36.6103171,140.6751107,,,3,,POINT (140.6751107 36.6103171)
5319701262,36.6112396,140.6754774,,,3,,POINT (140.6754774 36.6112396)
5319701264,36.6117033,140.6753161,,,3,,POINT (140.6753161 36.6117033)
5319701265,36.6119611,140.6755155,,,1,,POINT (140.6755155 36.6119611)
5319701272,36.6125125,140.6744397,,,3,,POINT (140.6744397 36.6125125)
5319701273,36.6122393,140.6738594,,,3,,POINT (140.6738594 36.6122393)
5319701274,36.6118257,140.6736609,,,1,,POINT (140.6736609 36.6118257)
5319701275,36.612557,140.6714427,,,3,,POINT (140.6714427 36.612557)
5319701280,36.612333,140.6723145,,,3,,POINT (140.6723145 36.612333)
5319701282,36.6108575,140.6707315,,,3,,POINT (140.6707315 36.6108575)
5319701283,36.610395,140.6704202,,,3,,POINT (140.6704202 36.610395)
5319701285,36.6108,140.6721165,,,1,,POINT (140.6721165 36.6108)
5319701287,36.6094342,140.6717591,,,3,,POINT (140.6717591 36.6094342)
5319701288,36.6100933,140.6718484,,,3,,POINT (140.6718484 36.6100933)
5319701290,36.6092541,140.6723883,,,3,,POINT (140.6723883 36.6092541)
5319701291,36.609852,140.6724678,,,3,,POINT (140.6724678 36.609852)
5319701299,36.6082321,140.6741331,,,3,,POINT (140.6741331 36.6082321)
5319701300,36.6082919,140.67452,,,3,,POINT (140.67452 36.6082919)
5319701305,36.606593,140.6746883,,,3,,POINT (140.6746883 36.606593)
5319701309,36.6082888,140.674122,,,3,,POINT (140.674122 36.6082888)
5319701310,36.6082132,140.6735777,,,3,,POINT (140.6735777 36.6082132)
5319701311,36.6080163,140.6735817,,,1,,POINT (140.6735817 36.6080163)
5320063411,36.6069836,140.6711707,,,3,,POINT (140.6711707 36.6069836)
5320063412,36.6072809,140.6706117,,,3,,POINT (140.6706117 36.6072809)
5320063413,36.6072514,140.6709321,,,1,,POINT (140.6709321 36.6072514)
5320063416,36.6059598,140.6729188,,,1,,POINT (140.6729188 36.6059598)
5320063417,36.6075739,140.6730262,,,3,,POINT (140.6730262 36.6075739)
5320063419,36.6077408,140.6735356,,,1,,POINT (140.6735356 36.6077408)
5320063420,36.6084043,140.6729793,,,3,,POINT (140.6729793 36.6084043)
5320065926,36.6086216,140.6723235,,,1,,POINT (140.6723235 36.6086216)
5320065927,36.6091186,140.6715322,,,1,,POINT (140.6715322 36.6091186)
5320065931,36.6092971,140.6710957,,,3,,POINT (140.6710957 36.6092971)
5320065934,36.6105386,140.6719088,,,3,,POINT (140.6719088 36.6105386)
5320065935,36.6103663,140.6718854,,,3,,POINT (140.6718854 36.6103663)
5320065942,36.6095585,140.6735132,,,3,,POINT (140.6735132 36.6095585)
5320065943,36.6192882,140.6786427,,,3,,POINT (140.6786427 36.6192882)
5320065944,36.6187275,140.6785036,,,1,,POINT (140.6785036 36.6187275)
5320065947,36.6190107,140.6791431,,,3,,POINT (140.6791431 36.6190107)
5320065948,36.6187009,140.6800941,,,3,,POINT (140.6800941 36.6187009)
5320065950,36.6185027,140.6811612,,,3,,POINT (140.6811612 36.6185027)
5320065951,36.6209149,140.6815769,,,1,,POINT (140.6815769 36.6209149)
5320065952,36.6205788,140.6820373,,,1,,POINT (140.6820373 36.6205788)
5320065954,36.6211157,140.6820605,,,3,,POINT (140.6820605 36.6211157)
5320065955,36.6228532,140.6816181,,,3,,POINT (140.6816181 36.6228532)
5320065963,36.622348,140.6827781,,,3,,POINT (140.6827781 36.622348)
5320065966,36.6236163,140.6769858,,,3,,POINT (140.6769858 36.6236163)
5320065967,36.6233866,140.6768219,,,1,,POINT (140.6768219 36.6233866)
5320065968,36.6234615,140.6772748,,,3,,POINT (140.6772748 36.6234615)
5320065969,36.6232612,140.6771092,,,1,,POINT (140.6771092 36.6232612)
5320065970,36.6261399,140.6734393,,,3,,POINT (140.6734393 36.6261399)
5320065981,36.625827,140.6753597,,,1,,POINT (140.6753597 36.625827)
5320065990,36.6288122,140.6725029,,,3,,POINT (140.6725029 36.6288122)
5320065995,36.6291702,140.6732999,,,3,,POINT (140.6732999 36.6291702)
5320065996,36.6291718,140.6730114,,,1,,POINT (140.6730114 36.6291718)
5320066013,36.6315601,140.6715595,,,3,,POINT (140.6715595 36.6315601)
5320066014,36.6317976,140.6707925,,,4,,POINT (140.6707925 36.6317976)
5320066124,36.6318197,140.6720944,,,3,,POINT (140.6720944 36.6318197)
5320066135,36.631802,140.6733664,,,3,,POINT (140.6733664 36.631802)
5320066139,36.6318616,140.6738702,,,3,,POINT (140.6738702 36.6318616)
5320066141,36.6321437,140.6729542,,,3,,POINT (140.6729542 36.6321437)
5320066142,36.6323004,140.673113,,,3,,POINT (140.673113 36.6323004)
5320066143,36.632126,140.673327,,,3,,POINT (140.673327 36.632126)
5320066144,36.6325501,140.6737566,,,3,,POINT (140.6737566 36.6325501)
5320066145,36.6328057,140.6733277,,,3,,POINT (140.6733277 36.6328057)
5320066147,36.6324019,140.6729339,,,3,,POINT (140.6729339 36.6324019)
5320066148,36.6324417,140.6719279,,,1,,POINT (140.6719279 36.6324417)
5320066150,36.6324977,140.6721205,,,3,,POINT (140.6721205 36.6324977)
5320066154,36.631939,140.6727426,,,1,,POINT (140.6727426 36.631939)
5320066157,36.632209,140.6719639,,,1,,POINT (140.6719639 36.632209)
5320066160,36.6325541,140.6723096,,,3,,POINT (140.6723096 36.6325541)
5320066161,36.6326771,140.6724609,,,3,,POINT (140.6724609 36.6326771)
5320066162,36.6334911,140.6721141,,,1,,POINT (140.6721141 36.6334911)
5320066166,36.6332438,140.6700533,,,3,,POINT (140.6700533 36.6332438)
5320066170,36.6335546,140.6692917,,,1,,POINT (140.6692917 36.6335546)
5320066171,36.6325618,140.6692303,,,3,,POINT (140.6692303 36.6325618)
5320066177,36.6332502,140.6700252,,,3,,POINT (140.6700252 36.6332502)
5320066183,36.6341814,140.6689661,,,1,,POINT (140.6689661 36.6341814)
5320066184,36.6360677,140.6715735,,,3,,POINT (140.6715735 36.6360677)
5320066185,36.6358702,140.6714333,,,1,,POINT (140.6714333 36.6358702)
5320066186,36.6359645,140.6710808,,,1,,POINT (140.6710808 36.6359645)
5320066187,36.6357944,140.6743226,,,3,,POINT (140.6743226 36.6357944)
5320066190,36.6360763,140.6736643,,,1,,POINT (140.6736643 36.6360763)
5320066191,36.6402868,140.6730432,,,3,,POINT (140.6730432 36.6402868)
5320066196,36.6407375,140.6719216,,,4,,POINT (140.6719216 36.6407375)
5320066197,36.6408867,140.6713922,,,3,,POINT (140.6713922 36.6408867)
5320066211,36.6414916,140.6757377,,,3,,POINT (140.6757377 36.6414916)
5320066212,36.6404552,140.6743272,,,1,,POINT (140.6743272 36.6404552)
5320066213,36.6408629,140.6744383,,,3,,POINT (140.6744383 36.6408629)
5320066216,36.6404718,140.6757352,,,3,,POINT (140.6757352 36.6404718)
5320066217,36.6409171,140.674388,,,3,,POINT (140.674388 36.6409171)
5320066218,36.6416034,140.6744767,,,3,,POINT (140.6744767 36.6416034)
5320066423,36.642571,140.6776086,,,1,,POINT (140.6776086 36.642571)
5320066424,36.6427012,140.6791934,,,3,,POINT (140.6791934 36.6427012)
5320066430,36.6433133,140.6773474,,,3,,POINT (140.6773474 36.6433133)
5320066431,36.6437055,140.6774594,,,3,,POINT (140.6774594 36.6437055)
5320066438,36.6434708,140.6805175,,,3,,POINT (140.6805175 36.6434708)
5320066439,36.6434953,140.6796161,,,3,,POINT (140.6796161 36.6434953)
5320066441,36.6430959,140.6797129,,,3,,POINT (140.6797129 36.6430959)
5320066442,36.6433184,140.6800409,,,3,,POINT (140.6800409 36.6433184)
5320066443,36.6429881,140.6802244,,,1,,POINT (140.6802244 36.6429881)
5320066448,36.6419159,140.6805433,,,3,,POINT (140.6805433 36.6419159)
5320066450,36.6416764,140.6813607,,,4,,POINT (140.6813607 36.6416764)
5320066452,36.6411042,140.6813839,,,3,,POINT (140.6813839 36.6411042)
5320066459,36.6404313,140.6808949,,,3,,POINT (140.6808949 36.6404313)
5320066460,36.6408852,140.6811038,,,3,,POINT (140.6811038 36.6408852)
5320066461,36.6410216,140.6810127,,,3,,POINT (140.6810127 36.6410216)
5320066462,36.6414012,140.680892,,,3,,POINT (140.680892 36.6414012)
5320066478,36.640996,140.6833916,,,3,,POINT (140.6833916 36.640996)
5320066480,36.6407527,140.6817429,,,1,,POINT (140.6817429 36.6407527)
5320066495,36.6411384,140.6781666,,,3,,POINT (140.6781666 36.6411384)
5320066496,36.6412264,140.6798441,,,3,,POINT (140.6798441 36.6412264)
5320066498,36.6414243,140.679218,,,3,,POINT (140.679218 36.6414243)
5320066500,36.6406114,140.6795295,,,3,,POINT (140.6795295 36.6406114)
5320066501,36.6416902,140.6803712,,,1,,POINT (140.6803712 36.6416902)
5320066515,36.6411399,140.6773033,,,3,,POINT (140.6773033 36.6411399)
5320066518,36.6416246,140.6770792,,,3,,POINT (140.6770792 36.6416246)
5320066519,36.6407718,140.6760509,,,3,,POINT (140.6760509 36.6407718)
5320066523,36.6395231,140.6750271,,,3,,POINT (140.6750271 36.6395231)
5320066524,36.6393137,140.6755565,,,1,,POINT (140.6755565 36.6393137)
5320066525,36.6432546,140.6774938,,,3,,POINT (140.6774938 36.6432546)
5320066526,36.6428804,140.6774453,,,1,,POINT (140.6774453 36.6428804)
5320066527,36.6426141,140.6720335,,,3,,POINT (140.6720335 36.6426141)
5320066528,36.6426665,140.6716831,,,1,,POINT (140.6716831 36.6426665)
5320066529,36.642703,140.6714141,,,1,,POINT (140.6714141 36.642703)
5320066530,36.6427428,140.6710105,,,3,,POINT (140.6710105 36.6427428)
5320066534,36.6437973,140.6711716,,,3,,POINT (140.6711716 36.6437973)
5320066541,36.6419255,140.6710972,,,3,,POINT (140.6710972 36.6419255)
5320066542,36.6422878,140.6696276,,,1,,POINT (140.6696276 36.6422878)
5320066543,36.6424946,140.6697384,,,4,,POINT (140.6697384 36.6424946)
5320066544,36.6426731,140.6698447,,,1,,POINT (140.6698447 36.6426731)
5320066545,36.6425222,140.6696005,,,3,,POINT (140.6696005 36.6425222)
5320066546,36.6427998,140.6697065,,,1,,POINT (140.6697065 36.6427998)
5320066547,36.6421242,140.66888,,,1,,POINT (140.66888 36.6421242)
5320066548,36.6429496,140.6689115,,,3,,POINT (140.6689115 36.6429496)
5320066555,36.6429299,140.668003,,,1,,POINT (140.668003 36.6429299)
5320066557,36.644814,140.6710285,,,3,,POINT (140.6710285 36.644814)
5320066559,36.6454695,140.6713021,,,3,,POINT (140.6713021 36.6454695)
5320066560,36.6451811,140.6711614,,,3,,POINT (140.6711614 36.6451811)
5320066561,36.645333,140.6706022,,,1,,POINT (140.6706022 36.645333)
5320066566,36.6444786,140.6706493,,,3,,POINT (140.6706493 36.6444786)
5320066568,36.6441099,140.6705058,,,1,,POINT (140.6705058 36.6441099)
5320066570,36.6438923,140.6707121,,,1,,POINT (140.6707121 36.6438923)
5320066571,36.6443885,140.6706179,,,3,,POINT (140.6706179 36.6443885)
5320066575,36.6446531,140.6691653,,,1,,POINT (140.6691653 36.6446531)
5320066576,36.6445602,140.6697806,,,3,,POINT (140.6697806 36.6445602)
5320066577,36.6442142,140.6696899,,,1,,POINT (140.6696899 36.6442142)
5320066578,36.64447,140.6702741,,,3,,POINT (140.6702741 36.64447)
5320066579,36.6440614,140.6701718,,,1,,POINT (140.6701718 36.6440614)
5320066580,36.6447768,140.6726464,,,3,,POINT (140.6726464 36.6447768)
5320066590,36.6322968,140.6642274,,,3,,POINT (140.6642274 36.6322968)
5320066592,36.6325316,140.66401,,,3,,POINT (140.66401 36.6325316)
5320066593,36.6326314,140.6639224,,,3,,POINT (140.6639224 36.6326314)
5320066594,36.6327538,140.6637839,,,3,,POINT (140.6637839 36.6327538)
5320066598,36.6331008,140.6641738,,,1,,POINT (140.6641738 36.6331008)
5320066599,36.6329058,140.6641484,,,1,,POINT (140.6641484 36.6329058)
5320066600,36.6327856,140.6642953,,,1,,POINT (140.6642953 36.6327856)
5320066605,36.632645,140.6630888,,,1,,POINT (140.6630888 36.632645)
5320066606,36.6329294,140.6661931,,,3,,POINT (140.6661931 36.6329294)
5320066615,36.6330169,140.6653764,,,3,,POINT (140.6653764 36.6330169)
5320066616,36.6332541,140.6652885,,,1,,POINT (140.6652885 36.6332541)
5320066617,36.6330818,140.6656386,,,3,,POINT (140.6656386 36.6330818)
5320066618,36.6333815,140.6655572,,,1,,POINT (140.6655572 36.6333815)
5320066624,36.625773,140.6665667,,,3,,POINT (140.6665667 36.625773)
5320066625,36.6259387,140.6663798,,,3,,POINT (140.6663798 36.6259387)
5320066635,36.6263749,140.6642561,,,3,,POINT (140.6642561 36.6263749)
5320066640,36.6267632,140.6629999,,,4,,POINT (140.6629999 36.6267632)
5320066648,36.6261913,140.6624204,,,3,,POINT (140.6624204 36.6261913)
5320066654,36.6255774,140.6628099,,,1,,POINT (140.6628099 36.6255774)
5320066660,36.6283701,140.6688918,,,3,,POINT (140.6688918 36.6283701)
5320066664,36.627687,140.6679652,,,3,,POINT (140.6679652 36.627687)
5320066670,36.6272646,140.6662697,,,3,,POINT (140.6662697 36.6272646)
5320066689,36.621089,140.6620484,,,3,,POINT (140.6620484 36.621089)
5320066690,36.6221272,140.6622869,,,1,,POINT (140.6622869 36.6221272)
5320066691,36.6214964,140.6611693,,,3,,POINT (140.6611693 36.6214964)
5320066692,36.6220326,140.6612964,,,4,,POINT (140.6612964 36.6220326)
5320066696,36.6218652,140.6622267,,,3,,POINT (140.6622267 36.6218652)
5320066697,36.6212677,140.6614911,,,3,,POINT (140.6614911 36.6212677)
5320066700,36.6215561,140.6621273,,,3,,POINT (140.6621273 36.6215561)
5320066701,36.6209375,140.6612158,,,1,,POINT (140.6612158 36.6209375)
5320066704,36.620889,140.6627611,,,3,,POINT (140.6627611 36.620889)
5320066705,36.6212342,140.663271,,,1,,POINT (140.663271 36.6212342)
5320066706,36.6217639,140.6621941,,,3,,POINT (140.6621941 36.6217639)
5320066712,36.6219506,140.663148,,,3,,POINT (140.663148 36.6219506)
5320066720,36.6202461,140.6636069,,,3,,POINT (140.6636069 36.6202461)
5320066823,36.6207831,140.662933,,,3,,POINT (140.662933 36.6207831)
5320066824,36.6202758,140.6635697,,,3,,POINT (140.6635697 36.6202758)
5320066836,36.6210412,140.6622257,,,3,,POINT (140.6622257 36.6210412)
5320066839,36.6200819,140.6623376,,,3,,POINT (140.6623376 36.6200819)
5320066842,36.6200149,140.6625844,,,3,,POINT (140.6625844 36.6200149)
5320066843,36.6185168,140.6648109,,,1,,POINT (140.6648109 36.6185168)
5320066845,36.6190212,140.6651832,,,3,,POINT (140.6651832 36.6190212)
5320066847,36.6201024,140.6644018,,,1,,POINT (140.6644018 36.6201024)
5320066848,36.6208806,140.6651091,,,1,,POINT (140.6651091 36.6208806)
5320066850,36.6203934,140.6650313,,,3,,POINT (140.6650313 36.6203934)
5320066851,36.6232894,140.661025,,,3,,POINT (140.661025 36.6232894)
5320066853,36.6235973,140.6610661,,,3,,POINT (140.6610661 36.6235973)
5320066854,36.6234816,140.6613857,,,1,,POINT (140.6613857 36.6234816)
5320066855,36.6237319,140.66107,,,1,,POINT (140.66107 36.6237319)
5320066857,36.6183828,140.6609207,,,3,,POINT (140.6609207 36.6183828)
5320066861,36.6175772,140.6607687,,,1,,POINT (140.6607687 36.6175772)
5320066868,36.6192445,140.6614562,,,3,,POINT (140.6614562 36.6192445)
5320066869,36.6195123,140.6616505,,,3,,POINT (140.6616505 36.6195123)
5320066871,36.6184096,140.6612269,,,3,,POINT (140.6612269 36.6184096)
5320066872,36.6185125,140.6613077,,,3,,POINT (140.6613077 36.6185125)
5320066876,36.6196543,140.6610203,,,1,,POINT (140.6610203 36.6196543)
5320066877,36.6189401,140.6616433,,,3,,POINT (140.6616433 36.6189401)
5320066878,36.6188206,140.6619145,,,1,,POINT (140.6619145 36.6188206)
5320066879,36.617378,140.6604052,,,1,,POINT (140.6604052 36.617378)
5320066880,36.6169383,140.6609758,,,3,,POINT (140.6609758 36.6169383)
5320066889,36.6164688,140.6610215,,,1,,POINT (140.6610215 36.6164688)
5320066895,36.6162312,140.6622102,,,3,,POINT (140.6622102 36.6162312)
5320066896,36.6160753,140.6626772,,,1,,POINT (140.6626772 36.6160753)
5320066897,36.6144862,140.6610629,,,3,,POINT (140.6610629 36.6144862)
5320066901,36.6137187,140.659963,,,1,,POINT (140.659963 36.6137187)
5320066904,36.6145317,140.6607018,,,3,,POINT (140.6607018 36.6145317)
5320066905,36.6142735,140.6605469,,,1,,POINT (140.6605469 36.6142735)
5320066906,36.6144488,140.6612374,,,3,,POINT (140.6612374 36.6144488)
5320066907,36.6139947,140.6609662,,,1,,POINT (140.6609662 36.6139947)
5320066908,36.6137766,140.6611909,,,1,,POINT (140.6611909 36.6137766)
5320066912,36.6140796,140.6621431,,,3,,POINT (140.6621431 36.6140796)
5320066913,36.6139446,140.6616912,,,3,,POINT (140.6616912 36.6139446)
5320066914,36.6140994,140.6614904,,,1,,POINT (140.6614904 36.6140994)
5320066917,36.6144811,140.6624346,,,3,,POINT (140.6624346 36.6144811)
5320066920,36.6149273,140.6624955,,,3,,POINT (140.6624955 36.6149273)
5320067024,36.6148586,140.6620202,,,1,,POINT (140.6620202 36.6148586)
5320067026,36.614863,140.6622255,,,1,,POINT (140.6622255 36.614863)
5320067029,36.6148629,140.6612504,,,1,,POINT (140.6612504 36.6148629)
5320067031,36.6144648,140.6611626,,,3,,POINT (140.6611626 36.6144648)
5320067032,36.6124265,140.6597372,,,1,,POINT (140.6597372 36.6124265)
5320067033,36.6123286,140.6599728,,,1,,POINT (140.6599728 36.6123286)
5320067038,36.6135407,140.6587422,,,3,,POINT (140.6587422 36.6135407)
5320067039,36.6138403,140.6584871,,,3,,POINT (140.6584871 36.6138403)
5320067042,36.614143,140.65898,,,1,,POINT (140.65898 36.614143)
5320067043,36.6140026,140.6579714,,,1,,POINT (140.6579714 36.6140026)
5320067044,36.6139493,140.6581408,,,3,,POINT (140.6581408 36.6139493)
5320067055,36.6094632,140.6607529,,,1,,POINT (140.6607529 36.6094632)
5320067056,36.6054928,140.6609613,,,1,,POINT (140.6609613 36.6054928)
5320067057,36.6055098,140.6612705,,,3,,POINT (140.6612705 36.6055098)
5320067058,36.6050982,140.6612809,,,3,,POINT (140.6612809 36.6050982)
5320067059,36.6051218,140.6620786,,,3,,POINT (140.6620786 36.6051218)
5320067061,36.6055478,140.6619332,,,3,,POINT (140.6619332 36.6055478)
5320067068,36.6049222,140.662885,,,3,,POINT (140.662885 36.6049222)
5320067069,36.6049763,140.6633342,,,3,,POINT (140.6633342 36.6049763)
5320067070,36.6054895,140.6635892,,,3,,POINT (140.6635892 36.6054895)
5320067071,36.6056874,140.6629071,,,1,,POINT (140.6629071 36.6056874)
5320067072,36.6054524,140.6637405,,,1,,POINT (140.6637405 36.6054524)
5320067073,36.6054782,140.6636352,,,3,,POINT (140.6636352 36.6054782)
5320067077,36.6060269,140.6635722,,,1,,POINT (140.6635722 36.6060269)
5320067080,36.6011474,140.6625452,,,3,,POINT (140.6625452 36.6011474)
5320067081,36.6005663,140.6621894,,,3,,POINT (140.6621894 36.6005663)
5320067082,36.5993414,140.6625389,,,3,,POINT (140.6625389 36.5993414)
5320067086,36.5990138,140.6635801,,,3,,POINT (140.6635801 36.5990138)
5320067087,36.6020666,140.661824,,,1,,POINT (140.661824 36.6020666)
5320067090,36.6016111,140.6618273,,,3,,POINT (140.6618273 36.6016111)
5320067091,36.6016514,140.6630815,,,1,,POINT (140.6630815 36.6016514)
5320067092,36.601552,140.6642151,,,4,,POINT (140.6642151 36.601552)
5320067095,36.6008397,140.6634662,,,3,,POINT (140.6634662 36.6008397)
5320067096,36.6007033,140.6644228,,,3,,POINT (140.6644228 36.6007033)
5320067098,36.600928,140.6641033,,,1,,POINT (140.6641033 36.600928)
5320067099,36.6001027,140.6653797,,,3,,POINT (140.6653797 36.6001027)
5320067100,36.600026,140.6655514,,,3,,POINT (140.6655514 36.600026)
5320067103,36.599897,140.6658405,,,3,,POINT (140.6658405 36.599897)
5320067104,36.5984317,140.6662519,,,3,,POINT (140.6662519 36.5984317)
5320067106,36.5984723,140.6661505,,,3,,POINT (140.6661505 36.5984723)
5320067107,36.5987359,140.6663209,,,1,,POINT (140.6663209 36.5987359)
5320067108,36.5980106,140.6676219,,,3,,POINT (140.6676219 36.5980106)
5320067109,36.5984189,140.6678724,,,3,,POINT (140.6678724 36.5984189)
5320067110,36.5981175,140.6673246,,,3,,POINT (140.6673246 36.5981175)
5320067111,36.5984454,140.6674786,,,1,,POINT (140.6674786 36.5984454)
5320067112,36.5997813,140.6699087,,,3,,POINT (140.6699087 36.5997813)
5320067113,36.5996867,140.6701324,,,3,,POINT (140.6701324 36.5996867)
5320067119,36.599219,140.6710101,,,1,,POINT (140.6710101 36.599219)
5320067120,36.5994961,140.6704723,,,3,,POINT (140.6704723 36.5994961)
5320067222,36.599287,140.6702505,,,1,,POINT (140.6702505 36.599287)
5320067224,36.5984218,140.6688546,,,3,,POINT (140.6688546 36.5984218)
5320067227,36.5984573,140.6665736,,,1,,POINT (140.6665736 36.5984573)
5320067228,36.5857441,140.6597338,,,3,,POINT (140.6597338 36.5857441)
5320067229,36.5856289,140.6601016,,,3,,POINT (140.6601016 36.5856289)
5320067230,36.5853234,140.6608744,,,3,,POINT (140.6608744 36.5853234)
5320067231,36.5860886,140.6603215,,,3,,POINT (140.6603215 36.5860886)
5320067232,36.5845443,140.6599723,,,3,,POINT (140.6599723 36.5845443)
5320067233,36.5842821,140.6597971,,,1,,POINT (140.6597971 36.5842821)
5320067235,36.5838796,140.6594169,,,3,,POINT (140.6594169 36.5838796)
5320067240,36.5828446,140.6586003,,,3,,POINT (140.6586003 36.5828446)
5320067241,36.5826189,140.6590161,,,3,,POINT (140.6590161 36.5826189)
5320067242,36.5828624,140.6592094,,,3,,POINT (140.6592094 36.5828624)
5320067243,36.5824114,140.6601204,,,4,,POINT (140.6601204 36.5824114)
5320067245,36.5829759,140.660584,,,3,,POINT (140.660584 36.5829759)
5320067246,36.581723,140.6595718,,,4,,POINT (140.6595718 36.581723)
5320067252,36.580751,140.658399,,,3,,POINT (140.658399 36.580751)
5320067253,36.58096,140.6581473,,,3,,POINT (140.6581473 36.58096)
5320067254,36.5812875,140.6577344,,,3,,POINT (140.6577344 36.5812875)
5320067257,36.5804786,140.6580747,,,3,,POINT (140.6580747 36.5804786)
5320067270,36.5759999,140.654108,,,3,,POINT (140.654108 36.5759999)
5320067274,36.5763742,140.653152,,,3,,POINT (140.653152 36.5763742)
5320067277,36.5764362,140.6537242,,,3,,POINT (140.6537242 36.5764362)
5320067278,36.5762138,140.6542762,,,3,,POINT (140.6542762 36.5762138)
5320067280,36.5771113,140.6542746,,,3,,POINT (140.6542746 36.5771113)
5320067283,36.577424,140.6539322,,,1,,POINT (140.6539322 36.577424)
5320067284,36.5775384,140.6554804,,,3,,POINT (140.6554804 36.5775384)
5320067287,36.5780615,140.6551216,,,1,,POINT (140.6551216 36.5780615)
5320067291,36.5773254,140.6552903,,,3,,POINT (140.6552903 36.5773254)
5320067295,36.5756325,140.6526959,,,3,,POINT (140.6526959 36.5756325)
5320067297,36.5754072,140.6530162,,,1,,POINT (140.6530162 36.5754072)
5320067298,36.574927,140.6517041,,,1,,POINT (140.6517041 36.574927)
5320067301,36.5727643,140.6520757,,,3,,POINT (140.6520757 36.5727643)
5320067309,36.5726035,140.6509092,,,1,,POINT (140.6509092 36.5726035)
5320067310,36.5732429,140.651164,,,1,,POINT (140.651164 36.5732429)
5320067312,36.5725922,140.6513243,,,3,,POINT (140.6513243 36.5725922)
5320067313,36.5727787,140.651823,,,3,,POINT (140.651823 36.5727787)
5320067422,36.5734141,140.6510195,,,1,,POINT (140.6510195 36.5734141)
5320067434,36.571762,140.6515746,,,3,,POINT (140.6515746 36.571762)
5320067437,36.5713366,140.6520656,,,1,,POINT (140.6520656 36.5713366)
5320067438,36.5729534,140.652145,,,3,,POINT (140.652145 36.5729534)
5320067445,36.571939,140.6517112,,,3,,POINT (140.6517112 36.571939)
5320067447,36.5719786,140.6512801,,,3,,POINT (140.6512801 36.5719786)
5320067449,36.5720628,140.6506506,,,3,,POINT (140.6506506 36.5720628)
5320067450,36.5720669,140.6503908,,,1,,POINT (140.6503908 36.5720669)
5320067451,36.5718101,140.6505632,,,1,,POINT (140.6505632 36.5718101)
5320067457,36.5715776,140.6503991,,,1,,POINT (140.6503991 36.5715776)
5320067458,36.5746119,140.6492538,,,3,,POINT (140.6492538 36.5746119)
5320067461,36.5737987,140.6505055,,,1,,POINT (140.6505055 36.5737987)
5320067462,36.5745806,140.6506195,,,3,,POINT (140.6506195 36.5745806)
5320067463,36.5734726,140.6506826,,,3,,POINT (140.6506826 36.5734726)
5320067465,36.5735653,140.650082,,,3,,POINT (140.650082 36.5735653)
5320067472,36.5731119,140.6496032,,,3,,POINT (140.6496032 36.5731119)
5320067473,36.573063,140.6491603,,,3,,POINT (140.6491603 36.573063)
5320067477,36.5722694,140.649689,,,3,,POINT (140.649689 36.5722694)
5320067480,36.5721115,140.6502306,,,3,,POINT (140.6502306 36.5721115)
5320067486,36.571751,140.64765,,,3,,POINT (140.64765 36.571751)
5320067490,36.5723531,140.6476575,,,4,,POINT (140.6476575 36.5723531)
5320067491,36.5728354,140.6471538,,,3,,POINT (140.6471538 36.5728354)
5320067496,36.5725731,140.6474247,,,3,,POINT (140.6474247 36.5725731)
5320067497,36.5746089,140.6497031,,,3,,POINT (140.6497031 36.5746089)
5320067500,36.5745956,140.6501326,,,3,,POINT (140.6501326 36.5745956)
5320067502,36.5731848,140.6502714,,,1,,POINT (140.6502714 36.5731848)
5320067504,36.5728517,140.6504764,,,3,,POINT (140.6504764 36.5728517)
5320067505,36.5726797,140.6493747,,,3,,POINT (140.6493747 36.5726797)
5320067508,36.5727046,140.6497864,,,1,,POINT (140.6497864 36.5727046)
5320067512,36.5730656,140.6485591,,,3,,POINT (140.6485591 36.5730656)
5320067514,36.5730186,140.6482267,,,1,,POINT (140.6482267 36.5730186)
5320067515,36.572803,140.6486727,,,3,,POINT (140.6486727 36.572803)
5320067516,36.5728485,140.6492809,,,3,,POINT (140.6492809 36.5728485)
5320067517,36.5725802,140.6483811,,,3,,POINT (140.6483811 36.5725802)
5320067519,36.573248,140.6471639,,,1,,POINT (140.6471639 36.573248)
5320067724,36.5739695,140.6481762,,,3,,POINT (140.6481762 36.5739695)
5320067730,36.5745999,140.6486279,,,3,,POINT (140.6486279 36.5745999)
5320067739,36.57341,140.6467423,,,4,,POINT (140.6467423 36.57341)
5320067742,36.5728439,140.6468916,,,3,,POINT (140.6468916 36.5728439)
5320067743,36.5722443,140.6464992,,,4,,POINT (140.6464992 36.5722443)
5320067745,36.5717478,140.6473398,,,3,,POINT (140.6473398 36.5717478)
5320067761,36.5749903,140.6470367,,,3,,POINT (140.6470367 36.5749903)
5320067765,36.5750517,140.6478373,,,3,,POINT (140.6478373 36.5750517)
5320067766,36.5735968,140.6479152,,,3,,POINT (140.6479152 36.5735968)
5320067769,36.5733519,140.6475805,,,3,,POINT (140.6475805 36.5733519)
5320067770,36.5734213,140.6477272,,,3,,POINT (140.6477272 36.5734213)
5320067772,36.5730474,140.6478151,,,1,,POINT (140.6478151 36.5730474)
5320067773,36.5735339,140.6478479,,,3,,POINT (140.6478479 36.5735339)
5320067775,36.5733377,140.6482397,,,1,,POINT (140.6482397 36.5733377)
5320067776,36.571792,140.646638,,,3,,POINT (140.646638 36.571792)
5320067790,36.5712407,140.6454098,,,3,,POINT (140.6454098 36.5712407)
5320067792,36.5713789,140.6449094,,,4,,POINT (140.6449094 36.5713789)
5320067793,36.5720951,140.6448354,,,3,,POINT (140.6448354 36.5720951)
5320067801,36.5711195,140.6453321,,,3,,POINT (140.6453321 36.5711195)
5320067803,36.5706813,140.645574,,,3,,POINT (140.645574 36.5706813)
5320067804,36.5703892,140.645912,,,1,,POINT (140.645912 36.5703892)
5320067807,36.575553,140.6452715,,,3,,POINT (140.6452715 36.575553)
5320067809,36.5754531,140.6463834,,,3,,POINT (140.6463834 36.5754531)
5320067810,36.5754708,140.6459948,,,3,,POINT (140.6459948 36.5754708)
5320067813,36.573621,140.6460383,,,3,,POINT (140.6460383 36.573621)
5320067814,36.5751754,140.6450019,,,3,,POINT (140.6450019 36.5751754)
5320067816,36.5750869,140.645253,,,3,,POINT (140.645253 36.5750869)
5320067817,36.5750748,140.6457141,,,3,,POINT (140.6457141 36.5750748)
5320067820,36.5739771,140.645028,,,4,,POINT (140.645028 36.5739771)
5320068226,36.5738954,140.6462783,,,1,,POINT (140.6462783 36.5738954)
5320068227,36.5739044,140.6459562,,,3,,POINT (140.6459562 36.5739044)
5320068229,36.574087,140.644539,,,3,,POINT (140.644539 36.574087)
5320068230,36.574296,140.645235,,,3,,POINT (140.645235 36.574296)
5320068231,36.5742504,140.6458559,,,3,,POINT (140.6458559 36.5742504)
5320068232,36.5736535,140.6452021,,,3,,POINT (140.6452021 36.5736535)
5320068236,36.5732243,140.6459274,,,1,,POINT (140.6459274 36.5732243)
5320068237,36.5721342,140.6478992,,,3,,POINT (140.6478992 36.5721342)
5320068238,36.5721729,140.64739,,,1,,POINT (140.64739 36.5721729)
5320068239,36.5718684,140.641282,,,3,,POINT (140.641282 36.5718684)
5320068241,36.572287,140.6415522,,,3,,POINT (140.6415522 36.572287)
5320068243,36.5714669,140.6426444,,,3,,POINT (140.6426444 36.5714669)
5320068245,36.5719652,140.6427326,,,3,,POINT (140.6427326 36.5719652)
5320068247,36.5717772,140.640425,,,3,,POINT (140.640425 36.5717772)
5320068254,36.5726232,140.6388871,,,3,,POINT (140.6388871 36.5726232)
5320068255,36.5717266,140.6389262,,,3,,POINT (140.6389262 36.5717266)
5321277255,36.5785381,140.6292926,,,3,,POINT (140.6292926 36.5785381)
5321277259,36.5787466,140.6304753,,,4,,POINT (140.6304753 36.5787466)
5321277262,36.5783526,140.630346,,,1,,POINT (140.630346 36.5783526)
5321277263,36.5789093,140.6292348,,,3,,POINT (140.6292348 36.5789093)
5321277264,36.579046,140.6304342,,,3,,POINT (140.6304342 36.579046)
5321277265,36.5785151,140.6297604,,,1,,POINT (140.6297604 36.5785151)
5321277270,36.5775343,140.6302923,,,3,,POINT (140.6302923 36.5775343)
5321277271,36.577777,140.6298886,,,3,,POINT (140.6298886 36.577777)
5321277274,36.577322,140.6302103,,,3,,POINT (140.6302103 36.577322)
5321277275,36.5781751,140.629125,,,3,,POINT (140.629125 36.5781751)
5321277277,36.5777178,140.6291298,,,3,,POINT (140.6291298 36.5777178)
5321277278,36.5799682,140.629271,,,3,,POINT (140.629271 36.5799682)
5321277279,36.5794084,140.6287322,,,3,,POINT (140.6287322 36.5794084)
5321277280,36.579691,140.6285429,,,3,,POINT (140.6285429 36.579691)
5321277281,36.5795954,140.6283224,,,3,,POINT (140.6283224 36.5795954)
5321277282,36.5800504,140.6268639,,,4,,POINT (140.6268639 36.5800504)
5321277283,36.5778316,140.6278871,,,3,,POINT (140.6278871 36.5778316)
5321277284,36.5788802,140.6275537,,,3,,POINT (140.6275537 36.5788802)
5321277285,36.5795246,140.6236254,,,3,,POINT (140.6236254 36.5795246)
5321277288,36.5784995,140.6255895,,,4,,POINT (140.6255895 36.5784995)
5321277289,36.5795383,140.6244574,,,3,,POINT (140.6244574 36.5795383)
5321277290,36.5793598,140.6259841,,,4,,POINT (140.6259841 36.5793598)
5321277291,36.5801932,140.6263903,,,3,,POINT (140.6263903 36.5801932)
5321277292,36.5794622,140.6256048,,,3,,POINT (140.6256048 36.5794622)
5321277293,36.5787802,140.6252836,,,3,,POINT (140.6252836 36.5787802)
5321277294,36.5795368,140.6251998,,,3,,POINT (140.6251998 36.5795368)
5321277295,36.5790781,140.6249589,,,3,,POINT (140.6249589 36.5790781)
5321277296,36.5790883,140.6269041,,,4,,POINT (140.6269041 36.5790883)
5321277297,36.5777837,140.6262869,,,3,,POINT (140.6262869 36.5777837)
5321277298,36.578118,140.6264395,,,3,,POINT (140.6264395 36.578118)
5321277299,36.5781441,140.627773,,,3,,POINT (140.627773 36.5781441)
5321277300,36.5784134,140.6265795,,,3,,POINT (140.6265795 36.5784134)
5321277301,36.578438,140.6276735,,,3,,POINT (140.6276735 36.578438)
5321277302,36.5784257,140.6270295,,,3,,POINT (140.6270295 36.5784257)
5321277303,36.5789642,140.6272914,,,3,,POINT (140.6272914 36.5789642)
5321277304,36.5786733,140.627615,,,3,,POINT (140.627615 36.5786733)
5321277305,36.5789331,140.6287096,,,3,,POINT (140.6287096 36.5789331)
5321277306,36.5791363,140.6276967,,,3,,POINT (140.6276967 36.5791363)
5321277307,36.579362,140.6270158,,,3,,POINT (140.6270158 36.579362)
5321277308,36.579323,140.6281716,,,3,,POINT (140.6281716 36.579323)
5321277309,36.5799191,140.6272732,,,4,,POINT (140.6272732 36.5799191)
5321277310,36.580494,140.6275494,,,4,,POINT (140.6275494 36.580494)
5321277312,36.5802023,140.6274113,,,3,,POINT (140.6274113 36.5802023)
5321277313,36.5799108,140.6284071,,,3,,POINT (140.6284071 36.5799108)
5321277314,36.5796337,140.6271459,,,3,,POINT (140.6271459 36.5796337)
5321277315,36.5788269,140.6282975,,,3,,POINT (140.6282975 36.5788269)
5321277317,36.5783128,140.627718,,,3,,POINT (140.627718 36.5783128)
5321277318,36.5778189,140.6274323,,,3,,POINT (140.6274323 36.5778189)
5321277320,36.5774881,140.6281366,,,3,,POINT (140.6281366 36.5774881)
5321278221,36.5778337,140.6281247,,,3,,POINT (140.6281247 36.5778337)
5321278222,36.5774848,140.6294599,,,3,,POINT (140.6294599 36.5774848)
5321278223,36.5782124,140.6264739,,,3,,POINT (140.6264739 36.5782124)
5321278225,36.578403,140.6258533,,,3,,POINT (140.6258533 36.578403)
5321278226,36.5777964,140.6255327,,,3,,POINT (140.6255327 36.5777964)
5321278227,36.5777599,140.6257343,,,3,,POINT (140.6257343 36.5777599)
5321278228,36.5772191,140.6254502,,,3,,POINT (140.6254502 36.5772191)
5321278230,36.5774879,140.6261555,,,1,,POINT (140.6261555 36.5774879)
5321278233,36.5778554,140.6253211,,,3,,POINT (140.6253211 36.5778554)
5321278234,36.5774964,140.6251217,,,3,,POINT (140.6251217 36.5774964)
5321278236,36.5782847,140.6241263,,,3,,POINT (140.6241263 36.5782847)
5321278240,36.5784022,140.6229608,,,4,,POINT (140.6229608 36.5784022)
5321278241,36.5782199,140.6230116,,,3,,POINT (140.6230116 36.5782199)
5321278244,36.5780303,140.6236392,,,1,,POINT (140.6236392 36.5780303)
5321278245,36.5786889,140.6228762,,,4,,POINT (140.6228762 36.5786889)
5321278248,36.578701,140.6242246,,,3,,POINT (140.6242246 36.578701)
5321278249,36.5795506,140.6249669,,,3,,POINT (140.6249669 36.5795506)
5321278250,36.5825646,140.6249012,,,3,,POINT (140.6249012 36.5825646)
5321278251,36.5810157,140.623669,,,3,,POINT (140.623669 36.5810157)
5321278252,36.5810396,140.6249515,,,4,,POINT (140.6249515 36.5810396)
5321278253,36.5819722,140.6249166,,,4,,POINT (140.6249166 36.5819722)
5321278254,36.581994,140.6257599,,,3,,POINT (140.6257599 36.581994)
5321278255,36.581063,140.6258025,,,3,,POINT (140.6258025 36.581063)
5321278256,36.5819817,140.6253371,,,3,,POINT (140.6253371 36.5819817)
5321278257,36.5810533,140.6253832,,,3,,POINT (140.6253832 36.5810533)
5321278258,36.5819629,140.6244976,,,3,,POINT (140.6244976 36.5819629)
5321278259,36.5810416,140.6245229,,,3,,POINT (140.6245229 36.5810416)
5321278260,36.5819491,140.6240666,,,3,,POINT (140.6240666 36.5819491)
5321278261,36.5810288,140.6241012,,,3,,POINT (140.6241012 36.5810288)
5321278262,36.5816885,140.6257762,,,3,,POINT (140.6257762 36.5816885)
5321278263,36.5813792,140.6257867,,,3,,POINT (140.6257867 36.5813792)
5321278264,36.5813973,140.6268997,,,3,,POINT (140.6268997 36.5813973)
5321278265,36.5810799,140.6262766,,,3,,POINT (140.6262766 36.5810799)
5321278266,36.5803305,140.6259117,,,3,,POINT (140.6259117 36.5803305)
5321278267,36.5788349,140.6240872,,,3,,POINT (140.6240872 36.5788349)
5321278268,36.5792763,140.624743,,,3,,POINT (140.624743 36.5792763)
5321278269,36.5790491,140.6244117,,,4,,POINT (140.6244117 36.5790491)
5321278270,36.5782639,140.6252404,,,3,,POINT (140.6252404 36.5782639)
5321278271,36.5804154,140.624095,,,3,,POINT (140.624095 36.5804154)
5321278272,36.5795304,140.6240542,,,4,,POINT (140.6240542 36.5795304)
5321278273,36.5801213,140.6240761,,,3,,POINT (140.6240761 36.5801213)
5321278274,36.5801428,140.6249663,,,4,,POINT (140.6249663 36.5801428)
5321278275,36.5798258,140.6240613,,,3,,POINT (140.6240613 36.5798258)
5321278276,36.5798477,140.6249606,,,4,,POINT (140.6249606 36.5798477)
5321278277,36.5804048,140.6236692,,,3,,POINT (140.6236692 36.5804048)
5321278278,36.5804389,140.6249605,,,4,,POINT (140.6249605 36.5804389)
5321278279,36.5807364,140.6249554,,,4,,POINT (140.6249554 36.5807364)
5321278280,36.5805922,140.6236827,,,3,,POINT (140.6236827 36.5805922)
5321278282,36.5797192,140.6231348,,,3,,POINT (140.6231348 36.5797192)
5321278283,36.5797139,140.6236159,,,3,,POINT (140.6236159 36.5797139)
5321278288,36.5790392,140.6238823,,,3,,POINT (140.6238823 36.5790392)
5321278291,36.5822674,140.6249077,,,4,,POINT (140.6249077 36.5822674)
5321278292,36.5822953,140.6258677,,,3,,POINT (140.6258677 36.5822953)
5321278293,36.5825794,140.6255361,,,3,,POINT (140.6255361 36.5825794)
5321278294,36.5829553,140.6247667,,,3,,POINT (140.6247667 36.5829553)
5321278295,36.5827939,140.6247572,,,1,,POINT (140.6247572 36.5827939)
5321278296,36.5802896,140.6281938,,,3,,POINT (140.6281938 36.5802896)
5321278297,36.5808975,140.626191,,,3,,POINT (140.626191 36.5808975)
5321278304,36.5806168,140.6260654,,,4,,POINT (140.6260654 36.5806168)
5321278307,36.5796348,140.6261199,,,3,,POINT (140.6261199 36.5796348)
5321278314,36.5799033,140.6262525,,,3,,POINT (140.6262525 36.5799033)
5321291982,36.577955,140.6221751,,,3,,POINT (140.6221751 36.577955)
5321291984,36.5784726,140.621682,,,3,,POINT (140.621682 36.5784726)
5321291987,36.5798021,140.6227769,,,3,,POINT (140.6227769 36.5798021)
5321291988,36.5792809,140.6214632,,,3,,POINT (140.6214632 36.5792809)
5321291989,36.579517,140.622769,,,3,,POINT (140.622769 36.579517)
5321291990,36.5790106,140.6215344,,,3,,POINT (140.6215344 36.5790106)
5321291991,36.5792319,140.6227682,,,3,,POINT (140.6227682 36.5792319)
5321291992,36.5787478,140.6216042,,,4,,POINT (140.6216042 36.5787478)
5321291993,36.5789635,140.622794,,,3,,POINT (140.622794 36.5789635)
5321291994,36.5778884,140.6217617,,,3,,POINT (140.6217617 36.5778884)
5321291995,36.5777759,140.6215607,,,3,,POINT (140.6215607 36.5777759)
5321291996,36.5779275,140.6205815,,,4,,POINT (140.6205815 36.5779275)
5321292001,36.5778386,140.6211388,,,3,,POINT (140.6211388 36.5778386)
5321292002,36.5756885,140.6206715,,,3,,POINT (140.6206715 36.5756885)
5321292003,36.5754322,140.6223214,,,3,,POINT (140.6223214 36.5754322)
5321292005,36.5757512,140.6202568,,,3,,POINT (140.6202568 36.5757512)
5321292006,36.5778982,140.6207516,,,3,,POINT (140.6207516 36.5778982)
5321292010,36.5765812,140.6199997,,,3,,POINT (140.6199997 36.5765812)
5321292014,36.5756266,140.6210809,,,3,,POINT (140.6210809 36.5756266)
5321292015,36.5767276,140.6216158,,,1,,POINT (140.6216158 36.5767276)
5321292016,36.5767671,140.6213522,,,4,,POINT (140.6213522 36.5767671)
5321292017,36.5768286,140.6209192,,,4,,POINT (140.6209192 36.5768286)
5321292018,36.5768868,140.6205184,,,4,,POINT (140.6205184 36.5768868)
5321292019,36.5769501,140.6200814,,,3,,POINT (140.6200814 36.5769501)
5321292020,36.5765297,140.6213018,,,3,,POINT (140.6213018 36.5765297)
5321292229,36.5758208,140.622412,,,3,,POINT (140.622412 36.5758208)
5321292230,36.5760714,140.6220321,,,3,,POINT (140.6220321 36.5760714)
5321292231,36.5754959,140.6219155,,,3,,POINT (140.6219155 36.5754959)
5321292232,36.576261,140.6216592,,,3,,POINT (140.6216592 36.576261)
5321292233,36.5755598,140.6215076,,,3,,POINT (140.6215076 36.5755598)
5321292234,36.5761608,140.6194596,,,1,,POINT (140.6194596 36.5761608)
5321292235,36.576652,140.6195736,,,4,,POINT (140.6195736 36.576652)
5321292236,36.5785102,140.6200046,,,3,,POINT (140.6200046 36.5785102)
5321292240,36.5783994,140.6214007,,,3,,POINT (140.6214007 36.5783994)
5321292247,36.579205,140.6204287,,,3,,POINT (140.6204287 36.579205)
5321292248,36.5776068,140.6193675,,,3,,POINT (140.6193675 36.5776068)
5321292249,36.5775592,140.619787,,,3,,POINT (140.619787 36.5775592)
5321292250,36.5772548,140.6197113,,,3,,POINT (140.6197113 36.5772548)
5321292252,36.5770769,140.6201095,,,3,,POINT (140.6201095 36.5770769)
5321292253,36.5797172,140.6223041,,,3,,POINT (140.6223041 36.5797172)
5321292256,36.5787185,140.6231001,,,3,,POINT (140.6231001 36.5787185)
5321292257,36.5789717,140.6230352,,,1,,POINT (140.6230352 36.5789717)
5321292258,36.5811606,140.6230945,,,3,,POINT (140.6230945 36.5811606)
5321292259,36.581148,140.6222884,,,3,,POINT (140.6222884 36.581148)
5321292265,36.5817159,140.623085,,,3,,POINT (140.623085 36.5817159)
5321292266,36.582419,140.6225795,,,3,,POINT (140.6225795 36.582419)
5321292267,36.5811538,140.6226161,,,3,,POINT (140.6226161 36.5811538)
5321292268,36.5809493,140.6236743,,,3,,POINT (140.6236743 36.5809493)
5321292269,36.580912,140.6232264,,,3,,POINT (140.6232264 36.580912)
5321292270,36.5817193,140.6231531,,,3,,POINT (140.6231531 36.5817193)
5321292271,36.5808164,140.6225403,,,3,,POINT (140.6225403 36.5808164)
5321292274,36.5796591,140.6307618,,,4,,POINT (140.6307618 36.5796591)
5321292275,36.5793243,140.6306692,,,1,,POINT (140.6306692 36.5793243)
5321292276,36.5797363,140.6304218,,,4,,POINT (140.6304218 36.5797363)
5321292277,36.5793412,140.63026,,,1,,POINT (140.63026 36.5793412)
5321292278,36.5799269,140.6308065,,,1,,POINT (140.6308065 36.5799269)
5321292279,36.5798966,140.6304484,,,1,,POINT (140.6304484 36.5798966)
5321292280,36.5798113,140.6300653,,,3,,POINT (140.6300653 36.5798113)
5321292281,36.5795879,140.629917,,,1,,POINT (140.629917 36.5795879)
5321292282,36.5798702,140.6311786,,,1,,POINT (140.6311786 36.5798702)
5321292283,36.5790353,140.6320327,,,3,,POINT (140.6320327 36.5790353)
5321292284,36.5787186,140.6317352,,,1,,POINT (140.6317352 36.5787186)
5321292285,36.578427,140.6326655,,,3,,POINT (140.6326655 36.578427)
5321292287,36.5779065,140.6316381,,,3,,POINT (140.6316381 36.5779065)
5321292288,36.5774853,140.6315853,,,3,,POINT (140.6315853 36.5774853)
5321292290,36.578025,140.6328788,,,3,,POINT (140.6328788 36.578025)
5321292291,36.57775,140.6331388,,,3,,POINT (140.6331388 36.57775)
5321292292,36.5773831,140.6322351,,,3,,POINT (140.6322351 36.5773831)
5321479063,36.5788407,140.6352824,,,1,,POINT (140.6352824 36.5788407)
5321479065,36.5785588,140.6353749,,,3,,POINT (140.6353749 36.5785588)
5321479067,36.5782824,140.6356666,,,3,,POINT (140.6356666 36.5782824)
5321479070,36.5785612,140.6359409,,,3,,POINT (140.6359409 36.5785612)
5321479072,36.5781873,140.6355646,,,3,,POINT (140.6355646 36.5781873)
5321479073,36.578322,140.6353689,,,1,,POINT (140.6353689 36.578322)
5321479074,36.5785756,140.6359588,,,3,,POINT (140.6359588 36.5785756)
5321479075,36.5781653,140.6364576,,,1,,POINT (140.6364576 36.5781653)
5321479076,36.5792215,140.6364841,,,1,,POINT (140.6364841 36.5792215)
5321479079,36.5791924,140.6368768,,,1,,POINT (140.6368768 36.5791924)
5321479081,36.5771101,140.6354529,,,3,,POINT (140.6354529 36.5771101)
5321479084,36.5775718,140.6333673,,,3,,POINT (140.6333673 36.5775718)
5321479093,36.5779199,140.6336944,,,3,,POINT (140.6336944 36.5779199)
5321479095,36.5778539,140.6345444,,,3,,POINT (140.6345444 36.5778539)
5321479096,36.5788502,140.632362,,,3,,POINT (140.632362 36.5788502)
5321479097,36.578614,140.6320837,,,1,,POINT (140.6320837 36.578614)
5321479098,36.5793002,140.6317592,,,3,,POINT (140.6317592 36.5793002)
5321479099,36.5790739,140.6315277,,,1,,POINT (140.6315277 36.5790739)
5321479100,36.5787377,140.6311609,,,3,,POINT (140.6311609 36.5787377)
5321479101,36.5788384,140.6309354,,,1,,POINT (140.6309354 36.5788384)
5321479102,36.5734932,140.6297233,,,3,,POINT (140.6297233 36.5734932)
5321479105,36.5736865,140.6293368,,,3,,POINT (140.6293368 36.5736865)
5321479106,36.5735232,140.6288872,,,3,,POINT (140.6288872 36.5735232)
5321479109,36.5729161,140.6284149,,,3,,POINT (140.6284149 36.5729161)
5321479110,36.5726344,140.6286634,,,3,,POINT (140.6286634 36.5726344)
5321479114,36.5726539,140.629395,,,3,,POINT (140.629395 36.5726539)
5321479115,36.5729928,140.630668,,,1,,POINT (140.630668 36.5729928)
5321479116,36.5738048,140.6313708,,,3,,POINT (140.6313708 36.5738048)
5321479119,36.5735349,140.6305836,,,1,,POINT (140.6305836 36.5735349)
5321479120,36.5709715,140.6332201,,,3,,POINT (140.6332201 36.5709715)
5321479321,36.5718227,140.6336448,,,1,,POINT (140.6336448 36.5718227)
5321479322,36.5716103,140.6335388,,,3,,POINT (140.6335388 36.5716103)
5321479325,36.572511,140.6334669,,,3,,POINT (140.6334669 36.572511)
5321479336,36.5715442,140.6350863,,,3,,POINT (140.6350863 36.5715442)
5321479337,36.5716131,140.6348251,,,3,,POINT (140.6348251 36.5716131)
5321479338,36.5707797,140.6344634,,,3,,POINT (140.6344634 36.5707797)
5321479340,36.570984,140.6337381,,,3,,POINT (140.6337381 36.570984)
5321479341,36.5708335,140.6336005,,,3,,POINT (140.6336005 36.5708335)
5321479342,36.5708213,140.6336273,,,3,,POINT (140.6336273 36.5708213)
5321479343,36.5700664,140.6332369,,,3,,POINT (140.6332369 36.5700664)
5321479344,36.5709241,140.6327955,,,1,,POINT (140.6327955 36.5709241)
5321479346,36.5708684,140.6334945,,,3,,POINT (140.6334945 36.5708684)
5321479347,36.5708789,140.6330982,,,3,,POINT (140.6330982 36.5708789)
5321479349,36.5703511,140.6333842,,,3,,POINT (140.6333842 36.5703511)
5321479351,36.5711711,140.6326969,,,3,,POINT (140.6326969 36.5711711)
5321479352,36.5707224,140.6324572,,,1,,POINT (140.6324572 36.5707224)
5321479353,36.5711197,140.6332941,,,3,,POINT (140.6332941 36.5711197)
5321479355,36.5699957,140.6334469,,,3,,POINT (140.6334469 36.5699957)
5321479356,36.5693704,140.6331705,,,3,,POINT (140.6331705 36.5693704)
5321479358,36.5702408,140.6324515,,,1,,POINT (140.6324515 36.5702408)
5321479359,36.5696795,140.6333088,,,3,,POINT (140.6333088 36.5696795)
5321479361,36.569547,140.6326434,,,3,,POINT (140.6326434 36.569547)
5321479363,36.5691578,140.6338024,,,3,,POINT (140.6338024 36.5691578)
5321479364,36.5698192,140.6340133,,,3,,POINT (140.6340133 36.5698192)
5321479366,36.5682288,140.6344523,,,4,,POINT (140.6344523 36.5682288)
5321479367,36.5684648,140.6336519,,,1,,POINT (140.6336519 36.5684648)
5321479368,36.5680904,140.634995,,,1,,POINT (140.634995 36.5680904)
5321479369,36.5656537,140.6340911,,,3,,POINT (140.6340911 36.5656537)
5321479371,36.56577,140.6346856,,,1,,POINT (140.6346856 36.56577)
5321479372,36.5639712,140.6327916,,,3,,POINT (140.6327916 36.5639712)
5321479373,36.5634754,140.6325499,,,3,,POINT (140.6325499 36.5634754)
5321479374,36.5634973,140.6341654,,,3,,POINT (140.6341654 36.5634973)
5321479375,36.563006,140.6339042,,,4,,POINT (140.6339042 36.563006)
5321479376,36.5625367,140.6336482,,,4,,POINT (140.6336482 36.5625367)
5321479377,36.5608488,140.6354397,,,4,,POINT (140.6354397 36.5608488)
5321479380,36.560268,140.6349043,,,3,,POINT (140.6349043 36.560268)
5321479381,36.5597437,140.6364093,,,3,,POINT (140.6364093 36.5597437)
5321479385,36.5611139,140.6368345,,,3,,POINT (140.6368345 36.5611139)
5321479386,36.5607592,140.6370125,,,3,,POINT (140.6370125 36.5607592)
5321479389,36.5597992,140.6376654,,,3,,POINT (140.6376654 36.5597992)
5321479390,36.5616349,140.6391053,,,3,,POINT (140.6391053 36.5616349)
5321479391,36.5616614,140.6385155,,,3,,POINT (140.6385155 36.5616614)
5321479395,36.5618363,140.6385329,,,3,,POINT (140.6385329 36.5618363)
5321479396,36.5621323,140.6374377,,,4,,POINT (140.6374377 36.5621323)
5321479400,36.5621036,140.6377583,,,1,,POINT (140.6377583 36.5621036)
5321479401,36.5616549,140.6375018,,,3,,POINT (140.6375018 36.5616549)
5321479402,36.5618626,140.6376185,,,1,,POINT (140.6376185 36.5618626)
5321479403,36.562861,140.6369782,,,4,,POINT (140.6369782 36.562861)
5321479407,36.5636475,140.6364992,,,3,,POINT (140.6364992 36.5636475)
5321479408,36.5633058,140.6367554,,,3,,POINT (140.6367554 36.5633058)
5321479413,36.564553,140.6380041,,,3,,POINT (140.6380041 36.564553)
5321479417,36.5643418,140.638935,,,3,,POINT (140.638935 36.5643418)
5321479421,36.5649796,140.6402097,,,3,,POINT (140.6402097 36.5649796)
5321479422,36.5643101,140.639376,,,3,,POINT (140.639376 36.5643101)
5321479423,36.5639908,140.639276,,,3,,POINT (140.639276 36.5639908)
5321479425,36.5641523,140.6393343,,,3,,POINT (140.6393343 36.5641523)
5321479426,36.5627229,140.6379138,,,3,,POINT (140.6379138 36.5627229)
5321479427,36.5626048,140.6381362,,,1,,POINT (140.6381362 36.5626048)
5321479428,36.5648648,140.6362746,,,4,,POINT (140.6362746 36.5648648)
5321479435,36.5653546,140.6373678,,,4,,POINT (140.6373678 36.5653546)
5321479436,36.5651943,140.6370218,,,3,,POINT (140.6370218 36.5651943)
5321479437,36.5649912,140.6371717,,,3,,POINT (140.6371717 36.5649912)
5321479439,36.5641103,140.6364136,,,3,,POINT (140.6364136 36.5641103)
5321479446,36.565167,140.6320943,,,3,,POINT (140.6320943 36.565167)
5321479447,36.5648853,140.6322763,,,1,,POINT (140.6322763 36.5648853)
5321479448,36.5644249,140.6321602,,,3,,POINT (140.6321602 36.5644249)
5321479449,36.5642289,140.6320426,,,3,,POINT (140.6320426 36.5642289)
5321479450,36.5646082,140.6325114,,,1,,POINT (140.6325114 36.5646082)
5321479451,36.5640863,140.632457,,,3,,POINT (140.632457 36.5640863)
5321479452,36.5643546,140.6329971,,,1,,POINT (140.6329971 36.5643546)
5321479453,36.5641831,140.6321758,,,3,,POINT (140.6321758 36.5641831)
5321479454,36.5639175,140.6320178,,,1,,POINT (140.6320178 36.5639175)
5321479455,36.5635749,140.6321918,,,3,,POINT (140.6321918 36.5635749)
5321479457,36.5641196,140.6323603,,,3,,POINT (140.6323603 36.5641196)
5321479458,36.562554,140.6326943,,,3,,POINT (140.6326943 36.562554)
5321479459,36.5620414,140.6319639,,,3,,POINT (140.6319639 36.5620414)
5321479460,36.562175,140.6314283,,,3,,POINT (140.6314283 36.562175)
5321479461,36.5602862,140.6314406,,,3,,POINT (140.6314406 36.5602862)
5321479462,36.5608365,140.6321895,,,3,,POINT (140.6321895 36.5608365)
5321479463,36.5602686,140.6291974,,,3,,POINT (140.6291974 36.5602686)
5321479465,36.5595224,140.6293346,,,3,,POINT (140.6293346 36.5595224)
5321479466,36.5602868,140.6293098,,,3,,POINT (140.6293098 36.5602868)
5321479467,36.5606157,140.6292914,,,1,,POINT (140.6292914 36.5606157)
5321479468,36.559816,140.6258804,,,1,,POINT (140.6258804 36.559816)
5321479470,36.5594938,140.6264891,,,3,,POINT (140.6264891 36.5594938)
5321479471,36.5601246,140.6260274,,,1,,POINT (140.6260274 36.5601246)
5321479472,36.558656,140.6244266,,,1,,POINT (140.6244266 36.558656)
5321479473,36.5583113,140.6231305,,,3,,POINT (140.6231305 36.5583113)
5321479474,36.5579601,140.6236557,,,1,,POINT (140.6236557 36.5579601)
5321479475,36.5577286,140.6236345,,,1,,POINT (140.6236345 36.5577286)
5321479482,36.559132,140.6229728,,,3,,POINT (140.6229728 36.559132)
5321479483,36.5588043,140.6221513,,,1,,POINT (140.6221513 36.5588043)
5321479485,36.5586766,140.6228568,,,3,,POINT (140.6228568 36.5586766)
5321479486,36.5580235,140.6225848,,,3,,POINT (140.6225848 36.5580235)
5321479488,36.5576881,140.6231117,,,1,,POINT (140.6231117 36.5576881)
5321479489,36.5579007,140.622328,,,3,,POINT (140.622328 36.5579007)
5321479490,36.5575968,140.6227663,,,1,,POINT (140.6227663 36.5575968)
5321479491,36.5565717,140.6223447,,,3,,POINT (140.6223447 36.5565717)
5321479492,36.5563609,140.6220872,,,1,,POINT (140.6220872 36.5563609)
5321479497,36.5550211,140.6189286,,,4,,POINT (140.6189286 36.5550211)
5321479499,36.5550281,140.6184803,,,3,,POINT (140.6184803 36.5550281)
5321479500,36.5553316,140.6183664,,,3,,POINT (140.6183664 36.5553316)
5321479501,36.5585355,140.6140111,,,3,,POINT (140.6140111 36.5585355)
5321479502,36.5577176,140.6134029,,,3,,POINT (140.6134029 36.5577176)
5321479503,36.5575419,140.6137728,,,3,,POINT (140.6137728 36.5575419)
5321479504,36.5584209,140.6134594,,,3,,POINT (140.6134594 36.5584209)
5321479505,36.5586809,140.6121732,,,3,,POINT (140.6121732 36.5586809)
5321479506,36.5581228,140.6117653,,,3,,POINT (140.6117653 36.5581228)
5321479507,36.5575978,140.6128427,,,4,,POINT (140.6128427 36.5575978)
5321479508,36.5570951,140.6138681,,,3,,POINT (140.6138681 36.5570951)
5321479510,36.5587614,140.6150668,,,3,,POINT (140.6150668 36.5587614)
5321479512,36.5588023,140.6155459,,,3,,POINT (140.6155459 36.5588023)
5321479513,36.5581735,140.6158706,,,3,,POINT (140.6158706 36.5581735)
5321479515,36.5590518,140.6160803,,,3,,POINT (140.6160803 36.5590518)
5321479517,36.5591357,140.6167714,,,3,,POINT (140.6167714 36.5591357)
5321479518,36.5579084,140.6151858,,,3,,POINT (140.6151858 36.5579084)
5321479519,36.5573894,140.6148433,,,1,,POINT (140.6148433 36.5573894)
5321479525,36.5586318,140.6109182,,,3,,POINT (140.6109182 36.5586318)
5321479527,36.5590589,140.6114507,,,3,,POINT (140.6114507 36.5590589)
5321479529,36.5595622,140.6117402,,,3,,POINT (140.6117402 36.5595622)
5321479533,36.5596795,140.6109963,,,1,,POINT (140.6109963 36.5596795)
5321479534,36.5593791,140.60994,,,3,,POINT (140.60994 36.5593791)
5321479540,36.5597768,140.6092983,,,3,,POINT (140.6092983 36.5597768)
5321479541,36.5595397,140.6090839,,,1,,POINT (140.6090839 36.5595397)
5322949260,36.563503,140.6258827,,,1,,POINT (140.6258827 36.563503)
5322949266,36.5638528,140.626884,,,3,,POINT (140.626884 36.5638528)
5322949267,36.5652841,140.6245307,,,3,,POINT (140.6245307 36.5652841)
5322949268,36.5654428,140.6252659,,,3,,POINT (140.6252659 36.5654428)
5322949272,36.5661174,140.6253162,,,3,,POINT (140.6253162 36.5661174)
5322949273,36.5660908,140.6249673,,,3,,POINT (140.6249673 36.5660908)
5322949276,36.565932,140.6254671,,,3,,POINT (140.6254671 36.565932)
5322949277,36.5668318,140.625023,,,3,,POINT (140.625023 36.5668318)
5322949278,36.5671795,140.6254955,,,1,,POINT (140.6254955 36.5671795)
5322949279,36.5671796,140.6246695,,,3,,POINT (140.6246695 36.5671796)
5322949280,36.567894,140.6256477,,,3,,POINT (140.6256477 36.567894)
5322949281,36.5673325,140.6245895,,,3,,POINT (140.6245895 36.5673325)
5322949282,36.5679878,140.6255225,,,4,,POINT (140.6255225 36.5679878)
5322949284,36.5684014,140.625911,,,4,,POINT (140.625911 36.5684014)
5322949286,36.5685118,140.6265108,,,3,,POINT (140.6265108 36.5685118)
5322949287,36.5689681,140.6266678,,,3,,POINT (140.6266678 36.5689681)
5322949288,36.5669174,140.6238553,,,3,,POINT (140.6238553 36.5669174)
5322949289,36.5663607,140.623917,,,3,,POINT (140.623917 36.5663607)
5322949290,36.5669923,140.6242182,,,3,,POINT (140.6242182 36.5669923)
5322949291,36.5663971,140.6242965,,,3,,POINT (140.6242965 36.5663971)
5323518979,36.5684037,140.6244358,,,3,,POINT (140.6244358 36.5684037)
5323518982,36.5676693,140.624249,,,3,,POINT (140.624249 36.5676693)
5323518983,36.5682154,140.6249744,,,3,,POINT (140.6249744 36.5682154)
5323518985,36.5674586,140.6244837,,,3,,POINT (140.6244837 36.5674586)
5323518986,36.5678148,140.6249928,,,1,,POINT (140.6249928 36.5678148)
5323518993,36.5685593,140.6255295,,,1,,POINT (140.6255295 36.5685593)
5323518994,36.5685499,140.6249533,,,3,,POINT (140.6249533 36.5685499)
5323518995,36.5686419,140.6246217,,,3,,POINT (140.6246217 36.5686419)
5323518997,36.568744,140.6239771,,,1,,POINT (140.6239771 36.568744)
5323519006,36.5691406,140.6257399,,,3,,POINT (140.6257399 36.5691406)
5323519007,36.5693861,140.6247422,,,3,,POINT (140.6247422 36.5693861)
5323519009,36.5691341,140.6253096,,,3,,POINT (140.6253096 36.5691341)
5323519010,36.5689026,140.6272605,,,3,,POINT (140.6272605 36.5689026)
5323519011,36.5692157,140.6272846,,,1,,POINT (140.6272846 36.5692157)
5323519012,36.566694,140.6251389,,,3,,POINT (140.6251389 36.566694)
5323519018,36.5672187,140.6218387,,,1,,POINT (140.6218387 36.5672187)
5323519019,36.564964,140.6233741,,,3,,POINT (140.6233741 36.564964)
5323519020,36.5649378,140.6229838,,,1,,POINT (140.6229838 36.5649378)
5323519123,36.5632862,140.625022,,,3,,POINT (140.625022 36.5632862)
5323519124,36.5616707,140.6239676,,,3,,POINT (140.6239676 36.5616707)
5323519125,36.5621702,140.6247696,,,3,,POINT (140.6247696 36.5621702)
5323519126,36.5611175,140.6234866,,,3,,POINT (140.6234866 36.5611175)
5323519129,36.5614728,140.6241534,,,3,,POINT (140.6241534 36.5614728)
5323519130,36.5894685,140.6364071,,,1,,POINT (140.6364071 36.5894685)
5323519135,36.588672,140.6372153,,,3,,POINT (140.6372153 36.588672)
5323519142,36.5890441,140.6372957,,,3,,POINT (140.6372957 36.5890441)
5323519144,36.5900098,140.6372344,,,3,,POINT (140.6372344 36.5900098)
5323519148,36.590222,140.6381958,,,3,,POINT (140.6381958 36.590222)
5323519158,36.5889053,140.6399733,,,3,,POINT (140.6399733 36.5889053)
5323519159,36.5899051,140.637249,,,3,,POINT (140.637249 36.5899051)
5323519164,36.5895826,140.6372938,,,3,,POINT (140.6372938 36.5895826)
5323519167,36.5899616,140.6367282,,,1,,POINT (140.6367282 36.5899616)
5323519168,36.5899086,140.638444,,,3,,POINT (140.638444 36.5899086)
5323519171,36.5892944,140.6378535,,,1,,POINT (140.6378535 36.5892944)
5323519172,36.5898881,140.6384554,,,3,,POINT (140.6384554 36.5898881)
5323519173,36.5900515,140.6387059,,,1,,POINT (140.6387059 36.5900515)
5323519174,36.5905135,140.6384982,,,1,,POINT (140.6384982 36.5905135)
5323519177,36.586007,140.6369661,,,3,,POINT (140.6369661 36.586007)
5323519191,36.5873438,140.6376627,,,3,,POINT (140.6376627 36.5873438)
5323519192,36.5876791,140.6376816,,,4,,POINT (140.6376816 36.5876791)
5323519198,36.587724,140.6385782,,,3,,POINT (140.6385782 36.587724)
5323519202,36.5885514,140.6382794,,,4,,POINT (140.6382794 36.5885514)
5323519206,36.5880669,140.6379469,,,3,,POINT (140.6379469 36.5880669)
5323519207,36.5874674,140.6386249,,,3,,POINT (140.6386249 36.5874674)
5323519208,36.5876425,140.6368273,,,1,,POINT (140.6368273 36.5876425)
5323519209,36.5876585,140.6371999,,,3,,POINT (140.6371999 36.5876585)
5323519210,36.5877966,140.6372051,,,1,,POINT (140.6372051 36.5877966)
5323519211,36.587669,140.6374443,,,3,,POINT (140.6374443 36.587669)
5323519212,36.5878724,140.6375121,,,1,,POINT (140.6375121 36.5878724)
5323519213,36.5876384,140.6378596,,,1,,POINT (140.6378596 36.5876384)
5323519214,36.5870436,140.6385941,,,1,,POINT (140.6385941 36.5870436)
5323519217,36.5871272,140.6392674,,,3,,POINT (140.6392674 36.5871272)
5323519218,36.5880196,140.6390159,,,3,,POINT (140.6390159 36.5880196)
5323519224,36.5891098,140.6394921,,,3,,POINT (140.6394921 36.5891098)
5323519225,36.5868802,140.6441149,,,3,,POINT (140.6441149 36.5868802)
5323519227,36.5873271,140.6437706,,,3,,POINT (140.6437706 36.5873271)
5323519230,36.5874768,140.6430141,,,3,,POINT (140.6430141 36.5874768)
5323519231,36.5868712,140.6426735,,,3,,POINT (140.6426735 36.5868712)
5323519232,36.5869076,140.6424091,,,4,,POINT (140.6424091 36.5869076)
5323519241,36.588995,140.6421468,,,1,,POINT (140.6421468 36.588995)
5323519242,36.5886588,140.6421683,,,3,,POINT (140.6421683 36.5886588)
5323519246,36.5889098,140.6430499,,,1,,POINT (140.6430499 36.5889098)
5323519247,36.5887397,140.6426583,,,3,,POINT (140.6426583 36.5887397)
5323519250,36.588248,140.6429983,,,3,,POINT (140.6429983 36.588248)
5323519252,36.5885278,140.6431923,,,4,,POINT (140.6431923 36.5885278)
5323519253,36.5886946,140.6426354,,,3,,POINT (140.6426354 36.5886946)
5323519263,36.5876644,140.6448439,,,3,,POINT (140.6448439 36.5876644)
5323519264,36.5880164,140.6441677,,,3,,POINT (140.6441677 36.5880164)
5323519267,36.5897908,140.6430421,,,1,,POINT (140.6430421 36.5897908)
5323519277,36.5882658,140.6453958,,,3,,POINT (140.6453958 36.5882658)
5323519278,36.5881316,140.643906,,,3,,POINT (140.643906 36.5881316)
5323519280,36.5888228,140.6443934,,,3,,POINT (140.6443934 36.5888228)
5323519281,36.588364,140.6434875,,,3,,POINT (140.6434875 36.588364)
5323519283,36.5889102,140.6435976,,,3,,POINT (140.6435976 36.5889102)
5323519285,36.5892096,140.6436086,,,1,,POINT (140.6436086 36.5892096)
5323519287,36.5891564,140.6434015,,,1,,POINT (140.6434015 36.5891564)
5323519288,36.5888202,140.6433433,,,1,,POINT (140.6433433 36.5888202)
5323519289,36.5890291,140.6440609,,,3,,POINT (140.6440609 36.5890291)
5323519291,36.5882854,140.6436289,,,3,,POINT (140.6436289 36.5882854)
5323519292,36.5870641,140.6456912,,,1,,POINT (140.6456912 36.5870641)
5323519296,36.5872438,140.64701,,,3,,POINT (140.64701 36.5872438)
5323519297,36.5855837,140.6448978,,,3,,POINT (140.6448978 36.5855837)
5323519300,36.5866396,140.6448717,,,3,,POINT (140.6448717 36.5866396)
5323519301,36.5852168,140.6439854,,,3,,POINT (140.6439854 36.5852168)
5323519304,36.5847018,140.643459,,,3,,POINT (140.643459 36.5847018)
5323519305,36.5824083,140.6440971,,,3,,POINT (140.6440971 36.5824083)
5323519306,36.5835826,140.6439397,,,3,,POINT (140.6439397 36.5835826)
5323519307,36.5829776,140.6440234,,,3,,POINT (140.6440234 36.5829776)
5323519308,36.5828976,140.6446774,,,4,,POINT (140.6446774 36.5828976)
5323519309,36.5829429,140.6442477,,,3,,POINT (140.6442477 36.5829429)
5323519312,36.5829198,140.6444674,,,3,,POINT (140.6444674 36.5829198)
5323519313,36.5827227,140.6433482,,,3,,POINT (140.6433482 36.5827227)
5323519318,36.5815814,140.6444559,,,4,,POINT (140.6444559 36.5815814)
5323519321,36.581746,140.6437217,,,3,,POINT (140.6437217 36.581746)
5323519322,36.5822034,140.6440272,,,3,,POINT (140.6440272 36.5822034)
5323519323,36.5815822,140.6440986,,,3,,POINT (140.6440986 36.5815822)
5323519325,36.5804342,140.6449618,,,3,,POINT (140.6449618 36.5804342)
5323519330,36.5812654,140.643768,,,3,,POINT (140.643768 36.5812654)
5323519337,36.5819523,140.6419808,,,3,,POINT (140.6419808 36.5819523)
5323519338,36.5807977,140.6449402,,,3,,POINT (140.6449402 36.5807977)
5323519342,36.5815739,140.6439663,,,3,,POINT (140.6439663 36.5815739)
5323519343,36.5809985,140.6445378,,,3,,POINT (140.6445378 36.5809985)
5323519344,36.5815537,140.6448431,,,4,,POINT (140.6448431 36.5815537)
5323519345,36.5816999,140.646511,,,3,,POINT (140.646511 36.5816999)
5323519346,36.5823476,140.6464121,,,3,,POINT (140.6464121 36.5823476)
5323519347,36.581584,140.6451886,,,4,,POINT (140.6451886 36.581584)
5323519350,36.5816807,140.6462912,,,3,,POINT (140.6462912 36.5816807)
5323519352,36.5816171,140.6455662,,,4,,POINT (140.6455662 36.5816171)
5323519356,36.5816476,140.6459136,,,3,,POINT (140.6459136 36.5816476)
5323519357,36.5818438,140.6398673,,,3,,POINT (140.6398673 36.5818438)
5323519360,36.5816234,140.6397211,,,4,,POINT (140.6397211 36.5816234)
5323519364,36.582154,140.6390192,,,1,,POINT (140.6390192 36.582154)
5323519365,36.5805825,140.6390265,,,3,,POINT (140.6390265 36.5805825)
5323519367,36.5798704,140.6385359,,,3,,POINT (140.6385359 36.5798704)
5323519368,36.5789077,140.6377181,,,3,,POINT (140.6377181 36.5789077)
5323519372,36.5794434,140.6394369,,,3,,POINT (140.6394369 36.5794434)
5323519374,36.5777974,140.6384788,,,3,,POINT (140.6384788 36.5777974)
5323519377,36.5773356,140.6381695,,,3,,POINT (140.6381695 36.5773356)
5323519378,36.5770593,140.6379844,,,3,,POINT (140.6379844 36.5770593)
5323519379,36.5768996,140.6383653,,,1,,POINT (140.6383653 36.5768996)
5323519380,36.5793912,140.6490101,,,3,,POINT (140.6490101 36.5793912)
5323519383,36.5781892,140.6501239,,,4,,POINT (140.6501239 36.5781892)
5323519385,36.5765109,140.6526901,,,3,,POINT (140.6526901 36.5765109)
5323519388,36.5787551,140.6495036,,,3,,POINT (140.6495036 36.5787551)
5323519394,36.5769444,140.6486922,,,3,,POINT (140.6486922 36.5769444)
5323519395,36.5775192,140.6488544,,,3,,POINT (140.6488544 36.5775192)
5323519396,36.5772232,140.6497508,,,3,,POINT (140.6497508 36.5772232)
5323519397,36.5781915,140.6493076,,,3,,POINT (140.6493076 36.5781915)
5323519398,36.5779614,140.6498408,,,3,,POINT (140.6498408 36.5779614)
5323519403,36.5782453,140.65067,,,3,,POINT (140.65067 36.5782453)
5323519405,36.5783296,140.6509507,,,3,,POINT (140.6509507 36.5783296)
5323519410,36.578949,140.6520281,,,3,,POINT (140.6520281 36.578949)
5323519419,36.578623,140.6529254,,,4,,POINT (140.6529254 36.578623)
5323519421,36.578047,140.6509755,,,3,,POINT (140.6509755 36.578047)
5323519424,36.5774755,140.650918,,,3,,POINT (140.650918 36.5774755)
5323519425,36.5773785,140.6500985,,,3,,POINT (140.6500985 36.5773785)
5323519426,36.5777414,140.6506222,,,3,,POINT (140.6506222 36.5777414)
5323519427,36.5772457,140.6513251,,,3,,POINT (140.6513251 36.5772457)
5323519428,36.5767778,140.6509024,,,4,,POINT (140.6509024 36.5767778)
5323519429,36.5767086,140.6494735,,,3,,POINT (140.6494735 36.5767086)
5323519435,36.5769145,140.6481691,,,3,,POINT (140.6481691 36.5769145)
5323519440,36.5779531,140.6490406,,,3,,POINT (140.6490406 36.5779531)
5323519441,36.5768034,140.6495625,,,3,,POINT (140.6495625 36.5768034)
5323519445,36.5769685,140.6504696,,,3,,POINT (140.6504696 36.5769685)
5323519446,36.5778426,140.6497781,,,3,,POINT (140.6497781 36.5778426)
5323519457,36.5758018,140.6520845,,,3,,POINT (140.6520845 36.5758018)
5323519460,36.5762205,140.6506632,,,3,,POINT (140.6506632 36.5762205)
5323519465,36.5722721,140.6495547,,,3,,POINT (140.6495547 36.5722721)
5323519470,36.5711607,140.6489241,,,1,,POINT (140.6489241 36.5711607)
5323519471,36.5717385,140.6481333,,,3,,POINT (140.6481333 36.5717385)
5323519472,36.5714911,140.6481334,,,1,,POINT (140.6481334 36.5714911)
5323519473,36.5740531,140.6474185,,,1,,POINT (140.6474185 36.5740531)
5323519475,36.5740824,140.6467617,,,3,,POINT (140.6467617 36.5740824)
5323519477,36.5738921,140.6466955,,,3,,POINT (140.6466955 36.5738921)
5323519480,36.5745665,140.647175,,,1,,POINT (140.647175 36.5745665)
5323519481,36.5752307,140.6475891,,,3,,POINT (140.6475891 36.5752307)
5323519482,36.5791082,140.6515899,,,5,,POINT (140.6515899 36.5791082)
5323519484,36.578562,140.6506546,,,3,,POINT (140.6506546 36.578562)
5323519487,36.5791252,140.6501531,,,3,,POINT (140.6501531 36.5791252)
5323519490,36.5790966,140.6493244,,,3,,POINT (140.6493244 36.5790966)
5323519491,36.5792661,140.6504764,,,3,,POINT (140.6504764 36.5792661)
5323519497,36.5795961,140.6492121,,,3,,POINT (140.6492121 36.5795961)
5323519502,36.5799525,140.6476004,,,3,,POINT (140.6476004 36.5799525)
5323519504,36.579982,140.6471424,,,3,,POINT (140.6471424 36.579982)
5323519511,36.5808682,140.648604,,,3,,POINT (140.648604 36.5808682)
5323519512,36.5786467,140.6481993,,,3,,POINT (140.6481993 36.5786467)
5323519514,36.5788864,140.6476581,,,3,,POINT (140.6476581 36.5788864)
5323519515,36.5792715,140.647363,,,3,,POINT (140.647363 36.5792715)
5323519520,36.5797517,140.6476221,,,3,,POINT (140.6476221 36.5797517)
5323519635,36.5772956,140.6467196,,,3,,POINT (140.6467196 36.5772956)
5323519645,36.5798254,140.6451874,,,1,,POINT (140.6451874 36.5798254)
5323519657,36.5814871,140.6491391,,,1,,POINT (140.6491391 36.5814871)
5323519666,36.581505,140.6482773,,,3,,POINT (140.6482773 36.581505)
5323519667,36.5827315,140.6480605,,,3,,POINT (140.6480605 36.5827315)
5323519670,36.582361,140.6499764,,,3,,POINT (140.6499764 36.582361)
5323519681,36.5736024,140.6229783,,,3,,POINT (140.6229783 36.5736024)
5323519683,36.5728955,140.62325,,,3,,POINT (140.62325 36.5728955)
5323519684,36.5736501,140.6236137,,,3,,POINT (140.6236137 36.5736501)
5323519687,36.572944,140.6238068,,,3,,POINT (140.6238068 36.572944)
5323519688,36.5735283,140.624141,,,3,,POINT (140.624141 36.5735283)
5323519692,36.5734282,140.6244756,,,3,,POINT (140.6244756 36.5734282)
5323519693,36.5729894,140.6225176,,,1,,POINT (140.6225176 36.5729894)
5323519694,36.5734228,140.6225762,,,3,,POINT (140.6225762 36.5734228)
5323519695,36.5731373,140.6220769,,,1,,POINT (140.6220769 36.5731373)
5323519696,36.5733837,140.622192,,,3,,POINT (140.622192 36.5733837)
5323519697,36.5732996,140.6260996,,,3,,POINT (140.6260996 36.5732996)
5323519698,36.5729647,140.6261546,,,1,,POINT (140.6261546 36.5729647)
5323519699,36.5703023,140.6262914,,,1,,POINT (140.6262914 36.5703023)
5323519704,36.5701925,140.6273464,,,3,,POINT (140.6273464 36.5701925)
5323519705,36.5683659,140.6277106,,,3,,POINT (140.6277106 36.5683659)
5323519707,36.5683907,140.6269298,,,1,,POINT (140.6269298 36.5683907)
5323519708,36.566682,140.6315358,,,3,,POINT (140.6315358 36.566682)
5323519712,36.5671687,140.633817,,,3,,POINT (140.633817 36.5671687)
5323519713,36.5671826,140.632522,,,3,,POINT (140.632522 36.5671826)
5323519714,36.5679786,140.632323,,,3,,POINT (140.632323 36.5679786)
5323519716,36.5672428,140.6326505,,,3,,POINT (140.6326505 36.5672428)
5323519717,36.5674038,140.6325305,,,3,,POINT (140.6325305 36.5674038)
5323519718,36.5672623,140.6322735,,,1,,POINT (140.6322735 36.5672623)
5323519719,36.5666011,140.6333486,,,3,,POINT (140.6333486 36.5666011)
5323519721,36.5676477,140.6301704,,,1,,POINT (140.6301704 36.5676477)
5323519722,36.5678965,140.6306842,,,3,,POINT (140.6306842 36.5678965)
5323519725,36.5692348,140.631049,,,3,,POINT (140.631049 36.5692348)
5323522079,36.5680616,140.6367902,,,3,,POINT (140.6367902 36.5680616)
5323522081,36.5675763,140.6369375,,,3,,POINT (140.6369375 36.5675763)
5323522086,36.5671985,140.6383153,,,3,,POINT (140.6383153 36.5671985)
5323522094,36.5659499,140.6351062,,,3,,POINT (140.6351062 36.5659499)
5323522095,36.5659572,140.6358258,,,1,,POINT (140.6358258 36.5659572)
5323553900,36.6292343,140.6863893,,,4,,POINT (140.6863893 36.6292343)
5323553902,36.6296317,140.6863632,,,4,,POINT (140.6863632 36.6296317)
5323553903,36.6296585,140.6855257,,,3,,POINT (140.6855257 36.6296585)
5323553904,36.6296852,140.6852374,,,3,,POINT (140.6852374 36.6296852)
5323553905,36.6292786,140.6852313,,,3,,POINT (140.6852313 36.6292786)
5323553906,36.6292837,140.6849219,,,1,,POINT (140.6849219 36.6292837)
5323553909,36.6296423,140.6859272,,,4,,POINT (140.6859272 36.6296423)
5323553910,36.6297927,140.6859782,,,1,,POINT (140.6859782 36.6297927)
5323553911,36.6298407,140.6855817,,,1,,POINT (140.6855817 36.6298407)
5323553913,36.6299998,140.6852022,,,1,,POINT (140.6852022 36.6299998)
5323553915,36.6296471,140.6867436,,,3,,POINT (140.6867436 36.6296471)
5323553916,36.6304634,140.6866759,,,3,,POINT (140.6866759 36.6304634)
5323553917,36.6301434,140.6867024,,,3,,POINT (140.6867024 36.6301434)
5323553918,36.630212,140.6881247,,,3,,POINT (140.6881247 36.630212)
5323553919,36.629463,140.6881305,,,3,,POINT (140.6881305 36.629463)
5323553920,36.6297545,140.6881282,,,3,,POINT (140.6881282 36.6297545)
5323568822,36.6304373,140.6881218,,,3,,POINT (140.6881218 36.6304373)
5323568824,36.6296533,140.687,,,3,,POINT (140.687 36.6296533)
5323568826,36.6301622,140.6870929,,,3,,POINT (140.6870929 36.6301622)
5323568828,36.630391,140.6860878,,,4,,POINT (140.6860878 36.630391)
5323568842,36.6301465,140.6844064,,,3,,POINT (140.6844064 36.6301465)
5323568843,36.6305531,140.6851413,,,3,,POINT (140.6851413 36.6305531)
5323568844,36.6309299,140.6853601,,,3,,POINT (140.6853601 36.6309299)
5323568846,36.6306055,140.6854609,,,1,,POINT (140.6854609 36.6306055)
5323568847,36.6307459,140.6855207,,,3,,POINT (140.6855207 36.6307459)
5323568849,36.63169,140.6851722,,,3,,POINT (140.6851722 36.63169)
5323568852,36.6248312,140.6843533,,,1,,POINT (140.6843533 36.6248312)
5323568855,36.6245163,140.6847262,,,3,,POINT (140.6847262 36.6245163)
5323568863,36.622732,140.6861548,,,1,,POINT (140.6861548 36.622732)
5323568868,36.6207072,140.6874116,,,3,,POINT (140.6874116 36.6207072)
5323568879,36.6193854,140.6841398,,,3,,POINT (140.6841398 36.6193854)
5323568886,36.6178333,140.6831222,,,1,,POINT (140.6831222 36.6178333)
5323568894,36.6205558,140.6765806,,,1,,POINT (140.6765806 36.6205558)
5323568902,36.6216713,140.6773098,,,3,,POINT (140.6773098 36.6216713)
5323568906,36.6211784,140.6774878,,,3,,POINT (140.6774878 36.6211784)
5323568907,36.6217096,140.6784929,,,3,,POINT (140.6784929 36.6217096)
5323568909,36.6219555,140.6784275,,,3,,POINT (140.6784275 36.6219555)
5323568915,36.6221585,140.6785608,,,1,,POINT (140.6785608 36.6221585)
5323568916,36.6232703,140.6763746,,,3,,POINT (140.6763746 36.6232703)
5323568925,36.6263436,140.679802,,,3,,POINT (140.679802 36.6263436)
5323568932,36.6257928,140.6797817,,,3,,POINT (140.6797817 36.6257928)
5323568934,36.6292631,140.6790907,,,3,,POINT (140.6790907 36.6292631)
5323568935,36.6295887,140.6776194,,,3,,POINT (140.6776194 36.6295887)
5323568936,36.6290318,140.6797117,,,3,,POINT (140.6797117 36.6290318)
5323568940,36.6311825,140.6794143,,,3,,POINT (140.6794143 36.6311825)
5323568945,36.6308963,140.6799013,,,3,,POINT (140.6799013 36.6308963)
5323568946,36.6310182,140.6797747,,,3,,POINT (140.6797747 36.6310182)
5323568950,36.6303951,140.6793343,,,3,,POINT (140.6793343 36.6303951)
5323568957,36.6334613,140.6751804,,,3,,POINT (140.6751804 36.6334613)
5323568963,36.6323105,140.6764426,,,3,,POINT (140.6764426 36.6323105)
5323568964,36.6326827,140.6750765,,,3,,POINT (140.6750765 36.6326827)
5323568966,36.6331502,140.6754587,,,3,,POINT (140.6754587 36.6331502)
5323568967,36.6293569,140.6676057,,,3,,POINT (140.6676057 36.6293569)
5323568978,36.6295009,140.6664456,,,1,,POINT (140.6664456 36.6295009)
5323568981,36.6300456,140.6676,,,3,,POINT (140.6676 36.6300456)
5323568983,36.6295178,140.6677039,,,3,,POINT (140.6677039 36.6295178)
5323568984,36.6297537,140.6674571,,,3,,POINT (140.6674571 36.6297537)
5323568985,36.6298068,140.6673033,,,1,,POINT (140.6673033 36.6298068)
5323568986,36.6300976,140.6671339,,,3,,POINT (140.6671339 36.6300976)
5323568991,36.6300218,140.6669766,,,3,,POINT (140.6669766 36.6300218)
5323568992,36.6303632,140.6671177,,,3,,POINT (140.6671177 36.6303632)
5323568993,36.6304229,140.6675213,,,3,,POINT (140.6675213 36.6304229)
5323568998,36.6301999,140.668083,,,3,,POINT (140.668083 36.6301999)
5323569000,36.6299239,140.6683449,,,3,,POINT (140.6683449 36.6299239)
5323569007,36.6290335,140.6689987,,,3,,POINT (140.6689987 36.6290335)
5323569014,36.6304074,140.6682773,,,1,,POINT (140.6682773 36.6304074)
5323569015,36.6300639,140.6675566,,,3,,POINT (140.6675566 36.6300639)
5323569016,36.6298764,140.6679055,,,3,,POINT (140.6679055 36.6298764)
5323569019,36.6286492,140.6666239,,,1,,POINT (140.6666239 36.6286492)
5323569033,36.6234311,140.6702876,,,1,,POINT (140.6702876 36.6234311)
5323569034,36.6240206,140.6706162,,,3,,POINT (140.6706162 36.6240206)
5323569037,36.6236391,140.6708653,,,1,,POINT (140.6708653 36.6236391)
5323569038,36.6247996,140.6700683,,,1,,POINT (140.6700683 36.6247996)
5323569043,36.6244783,140.6707013,,,3,,POINT (140.6707013 36.6244783)
5323569044,36.6247609,140.6708679,,,3,,POINT (140.6708679 36.6247609)
5323569045,36.62455,140.6713059,,,1,,POINT (140.6713059 36.62455)
5323569046,36.625129,140.671918,,,1,,POINT (140.671918 36.625129)
5323569047,36.6250358,140.6715101,,,3,,POINT (140.6715101 36.6250358)
5323569048,36.624826,140.671364,,,1,,POINT (140.671364 36.624826)
5323569049,36.6253728,140.6715963,,,1,,POINT (140.6715963 36.6253728)
5323569052,36.6250877,140.6714234,,,3,,POINT (140.6714234 36.6250877)
5323569053,36.6252238,140.6692299,,,1,,POINT (140.6692299 36.6252238)
5323569054,36.6248273,140.6690566,,,3,,POINT (140.6690566 36.6248273)
5323569055,36.6271995,140.6703469,,,3,,POINT (140.6703469 36.6271995)
5323569061,36.630167,140.6727053,,,3,,POINT (140.6727053 36.630167)
5651753883,36.6186329,140.6789566,,,1,,POINT (140.6789566 36.6186329)
5651756365,36.6195662,140.6791247,,,1,,POINT (140.6791247 36.6195662)
5651756921,36.6188786,140.6794375,,,3,,POINT (140.6794375 36.6188786)
5651756922,36.6191332,140.6796524,,,1,,POINT (140.6796524 36.6191332)
5651758730,36.6169306,140.6817002,,,1,,POINT (140.6817002 36.6169306)
5651761331,36.608447,140.6753196,,,1,,POINT (140.6753196 36.608447)
5651766165,36.6131709,140.676712,,,3,,POINT (140.676712 36.6131709)
5651768620,36.6204418,140.6808381,,,3,,POINT (140.6808381 36.6204418)
5651770429,36.6190779,140.6819794,,,3,,POINT (140.6819794 36.6190779)
5664307611,36.5450841,140.6255659,,,3,,POINT (140.6255659 36.5450841)
5664307612,36.5441101,140.6253286,,,3,,POINT (140.6253286 36.5441101)
5664307615,36.5413744,140.6241806,,,3,,POINT (140.6241806 36.5413744)
5664307616,36.5414671,140.6237286,,,3,,POINT (140.6237286 36.5414671)
5669561159,36.6853885,140.7034519,,,3,,POINT (140.7034519 36.6853885)
5669561191,36.6597504,140.6857829,,,3,,POINT (140.6857829 36.6597504)
5669561193,36.6597558,140.685398,,,4,,POINT (140.685398 36.6597558)
5669561633,36.671398,140.6868625,,,3,,POINT (140.6868625 36.671398)
5669561638,36.6714341,140.686668,,,3,,POINT (140.686668 36.6714341)
5744923611,36.5748381,140.6424207,,,3,,POINT (140.6424207 36.5748381)
5744926783,36.5741836,140.63498,,,3,,POINT (140.63498 36.5741836)
5744926790,36.5744148,140.6364121,,,4,,POINT (140.6364121 36.5744148)
5744929509,36.5746515,140.6339413,,,3,,POINT (140.6339413 36.5746515)
5744932518,36.575953,140.6393993,,,3,,POINT (140.6393993 36.575953)
5744934126,36.5740879,140.6390136,,,3,,POINT (140.6390136 36.5740879)
5744934135,36.5747399,140.6367351,,,3,,POINT (140.6367351 36.5747399)
5744947370,36.574496,140.6373986,,,3,,POINT (140.6373986 36.574496)
5744947379,36.5757394,140.6368727,,,3,,POINT (140.6368727 36.5757394)
5744947382,36.5751795,140.6361861,,,3,,POINT (140.6361861 36.5751795)
5744947388,36.5765011,140.6375487,,,3,,POINT (140.6375487 36.5765011)
5744947390,36.5764404,140.6378897,,,3,,POINT (140.6378897 36.5764404)
5744947406,36.5743214,140.6383329,,,4,,POINT (140.6383329 36.5743214)
5744947408,36.5740517,140.6383043,,,4,,POINT (140.6383043 36.5740517)
5744957567,36.5760588,140.6371984,,,3,,POINT (140.6371984 36.5760588)
5744957586,36.5764997,140.6364724,,,3,,POINT (140.6364724 36.5764997)
5744957589,36.5768392,140.6367449,,,3,,POINT (140.6367449 36.5768392)
5744957599,36.5770759,140.6359704,,,1,,POINT (140.6359704 36.5770759)
5744958136,36.5743552,140.6367246,,,3,,POINT (140.6367246 36.5743552)
5744958140,36.5734433,140.6371592,,,3,,POINT (140.6371592 36.5734433)
5744958147,36.5726247,140.6382988,,,3,,POINT (140.6382988 36.5726247)
5744958158,36.5756659,140.633381,,,3,,POINT (140.633381 36.5756659)
5744967996,36.5729516,140.6442794,,,3,,POINT (140.6442794 36.5729516)
5744967997,36.5728081,140.6447124,,,3,,POINT (140.6447124 36.5728081)
5744969561,36.57153,140.6437434,,,3,,POINT (140.6437434 36.57153)
5745308280,36.5689459,140.6406968,,,3,,POINT (140.6406968 36.5689459)
5745308282,36.5684508,140.6407523,,,3,,POINT (140.6407523 36.5684508)
5745308283,36.5696882,140.6383074,,,3,,POINT (140.6383074 36.5696882)
5745308288,36.5680096,140.6375799,,,3,,POINT (140.6375799 36.5680096)
5745308289,36.5684638,140.6377425,,,3,,POINT (140.6377425 36.5684638)
5745308291,36.5680142,140.6371938,,,3,,POINT (140.6371938 36.5680142)
5745308292,36.5690564,140.6395487,,,3,,POINT (140.6395487 36.5690564)
5745308294,36.5692793,140.6381043,,,3,,POINT (140.6381043 36.5692793)
5745308295,36.5689561,140.6379533,,,3,,POINT (140.6379533 36.5689561)
5745308296,36.5686546,140.6394412,,,3,,POINT (140.6394412 36.5686546)
5745308304,36.5715383,140.6364875,,,3,,POINT (140.6364875 36.5715383)
5745308319,36.5701802,140.6384745,,,3,,POINT (140.6384745 36.5701802)
5745311821,36.5696845,140.6383501,,,3,,POINT (140.6383501 36.5696845)
5745311824,36.5698875,140.6384003,,,3,,POINT (140.6384003 36.5698875)
5745311825,36.5698508,140.6353933,,,3,,POINT (140.6353933 36.5698508)
5745311828,36.5695549,140.6363616,,,4,,POINT (140.6363616 36.5695549)
5745311829,36.5694469,140.6366837,,,3,,POINT (140.6366837 36.5694469)
5745311831,36.569011,140.6379788,,,3,,POINT (140.6379788 36.569011)
5745311832,36.5689296,140.6364112,,,3,,POINT (140.6364112 36.5689296)
5745311833,36.5683268,140.6360542,,,3,,POINT (140.6360542 36.5683268)
5745328870,36.5707529,140.6345299,,,3,,POINT (140.6345299 36.5707529)
5745328871,36.57072,140.6352314,,,3,,POINT (140.6352314 36.57072)
5745328872,36.5705015,140.6344719,,,4,,POINT (140.6344719 36.5705015)
5745328876,36.5710175,140.6337709,,,3,,POINT (140.6337709 36.5710175)
5745351417,36.5717148,140.64171,,,3,,POINT (140.64171 36.5717148)
5745351418,36.5708553,140.6423127,,,3,,POINT (140.6423127 36.5708553)
5745351420,36.5710844,140.6424958,,,3,,POINT (140.6424958 36.5710844)
5745351422,36.5714531,140.641052,,,3,,POINT (140.641052 36.5714531)
5745351426,36.5715649,140.6392337,,,3,,POINT (140.6392337 36.5715649)
5745351433,36.5710963,140.6392213,,,3,,POINT (140.6392213 36.5710963)
5745351434,36.5716156,140.6402417,,,3,,POINT (140.6402417 36.5716156)
5745351436,36.5718962,140.6402352,,,3,,POINT (140.6402352 36.5718962)
5745351443,36.571358,140.6400147,,,3,,POINT (140.6400147 36.571358)
5745351935,36.5710062,140.6426851,,,3,,POINT (140.6426851 36.5710062)
5745354319,36.5705056,140.641124,,,3,,POINT (140.641124 36.5705056)
5745355627,36.5701383,140.6412999,,,3,,POINT (140.6412999 36.5701383)
5745355632,36.570459,140.6413141,,,4,,POINT (140.6413141 36.570459)
5745355646,36.569991,140.641666,,,1,,POINT (140.641666 36.569991)
5745372311,36.5941559,140.657532,,,3,,POINT (140.657532 36.5941559)
5745372314,36.5934179,140.6590279,,,3,,POINT (140.6590279 36.5934179)
5745372315,36.5931287,140.6588126,,,4,,POINT (140.6588126 36.5931287)
5745372317,36.593652,140.6593236,,,3,,POINT (140.6593236 36.593652)
5745372318,36.5938293,140.6583321,,,3,,POINT (140.6583321 36.5938293)
5745372319,36.5942522,140.6585905,,,3,,POINT (140.6585905 36.5942522)
5745372320,36.592739,140.6598148,,,4,,POINT (140.6598148 36.592739)
5745372823,36.5931695,140.6599314,,,3,,POINT (140.6599314 36.5931695)
5745372824,36.5925609,140.6564981,,,3,,POINT (140.6564981 36.5925609)
5745372825,36.5940314,140.6543941,,,4,,POINT (140.6543941 36.5940314)
5745372826,36.5950222,140.6554116,,,4,yes,POINT (140.6554116 36.5950222)
5745372827,36.5946708,140.6550481,,,4,,POINT (140.6550481 36.5946708)
5745372828,36.5939733,140.655768,,,3,,POINT (140.655768 36.5939733)
5745372830,36.5944662,140.6552459,,,3,,POINT (140.6552459 36.5944662)
5745372833,36.5955985,140.6546097,,,4,yes,POINT (140.6546097 36.5955985)
5745372834,36.596484,140.6565386,,,3,,POINT (140.6565386 36.596484)
5745372841,36.5956039,140.6566901,,,3,,POINT (140.6566901 36.5956039)
5745372842,36.5952443,140.6563037,,,3,,POINT (140.6563037 36.5952443)
5745372843,36.5953705,140.655142,,,4,,POINT (140.655142 36.5953705)
5745372845,36.5947255,140.6542301,,,4,,POINT (140.6542301 36.5947255)
5745372854,36.5954431,140.6545193,,,4,yes,POINT (140.6545193 36.5954431)
5745380796,36.5936998,140.6540502,,,4,,POINT (140.6540502 36.5936998)
5745380797,36.5931253,140.6536371,,,3,,POINT (140.6536371 36.5931253)
5745380798,36.5933477,140.6545738,,,3,,POINT (140.6545738 36.5933477)
5745380799,36.5926827,140.6529072,,,4,,POINT (140.6529072 36.5926827)
5745380800,36.5932921,140.6533236,,,3,,POINT (140.6533236 36.5932921)
5745380801,36.5919749,140.6523968,,,3,,POINT (140.6523968 36.5919749)
5745380804,36.5924784,140.6548762,,,3,,POINT (140.6548762 36.5924784)
5745380806,36.5917946,140.6546835,,,3,,POINT (140.6546835 36.5917946)
5745380807,36.5923059,140.6551783,,,4,,POINT (140.6551783 36.5923059)
5745380808,36.5920045,140.6543642,,,4,,POINT (140.6543642 36.5920045)
5745380811,36.5910877,140.6542193,,,3,,POINT (140.6542193 36.5910877)
5745380812,36.5917089,140.6548399,,,3,,POINT (140.6548399 36.5917089)
5745381572,36.591069,140.6542578,,,3,,POINT (140.6542578 36.591069)
5745406959,36.5956318,140.6529398,,,3,,POINT (140.6529398 36.5956318)
5745406960,36.5952263,140.6538974,,,3,,POINT (140.6538974 36.5952263)
5745406962,36.5956314,140.6521078,,,4,,POINT (140.6521078 36.5956314)
5745406963,36.595879,140.651685,,,4,,POINT (140.651685 36.595879)
5745406964,36.5961639,140.6509632,,,3,,POINT (140.6509632 36.5961639)
5745406965,36.5959743,140.6516965,,,4,,POINT (140.6516965 36.5959743)
5745406966,36.5965543,140.6519503,,,4,,POINT (140.6519503 36.5965543)
5745406967,36.5954158,140.6513841,,,3,,POINT (140.6513841 36.5954158)
5745406968,36.5951399,140.6528035,,,4,,POINT (140.6528035 36.5951399)
5745406969,36.594722,140.6524906,,,3,,POINT (140.6524906 36.594722)
5745406971,36.5935498,140.6511978,,,3,,POINT (140.6511978 36.5935498)
5745406974,36.5945382,140.6506923,,,3,,POINT (140.6506923 36.5945382)
5745406975,36.5942666,140.6511152,,,4,,POINT (140.6511152 36.5942666)
5745406976,36.5939486,140.6515907,,,4,,POINT (140.6515907 36.5939486)
5745406977,36.593363,140.6527475,,,3,,POINT (140.6527475 36.593363)
5745406978,36.5961326,140.6509434,,,3,,POINT (140.6509434 36.5961326)
5745406979,36.5961439,140.6497623,,,3,,POINT (140.6497623 36.5961439)
5745406980,36.5957585,140.6507021,,,3,yes,POINT (140.6507021 36.5957585)
5745406981,36.5956986,140.6494252,,,3,,POINT (140.6494252 36.5956986)
5745406982,36.594937,140.6488476,,,3,,POINT (140.6488476 36.594937)
5745406983,36.5937971,140.64865,,,4,,POINT (140.64865 36.5937971)
5745406984,36.5931489,140.6482742,,,4,,POINT (140.6482742 36.5931489)
5745406985,36.5946995,140.6492709,,,4,,POINT (140.6492709 36.5946995)
5745406986,36.5955159,140.6498569,,,3,,POINT (140.6498569 36.5955159)
5745406987,36.5925309,140.6479028,,,4,,POINT (140.6479028 36.5925309)
5745406988,36.5925468,140.645608,,,3,,POINT (140.645608 36.5925468)
5745406992,36.5924707,140.6464121,,,3,,POINT (140.6464121 36.5924707)
5745406993,36.5914918,140.6480019,,,3,,POINT (140.6480019 36.5914918)
5745406994,36.5918498,140.6474023,,,3,,POINT (140.6474023 36.5918498)
5745406995,36.5876962,140.6399973,,,3,,POINT (140.6399973 36.5876962)
5745407011,36.581545,140.640803,,,3,,POINT (140.640803 36.581545)
5745407012,36.5817871,140.6409653,,,3,,POINT (140.6409653 36.5817871)
5745407016,36.5822358,140.6416154,,,3,,POINT (140.6416154 36.5822358)
5745407122,36.5810368,140.6411989,,,3,,POINT (140.6411989 36.5810368)
5745407123,36.5811817,140.6410432,,,3,,POINT (140.6410432 36.5811817)
5745407124,36.5816583,140.6404417,,,3,,POINT (140.6404417 36.5816583)
5745407130,36.5815789,140.6407002,,,3,,POINT (140.6407002 36.5815789)
5745407139,36.5797756,140.6424071,,,3,,POINT (140.6424071 36.5797756)
5745413165,36.5805737,140.6407044,,,3,,POINT (140.6407044 36.5805737)
5745413166,36.5804594,140.6407573,,,3,,POINT (140.6407573 36.5804594)
5745413176,36.5793951,140.6407247,,,3,,POINT (140.6407247 36.5793951)
5745413179,36.5792899,140.6405077,,,3,,POINT (140.6405077 36.5792899)
5745413180,36.579631,140.639043,,,3,,POINT (140.639043 36.579631)
5745431418,36.5812356,140.6484155,,,3,,POINT (140.6484155 36.5812356)
5745432431,36.5804144,140.6472321,,,1,,POINT (140.6472321 36.5804144)
5745432435,36.5666908,140.6454903,,,3,,POINT (140.6454903 36.5666908)
5745432436,36.5672113,140.6444061,,,3,,POINT (140.6444061 36.5672113)
5745432441,36.5668361,140.645196,,,3,,POINT (140.645196 36.5668361)
5745432442,36.5675725,140.6460522,,,3,,POINT (140.6460522 36.5675725)
5745432443,36.5681367,140.6466662,,,3,,POINT (140.6466662 36.5681367)
5745432444,36.5680384,140.6468605,,,3,,POINT (140.6468605 36.5680384)
5745432449,36.567356,140.6465732,,,3,,POINT (140.6465732 36.567356)
5745432450,36.5671884,140.646858,,,3,,POINT (140.646858 36.5671884)
5745432453,36.5674406,140.6471109,,,3,,POINT (140.6471109 36.5674406)
5745432454,36.5677929,140.6465839,,,3,,POINT (140.6465839 36.5677929)
5745432455,36.5675302,140.6459997,,,3,,POINT (140.6459997 36.5675302)
5745432456,36.5671968,140.6464352,,,3,,POINT (140.6464352 36.5671968)
5745432457,36.5665283,140.6458689,,,3,,POINT (140.6458689 36.5665283)
5745432458,36.5680733,140.6443168,,,3,,POINT (140.6443168 36.5680733)
5745432459,36.56718,140.6444719,,,3,,POINT (140.6444719 36.56718)
5745432460,36.5677113,140.6451798,,,3,,POINT (140.6451798 36.5677113)
5745432461,36.5682461,140.6446622,,,3,,POINT (140.6446622 36.5682461)
5745432462,36.5685834,140.6453939,,,3,,POINT (140.6453939 36.5685834)
5745432464,36.5679635,140.6449322,,,3,,POINT (140.6449322 36.5679635)
5745432465,36.5670066,140.6448371,,,3,,POINT (140.6448371 36.5670066)
5745432466,36.566508,140.6449105,,,3,,POINT (140.6449105 36.566508)
5745448265,36.5662385,140.6376443,,,3,,POINT (140.6376443 36.5662385)
5745448266,36.5664194,140.637517,,,3,,POINT (140.637517 36.5664194)
5745448271,36.5665595,140.6383857,,,3,,POINT (140.6383857 36.5665595)
5745448273,36.5648747,140.6375266,,,3,,POINT (140.6375266 36.5648747)
5745448274,36.5656747,140.6378359,,,3,,POINT (140.6378359 36.5656747)
5745448276,36.5647854,140.6386015,,,3,,POINT (140.6386015 36.5647854)
5745448277,36.5651141,140.6375104,,,3,,POINT (140.6375104 36.5651141)
5745448279,36.5647634,140.6383358,,,3,,POINT (140.6383358 36.5647634)
5745448280,36.5648275,140.6385966,,,3,,POINT (140.6385966 36.5648275)
5745474364,36.5617052,140.6359721,,,3,,POINT (140.6359721 36.5617052)
5745474367,36.5615509,140.6368749,,,3,,POINT (140.6368749 36.5615509)
5745474368,36.5589353,140.6367467,,,3,,POINT (140.6367467 36.5589353)
5745474369,36.5588342,140.6373529,,,3,,POINT (140.6373529 36.5588342)
5745474370,36.5591475,140.6362423,,,3,,POINT (140.6362423 36.5591475)
5745474380,36.558345,140.6367238,,,3,,POINT (140.6367238 36.558345)
5745474381,36.5582786,140.636704,,,3,,POINT (140.636704 36.5582786)
5745474388,36.5576877,140.6373005,,,1,,POINT (140.6373005 36.5576877)
5745474389,36.5595007,140.6344285,,,3,,POINT (140.6344285 36.5595007)
5745474390,36.5599656,140.6350642,,,3,,POINT (140.6350642 36.5599656)
5745474391,36.5576176,140.635005,,,3,,POINT (140.635005 36.5576176)
5745474395,36.5569896,140.6340295,,,3,,POINT (140.6340295 36.5569896)
5745474396,36.5579731,140.635402,,,3,,POINT (140.635402 36.5579731)
5745474398,36.5566951,140.6366195,,,3,,POINT (140.6366195 36.5566951)
5745474399,36.5573641,140.6359607,,,3,,POINT (140.6359607 36.5573641)
5745474400,36.5548288,140.6320153,,,3,,POINT (140.6320153 36.5548288)
5745474401,36.5556745,140.6315125,,,3,,POINT (140.6315125 36.5556745)
5745474405,36.5552079,140.632558,,,3,,POINT (140.632558 36.5552079)
5745474406,36.5548358,140.6303512,,,3,,POINT (140.6303512 36.5548358)
5745474407,36.5546541,140.630538,,,3,,POINT (140.630538 36.5546541)
5745474408,36.5539607,140.6303463,,,3,,POINT (140.6303463 36.5539607)
5745474409,36.5550905,140.6323816,,,3,,POINT (140.6323816 36.5550905)
5745474419,36.5539359,140.6336263,,,3,,POINT (140.6336263 36.5539359)
5745497982,36.5528955,140.6284781,,,3,,POINT (140.6284781 36.5528955)
5745497983,36.5533562,140.6291229,,,3,,POINT (140.6291229 36.5533562)
5745497984,36.5532132,140.6294133,,,3,,POINT (140.6294133 36.5532132)
5745497985,36.5526372,140.6291081,,,3,,POINT (140.6291081 36.5526372)
5745497986,36.5525284,140.6294925,,,3,,POINT (140.6294925 36.5525284)
5745497987,36.5530398,140.62974,,,4,,POINT (140.62974 36.5530398)
5745497988,36.5532818,140.6278762,,,3,,POINT (140.6278762 36.5532818)
5745497989,36.5538851,140.6284313,,,4,,POINT (140.6284313 36.5538851)
5745497992,36.5542463,140.6289581,,,3,,POINT (140.6289581 36.5542463)
5745497993,36.5544797,140.628536,,,3,,POINT (140.628536 36.5544797)
5745497994,36.5541891,140.6289148,,,3,,POINT (140.6289148 36.5541891)
5745497995,36.5539898,140.6292062,,,4,,POINT (140.6292062 36.5539898)
5745497996,36.5546611,140.6295621,,,3,,POINT (140.6295621 36.5546611)
5745498000,36.5530789,140.6304426,,,3,,POINT (140.6304426 36.5530789)
5745498001,36.5534858,140.6299981,,,3,,POINT (140.6299981 36.5534858)
5745498005,36.5524146,140.6312145,,,3,,POINT (140.6312145 36.5524146)
5745498006,36.5516766,140.6285398,,,3,,POINT (140.6285398 36.5516766)
5745498008,36.5516323,140.626547,,,3,,POINT (140.626547 36.5516323)
5745498010,36.5513441,140.6254841,,,3,,POINT (140.6254841 36.5513441)
5745498011,36.5516146,140.6251296,,,3,,POINT (140.6251296 36.5516146)
5745498014,36.5513158,140.6254202,,,3,,POINT (140.6254202 36.5513158)
5745498015,36.5468819,140.6240604,,,3,,POINT (140.6240604 36.5468819)
5745498016,36.549347,140.6244546,,,3,,POINT (140.6244546 36.549347)
5745498018,36.5484832,140.6238974,,,3,,POINT (140.6238974 36.5484832)
5745498019,36.5486761,140.6233781,,,3,,POINT (140.6233781 36.5486761)
5745498020,36.5490829,140.6242759,,,3,,POINT (140.6242759 36.5490829)
5745498621,36.5494283,140.623464,,,3,,POINT (140.623464 36.5494283)
5745498625,36.5458122,140.6230736,,,4,,POINT (140.6230736 36.5458122)
5745498626,36.5453471,140.6236968,,,4,,POINT (140.6236968 36.5453471)
5745498631,36.5463575,140.6244176,,,3,,POINT (140.6244176 36.5463575)
5745498632,36.5461806,140.6248976,,,3,,POINT (140.6248976 36.5461806)
5745503267,36.5470671,140.6213627,,,3,,POINT (140.6213627 36.5470671)
5745503272,36.5459592,140.6230897,,,3,,POINT (140.6230897 36.5459592)
5745505782,36.5443915,140.6184293,,,3,,POINT (140.6184293 36.5443915)
5745505793,36.5454898,140.6195999,,,4,,POINT (140.6195999 36.5454898)
5745506649,36.5623062,140.6343134,,,3,,POINT (140.6343134 36.5623062)
5745506654,36.5612798,140.6348335,,,3,,POINT (140.6348335 36.5612798)
5745510824,36.5612583,140.6328238,,,3,,POINT (140.6328238 36.5612583)
5745510825,36.5617851,140.6335514,,,3,,POINT (140.6335514 36.5617851)
5745512556,36.5624827,140.6358092,,,3,,POINT (140.6358092 36.5624827)
5749466650,36.5983606,140.6519736,,,3,,POINT (140.6519736 36.5983606)
5749466653,36.5976735,140.6501651,,,3,,POINT (140.6501651 36.5976735)
5749466654,36.5973622,140.6508309,,,3,,POINT (140.6508309 36.5973622)
5749472210,36.5780389,140.6417391,,,3,,POINT (140.6417391 36.5780389)
5749472215,36.577698,140.6420497,,,3,,POINT (140.6420497 36.577698)
5749473824,36.5772375,140.6429203,,,3,,POINT (140.6429203 36.5772375)
5749473829,36.5767488,140.642963,,,3,,POINT (140.642963 36.5767488)
5749480510,36.579337,140.6414501,,,3,,POINT (140.6414501 36.579337)
5749480513,36.5792536,140.642078,,,3,,POINT (140.642078 36.5792536)
5749480517,36.5785693,140.6412306,,,3,,POINT (140.6412306 36.5785693)
5749488140,36.5772207,140.6413025,,,3,,POINT (140.6413025 36.5772207)
5749488144,36.5764653,140.6418345,,,3,,POINT (140.6418345 36.5764653)
5749494678,36.5763931,140.6423489,,,3,,POINT (140.6423489 36.5763931)
5749494681,36.575945,140.6424068,,,3,,POINT (140.6424068 36.575945)
5749494685,36.5755698,140.6428686,,,4,,POINT (140.6428686 36.5755698)
5749494687,36.5754421,140.6426437,,,1,,POINT (140.6426437 36.5754421)
5749494688,36.5754096,140.6424052,,,1,,POINT (140.6424052 36.5754096)
5749494695,36.5751391,140.6410921,,,3,,POINT (140.6410921 36.5751391)
5749501765,36.5763084,140.6429084,,,3,,POINT (140.6429084 36.5763084)
5749528654,36.57484,140.6383323,,,3,,POINT (140.6383323 36.57484)
5749528660,36.5748083,140.6388491,,,3,,POINT (140.6388491 36.5748083)
5749528663,36.5742722,140.6387118,,,3,,POINT (140.6387118 36.5742722)
5749528664,36.5735492,140.6370638,,,3,,POINT (140.6370638 36.5735492)
5749528671,36.5726824,140.6365043,,,1,,POINT (140.6365043 36.5726824)
5749528672,36.5738099,140.6378428,,,3,,POINT (140.6378428 36.5738099)
5749528676,36.5733097,140.6372268,,,3,,POINT (140.6372268 36.5733097)
5749528681,36.5730764,140.6378968,,,1,,POINT (140.6378968 36.5730764)
5749528682,36.572376,140.6331629,,,3,,POINT (140.6331629 36.572376)
5749528696,36.5725846,140.6336339,,,3,,POINT (140.6336339 36.5725846)
5749530961,36.5707388,140.6319133,,,3,,POINT (140.6319133 36.5707388)
5749530962,36.5704878,140.6299597,,,3,,POINT (140.6299597 36.5704878)
5749530963,36.5704038,140.6305401,,,3,,POINT (140.6305401 36.5704038)
5749530964,36.5708668,140.6306565,,,3,,POINT (140.6306565 36.5708668)
5749530965,36.5704562,140.630178,,,3,,POINT (140.630178 36.5704562)
5749530966,36.5708709,140.6302812,,,3,,POINT (140.6302812 36.5708709)
5749530967,36.5701069,140.6304715,,,3,,POINT (140.6304715 36.5701069)
5749530968,36.5703006,140.6305163,,,3,,POINT (140.6305163 36.5703006)
5749530971,36.5707951,140.6314569,,,3,,POINT (140.6314569 36.5707951)
5749530972,36.570304,140.6309037,,,3,,POINT (140.6309037 36.570304)
5749530973,36.5708328,140.6310359,,,3,,POINT (140.6310359 36.5708328)
5749537595,36.5711178,140.6306798,,,1,,POINT (140.6306798 36.5711178)
5749537596,36.5712295,140.6321871,,,3,,POINT (140.6321871 36.5712295)
5749537598,36.5710643,140.631147,,,3,,POINT (140.631147 36.5710643)
5749546675,36.5756293,140.6367412,,,3,,POINT (140.6367412 36.5756293)
5749546676,36.5759518,140.6362915,,,1,,POINT (140.6362915 36.5759518)
5749572473,36.5804087,140.6529435,,,3,,POINT (140.6529435 36.5804087)
5749572476,36.580198,140.6519834,,,3,,POINT (140.6519834 36.580198)
5749572479,36.5798888,140.6511392,,,1,,POINT (140.6511392 36.5798888)
5749572484,36.5797337,140.6528241,,,3,,POINT (140.6528241 36.5797337)
5749572491,36.5796288,140.6539224,,,3,,POINT (140.6539224 36.5796288)
5749572492,36.581491,140.6493534,,,1,,POINT (140.6493534 36.581491)
5749580169,36.5820723,140.6493263,,,3,,POINT (140.6493263 36.5820723)
5749580184,36.5806373,140.6463884,,,1,,POINT (140.6463884 36.5806373)
5749589802,36.5829153,140.6404363,,,3,,POINT (140.6404363 36.5829153)
5749589960,36.5842172,140.6382564,,,3,,POINT (140.6382564 36.5842172)
5749589993,36.5850287,140.6369099,,,3,,POINT (140.6369099 36.5850287)
5749593972,36.5773995,140.6350949,,,3,,POINT (140.6350949 36.5773995)
5749601304,36.5655316,140.6352052,,,3,,POINT (140.6352052 36.5655316)
5749601305,36.5655412,140.6361559,,,3,,POINT (140.6361559 36.5655412)
5749611345,36.568538,140.648717,,,3,,POINT (140.648717 36.568538)
5749611346,36.5680768,140.6495506,,,3,,POINT (140.6495506 36.5680768)
5749611347,36.5657953,140.6477634,,,3,,POINT (140.6477634 36.5657953)
5749611350,36.5652044,140.6473087,,,3,,POINT (140.6473087 36.5652044)
5749611351,36.565663,140.6471306,,,3,,POINT (140.6471306 36.565663)
5749611352,36.5655469,140.6475723,,,3,,POINT (140.6475723 36.5655469)
5749614223,36.5663544,140.646863,,,3,,POINT (140.646863 36.5663544)
5749614224,36.5659232,140.6478618,,,3,,POINT (140.6478618 36.5659232)
5749614225,36.5668883,140.6486479,,,3,,POINT (140.6486479 36.5668883)
5749614228,36.5661342,140.6480242,,,3,,POINT (140.6480242 36.5661342)
5749614229,36.5668833,140.6479573,,,3,,POINT (140.6479573 36.5668833)
5749614230,36.5666377,140.648434,,,3,,POINT (140.648434 36.5666377)
5749614231,36.5666311,140.647742,,,3,,POINT (140.647742 36.5666311)
5749614232,36.5649635,140.6467809,,,3,,POINT (140.6467809 36.5649635)
5749618069,36.5637115,140.6388924,,,3,,POINT (140.6388924 36.5637115)
5754081078,36.6017723,140.6512884,,,3,,POINT (140.6512884 36.6017723)
5754081079,36.6003915,140.6496016,,,3,,POINT (140.6496016 36.6003915)
5754081080,36.6024372,140.6504511,,,4,,POINT (140.6504511 36.6024372)
5754081084,36.6016675,140.6511603,,,3,,POINT (140.6511603 36.6016675)
5754081085,36.6020248,140.6500014,,,3,,POINT (140.6500014 36.6020248)
5754081086,36.6023683,140.6495336,,,1,,POINT (140.6495336 36.6023683)
5754081088,36.6034768,140.6493647,,,1,,POINT (140.6493647 36.6034768)
5754159123,36.5240325,140.6282966,,,4,,POINT (140.6282966 36.5240325)
5754159130,36.5232726,140.6281535,,,3,,POINT (140.6281535 36.5232726)
5754159142,36.5239555,140.6283083,,,3,,POINT (140.6283083 36.5239555)
5754159152,36.5219672,140.6269003,,,3,,POINT (140.6269003 36.5219672)
5754159161,36.522424,140.6273215,,,3,,POINT (140.6273215 36.522424)
5754159162,36.5220895,140.6272638,,,1,,POINT (140.6272638 36.5220895)
5754159165,36.5217019,140.6274182,,,1,,POINT (140.6274182 36.5217019)
5754159166,36.5236174,140.6275778,,,3,,POINT (140.6275778 36.5236174)
5754159169,36.523269,140.6267931,,,1,,POINT (140.6267931 36.523269)
5754159170,36.5231226,140.6282024,,,3,,POINT (140.6282024 36.5231226)
5754159177,36.5230223,140.6296283,,,3,,POINT (140.6296283 36.5230223)
5754159190,36.5227182,140.632994,,,3,,POINT (140.632994 36.5227182)
5754159191,36.5227769,140.6293325,,,3,,POINT (140.6293325 36.5227769)
5754159198,36.5220377,140.6328131,,,3,,POINT (140.6328131 36.5220377)
5754159205,36.5229043,140.6319942,,,3,,POINT (140.6319942 36.5229043)
5754159206,36.523189,140.6304181,,,3,,POINT (140.6304181 36.523189)
5754159208,36.5226161,140.6301178,,,3,,POINT (140.6301178 36.5226161)
5754159209,36.5232243,140.6303112,,,3,,POINT (140.6303112 36.5232243)
5754159211,36.523603,140.6305604,,,3,,POINT (140.6305604 36.523603)
5754159212,36.5216656,140.6294922,,,3,,POINT (140.6294922 36.5216656)
5754159215,36.5226161,140.6300169,,,3,,POINT (140.6300169 36.5226161)
5754193430,36.525888,140.6318675,,,3,,POINT (140.6318675 36.525888)
5754193431,36.526777,140.6318674,,,3,,POINT (140.6318674 36.526777)
5754193439,36.5252699,140.6322933,,,3,,POINT (140.6322933 36.5252699)
5754193440,36.5265484,140.6308074,,,3,,POINT (140.6308074 36.5265484)
5754193441,36.5262758,140.6317492,,,3,,POINT (140.6317492 36.5262758)
5754193442,36.525718,140.6335909,,,3,,POINT (140.6335909 36.525718)
5754193446,36.5263114,140.6335152,,,3,,POINT (140.6335152 36.5263114)
5754193447,36.5271038,140.6341545,,,3,,POINT (140.6341545 36.5271038)
5754193453,36.5271388,140.6350957,,,3,,POINT (140.6350957 36.5271388)
5754193454,36.535661,140.628611,,,3,,POINT (140.628611 36.535661)
5754193456,36.5351837,140.6292081,,,3,,POINT (140.6292081 36.5351837)
5754193465,36.5342355,140.6286172,,,3,,POINT (140.6286172 36.5342355)
5754193468,36.5346752,140.6313366,,,3,,POINT (140.6313366 36.5346752)
5754193471,36.5339306,140.6309518,,,1,,POINT (140.6309518 36.5339306)
5754193473,36.5337423,140.6338437,,,3,,POINT (140.6338437 36.5337423)
5754193477,36.5339356,140.634797,,,1,,POINT (140.634797 36.5339356)
5754193478,36.537484,140.6328622,,,3,,POINT (140.6328622 36.537484)
5754193479,36.5370845,140.6326772,,,3,,POINT (140.6326772 36.5370845)
5754193481,36.5365003,140.6323876,,,3,,POINT (140.6323876 36.5365003)
5754193482,36.5363666,140.6327419,,,3,,POINT (140.6327419 36.5363666)
5754193486,36.5373179,140.6332273,,,3,,POINT (140.6332273 36.5373179)
5754193487,36.536539,140.6328523,,,3,,POINT (140.6328523 36.536539)
5754193488,36.5363939,140.6332164,,,3,,POINT (140.6332164 36.5363939)
5754193490,36.5360002,140.6325201,,,3,,POINT (140.6325201 36.5360002)
5754193491,36.5371507,140.6335947,,,3,,POINT (140.6335947 36.5371507)
5754193492,36.5366414,140.6320056,,,1,,POINT (140.6320056 36.5366414)
5754193493,36.5367735,140.6345636,,,3,,POINT (140.6345636 36.5367735)
5754193495,36.5358443,140.6340791,,,3,,POINT (140.6340791 36.5358443)
5754193497,36.5355249,140.6348894,,,3,,POINT (140.6348894 36.5355249)
5754193498,36.5351165,140.6346953,,,3,,POINT (140.6346953 36.5351165)
5754193514,36.5341805,140.6363608,,,3,,POINT (140.6363608 36.5341805)
5754196759,36.5371484,140.6373251,,,1,,POINT (140.6373251 36.5371484)
5754206868,36.5488309,140.6303702,,,4,,POINT (140.6303702 36.5488309)
5754213525,36.5370801,140.6337551,,,3,,POINT (140.6337551 36.5370801)
5754213546,36.536212,140.6333731,,,3,,POINT (140.6333731 36.536212)
5754213554,36.5362697,140.6353141,,,3,,POINT (140.6353141 36.5362697)
5754213555,36.5356455,140.6332308,,,3,,POINT (140.6332308 36.5356455)
5754213563,36.5359195,140.6324767,,,3,,POINT (140.6324767 36.5359195)
5754213583,36.5351803,140.6325759,,,3,,POINT (140.6325759 36.5351803)
5754213608,36.5351426,140.6314046,,,1,,POINT (140.6314046 36.5351426)
5754214454,36.536377,140.6290174,,,3,,POINT (140.6290174 36.536377)
5754214457,36.5369442,140.6292257,,,3,,POINT (140.6292257 36.5369442)
5754223767,36.5366094,140.6366168,,,3,,POINT (140.6366168 36.5366094)
5754223770,36.5361504,140.6354923,,,3,,POINT (140.6354923 36.5361504)
5754228558,36.5366769,140.6347096,,,3,,POINT (140.6347096 36.5366769)
5754228568,36.5385855,140.635898,,,3,,POINT (140.635898 36.5385855)
5754228569,36.5376415,140.6326849,,,3,,POINT (140.6326849 36.5376415)
5754228571,36.5386346,140.6333995,,,3,,POINT (140.6333995 36.5386346)
5754228572,36.5386137,140.6356062,,,3,,POINT (140.6356062 36.5386137)
5754228578,36.5392539,140.6332877,,,1,,POINT (140.6332877 36.5392539)
5754233158,36.5483204,140.6262599,,,3,,POINT (140.6262599 36.5483204)
5754233160,36.5484719,140.6271655,,,1,,POINT (140.6271655 36.5484719)
5754243587,36.5479231,140.6306999,,,3,,POINT (140.6306999 36.5479231)
5754243590,36.5478058,140.6316501,,,4,,POINT (140.6316501 36.5478058)
5754251946,36.5490643,140.6298934,,,3,,POINT (140.6298934 36.5490643)
5754251952,36.5498196,140.6303853,,,3,,POINT (140.6303853 36.5498196)
5754260122,36.5487873,140.6344669,,,1,,POINT (140.6344669 36.5487873)
5761617246,36.54373,140.6194731,,,3,,POINT (140.6194731 36.54373)
5761617250,36.5440703,140.6202392,,,3,,POINT (140.6202392 36.5440703)
5761617251,36.5462764,140.6191135,,,3,,POINT (140.6191135 36.5462764)
5761618857,36.5458473,140.6200581,,,3,,POINT (140.6200581 36.5458473)
5761618858,36.5451912,140.6223752,,,3,,POINT (140.6223752 36.5451912)
5761618863,36.5443947,140.6223847,,,3,,POINT (140.6223847 36.5443947)
5761618865,36.544153,140.6228869,,,3,,POINT (140.6228869 36.544153)
5761618866,36.5469121,140.6214671,,,3,,POINT (140.6214671 36.5469121)
5761618867,36.5459567,140.6209659,,,3,,POINT (140.6209659 36.5459567)
5761618870,36.5454196,140.6219169,,,3,,POINT (140.6219169 36.5454196)
5761618875,36.544451,140.6202284,,,3,,POINT (140.6202284 36.544451)
5761618876,36.5454206,140.6202616,,,3,,POINT (140.6202616 36.5454206)
5761618881,36.5450001,140.6212982,,,3,,POINT (140.6212982 36.5450001)
5761618884,36.5451648,140.621542,,,3,,POINT (140.621542 36.5451648)
5761632000,36.5437458,140.6178894,,,3,,POINT (140.6178894 36.5437458)
5761632007,36.5455407,140.6163428,,,3,,POINT (140.6163428 36.5455407)
5761632008,36.5452323,140.6167957,,,3,,POINT (140.6167957 36.5452323)
5761632009,36.5455813,140.6164004,,,3,,POINT (140.6164004 36.5455813)
5761632012,36.5461588,140.6156533,,,1,,POINT (140.6156533 36.5461588)
5761632013,36.5459823,140.6168668,,,3,,POINT (140.6168668 36.5459823)
5761632046,36.5473277,140.6161673,,,3,,POINT (140.6161673 36.5473277)
5761632047,36.5470202,140.6162149,,,3,,POINT (140.6162149 36.5470202)
5761632049,36.5465722,140.6156834,,,3,,POINT (140.6156834 36.5465722)
5761632050,36.5481169,140.6179718,,,3,,POINT (140.6179718 36.5481169)
5761632853,36.5478194,140.6179111,,,3,,POINT (140.6179111 36.5478194)
5761634102,36.5480155,140.6248214,,,3,,POINT (140.6248214 36.5480155)
5761634352,36.5526228,140.6253059,,,3,,POINT (140.6253059 36.5526228)
5761634454,36.5517978,140.6252421,,,3,,POINT (140.6252421 36.5517978)
5761636019,36.550969,140.6248023,,,3,,POINT (140.6248023 36.550969)
5761636030,36.5505468,140.6237384,,,3,,POINT (140.6237384 36.5505468)
5761681428,36.5757068,140.6464139,,,3,,POINT (140.6464139 36.5757068)
5761681434,36.575547,140.6470634,,,3,,POINT (140.6470634 36.575547)
5762095904,36.5823028,140.6458713,,,3,,POINT (140.6458713 36.5823028)
5762095905,36.5846867,140.645569,,,3,,POINT (140.645569 36.5846867)
5762095906,36.5839023,140.644532,,,3,,POINT (140.644532 36.5839023)
5762095907,36.5830889,140.6446533,,,3,,POINT (140.6446533 36.5830889)
5762095908,36.5831844,140.6457595,,,3,,POINT (140.6457595 36.5831844)
5762095909,36.5829912,140.645784,,,3,,POINT (140.645784 36.5829912)
5762095910,36.5829146,140.644878,,,3,,POINT (140.644878 36.5829146)
5762095913,36.5829441,140.6452268,,,3,,POINT (140.6452268 36.5829441)
5762095914,36.5824469,140.64529,,,3,,POINT (140.64529 36.5824469)
5762095915,36.5829724,140.6455618,,,3,,POINT (140.6455618 36.5829724)
5762112224,36.5558602,140.629057,,,3,,POINT (140.629057 36.5558602)
5762112226,36.5567539,140.6314711,,,3,,POINT (140.6314711 36.5567539)
5762112227,36.5561534,140.6321629,,,3,,POINT (140.6321629 36.5561534)
5762112228,36.5564442,140.6318211,,,3,,POINT (140.6318211 36.5564442)
5762112233,36.5555719,140.6309438,,,3,,POINT (140.6309438 36.5555719)
5762112234,36.5550616,140.6299251,,,3,,POINT (140.6299251 36.5550616)
5768012063,36.5946911,140.6536107,,,3,,POINT (140.6536107 36.5946911)
5768012064,36.5943936,140.6540405,,,3,,POINT (140.6540405 36.5943936)
5768012065,36.5941021,140.6544643,,,4,,POINT (140.6544643 36.5941021)
5768012066,36.5938252,140.6548574,,,3,,POINT (140.6548574 36.5938252)
5768012067,36.5935184,140.6552928,,,3,,POINT (140.6552928 36.5935184)
5768027033,36.5842898,140.6462179,,,3,,POINT (140.6462179 36.5842898)
5768027034,36.5845384,140.6495071,,,3,,POINT (140.6495071 36.5845384)
5768027035,36.584908,140.6461313,,,3,,POINT (140.6461313 36.584908)
5768027036,36.5849054,140.6458346,,,3,,POINT (140.6458346 36.5849054)
5768027037,36.5847935,140.6456987,,,3,,POINT (140.6456987 36.5847935)
5768501858,36.5524878,140.6316776,,,3,,POINT (140.6316776 36.5524878)
5768517315,36.55254,140.6309908,,,3,,POINT (140.6309908 36.55254)
5768517316,36.5520549,140.6306599,,,1,,POINT (140.6306599 36.5520549)
5768531936,36.5526102,140.6317123,,,3,,POINT (140.6317123 36.5526102)
5768541029,36.5393102,140.617569,,,4,,POINT (140.617569 36.5393102)
5768541040,36.5348363,140.6154947,,,3,,POINT (140.6154947 36.5348363)
5768541043,36.535375,140.6152093,,,3,,POINT (140.6152093 36.535375)
5768541262,36.5415946,140.6202455,,,3,,POINT (140.6202455 36.5415946)
5768541266,36.5408022,140.6202067,,,3,,POINT (140.6202067 36.5408022)
5768541269,36.5387831,140.6182673,,,3,,POINT (140.6182673 36.5387831)
5768541270,36.5382787,140.617733,,,3,,POINT (140.617733 36.5382787)
5768541271,36.5353746,140.6190612,,,3,,POINT (140.6190612 36.5353746)
5768541273,36.5353781,140.6183231,,,4,,POINT (140.6183231 36.5353781)
5768541274,36.5345621,140.617939,,,3,,POINT (140.617939 36.5345621)
5799462845,36.5747889,140.6447352,,,3,,POINT (140.6447352 36.5747889)
5799542208,36.5758793,140.6358444,,,3,,POINT (140.6358444 36.5758793)
5799542213,36.5759951,140.6356006,,,1,,POINT (140.6356006 36.5759951)
5799585499,36.5753835,140.638189,,,3,,POINT (140.638189 36.5753835)
5799585501,36.5756518,140.6377366,,,1,,POINT (140.6377366 36.5756518)
5799585502,36.5755454,140.6381858,,,3,,POINT (140.6381858 36.5755454)
5799585505,36.5755083,140.6385238,,,1,,POINT (140.6385238 36.5755083)
5799585506,36.5755529,140.637159,,,3,,POINT (140.637159 36.5755529)
5799585507,36.5756852,140.6373253,,,1,,POINT (140.6373253 36.5756852)
5799585508,36.5749464,140.6395059,,,3,,POINT (140.6395059 36.5749464)
5799585514,36.5752814,140.6392489,,,1,,POINT (140.6392489 36.5752814)
5799585515,36.5755647,140.6354221,,,1,,POINT (140.6354221 36.5755647)
5799585516,36.5755597,140.6356495,,,3,,POINT (140.6356495 36.5755597)
5799585517,36.5754147,140.6364806,,,3,,POINT (140.6364806 36.5754147)
5799585520,36.5751619,140.6368785,,,1,,POINT (140.6368785 36.5751619)
5799585521,36.5762553,140.6367526,,,1,,POINT (140.6367526 36.5762553)
5799585522,36.5759668,140.6370851,,,3,,POINT (140.6370851 36.5759668)
5799585523,36.5721798,140.6350229,,,3,,POINT (140.6350229 36.5721798)
5799585547,36.5715525,140.6364344,,,3,,POINT (140.6364344 36.5715525)
5799588958,36.5718754,140.6372971,,,1,,POINT (140.6372971 36.5718754)
5799588972,36.5721127,140.6409892,,,1,,POINT (140.6409892 36.5721127)
5799588973,36.5719866,140.6413593,,,3,,POINT (140.6413593 36.5719866)
5799588974,36.5712427,140.6390364,,,3,,POINT (140.6390364 36.5712427)
5799588980,36.5711024,140.6384599,,,1,,POINT (140.6384599 36.5711024)
5799588981,36.5558623,140.6335651,,,3,,POINT (140.6335651 36.5558623)
5799588989,36.554718,140.6347083,,,3,,POINT (140.6347083 36.554718)
5799588990,36.5556338,140.6345212,,,1,,POINT (140.6345212 36.5556338)
5799588993,36.5551092,140.6352409,,,3,,POINT (140.6352409 36.5551092)
5799588994,36.5554039,140.6348008,,,3,,POINT (140.6348008 36.5554039)
5799588995,36.5556101,140.6350683,,,1,,POINT (140.6350683 36.5556101)
5801646958,36.532554,140.6162073,,,1,,POINT (140.6162073 36.532554)
5810060905,36.5531554,140.6236201,,,3,,POINT (140.6236201 36.5531554)
5810060913,36.5542644,140.6243685,,,3,,POINT (140.6243685 36.5542644)
5810060915,36.5544761,140.6246309,,,3,,POINT (140.6246309 36.5544761)
5810060926,36.5554923,140.6204744,,,3,,POINT (140.6204744 36.5554923)
5810060934,36.5546659,140.6218636,,,3,,POINT (140.6218636 36.5546659)
5810060935,36.5547541,140.6218742,,,3,,POINT (140.6218742 36.5547541)
5810060938,36.5550585,140.6199063,,,3,,POINT (140.6199063 36.5550585)
5810060939,36.5542604,140.6196444,,,3,,POINT (140.6196444 36.5542604)
5810060951,36.5567214,140.6195158,,,3,,POINT (140.6195158 36.5567214)
5810063055,36.5574543,140.6193897,,,3,,POINT (140.6193897 36.5574543)
5810063236,36.5568528,140.6214006,,,3,,POINT (140.6214006 36.5568528)
5810063239,36.557368,140.6205335,,,3,,POINT (140.6205335 36.557368)
5810063502,36.555896,140.6206825,,,1,,POINT (140.6206825 36.555896)
5810069318,36.5549775,140.6196353,,,3,,POINT (140.6196353 36.5549775)
5810069323,36.5547996,140.6183378,,,1,,POINT (140.6183378 36.5547996)
5810069325,36.5548714,140.6189263,,,1,,POINT (140.6189263 36.5548714)
5810069327,36.5539457,140.6198321,,,1,,POINT (140.6198321 36.5539457)
5810074309,36.5545634,140.6218309,,,3,,POINT (140.6218309 36.5545634)
5810074316,36.5536094,140.6220461,,,3,,POINT (140.6220461 36.5536094)
5810082437,36.5504619,140.6189427,,,3,,POINT (140.6189427 36.5504619)
5810082438,36.55039,140.6196011,,,3,,POINT (140.6196011 36.55039)
5810082439,36.5504463,140.6191594,,,3,,POINT (140.6191594 36.5504463)
5810082443,36.5510778,140.6197323,,,3,,POINT (140.6197323 36.5510778)
5810082444,36.5507564,140.6191984,,,1,,POINT (140.6191984 36.5507564)
5810082445,36.5482045,140.618353,,,3,,POINT (140.618353 36.5482045)
5810082446,36.5486575,140.6184713,,,1,,POINT (140.6184713 36.5486575)
5810082447,36.548402,140.6177469,,,3,,POINT (140.6177469 36.548402)
5810082448,36.5489347,140.6179475,,,1,,POINT (140.6179475 36.5489347)
5810082449,36.5485599,140.6173368,,,3,,POINT (140.6173368 36.5485599)
5810082450,36.549009,140.6175192,,,1,,POINT (140.6175192 36.549009)
5810082451,36.5484996,140.6174934,,,3,,POINT (140.6174934 36.5484996)
5810082452,36.5490808,140.6177195,,,1,,POINT (140.6177195 36.5490808)
5810082753,36.550019,140.619588,,,3,,POINT (140.619588 36.550019)
5810082758,36.5497057,140.620728,,,3,,POINT (140.620728 36.5497057)
5810097058,36.5533125,140.6191992,,,3,,POINT (140.6191992 36.5533125)
5810097061,36.554094,140.6191733,,,3,,POINT (140.6191733 36.554094)
5810097065,36.5533742,140.619628,,,3,,POINT (140.619628 36.5533742)
5810097070,36.5566882,140.6181214,,,4,,POINT (140.6181214 36.5566882)
5810097072,36.5563838,140.6186606,,,1,,POINT (140.6186606 36.5563838)
5810097074,36.5564358,140.6182046,,,3,,POINT (140.6182046 36.5564358)
5810097076,36.5560967,140.6182196,,,3,,POINT (140.6182196 36.5560967)
5810097080,36.5569302,140.6178846,,,3,,POINT (140.6178846 36.5569302)
5810097081,36.5565892,140.617804,,,1,,POINT (140.617804 36.5565892)
5810097089,36.5545177,140.6167842,,,1,,POINT (140.6167842 36.5545177)
5810097090,36.554488,140.6169814,,,3,,POINT (140.6169814 36.554488)
5810097097,36.5545618,140.6174101,,,3,,POINT (140.6174101 36.5545618)
5810097098,36.5547107,140.6170708,,,1,,POINT (140.6170708 36.5547107)
5810097101,36.5551636,140.6168951,,,1,,POINT (140.6168951 36.5551636)
5810097105,36.5549762,140.6178677,,,3,,POINT (140.6178677 36.5549762)
5810097106,36.5552998,140.6172063,,,1,,POINT (140.6172063 36.5552998)
5810097107,36.5552552,140.6174158,,,3,,POINT (140.6174158 36.5552552)
5810097108,36.5554408,140.6173388,,,1,,POINT (140.6173388 36.5554408)
5810097109,36.5549533,140.6170615,,,1,,POINT (140.6170615 36.5549533)
5810097110,36.5551509,140.6171384,,,3,,POINT (140.6171384 36.5551509)
5810107026,36.5513978,140.6137204,,,1,,POINT (140.6137204 36.5513978)
5810117765,36.5524234,140.6170471,,,1,,POINT (140.6170471 36.5524234)
5810117768,36.5518656,140.6166808,,,3,,POINT (140.6166808 36.5518656)
5810117769,36.5519161,140.6163749,,,3,,POINT (140.6163749 36.5519161)
5810117788,36.5539356,140.6168592,,,3,,POINT (140.6168592 36.5539356)
5810117791,36.5539678,140.6175401,,,3,,POINT (140.6175401 36.5539678)
5810117794,36.5537203,140.6166528,,,3,,POINT (140.6166528 36.5537203)
5810117795,36.5534777,140.6166127,,,3,,POINT (140.6166127 36.5534777)
5810117796,36.5532426,140.616585,,,1,,POINT (140.616585 36.5532426)
5810117797,36.5537846,140.6164433,,,1,,POINT (140.6164433 36.5537846)
5810117798,36.5535173,140.6163816,,,1,,POINT (140.6163816 36.5535173)
5810117803,36.5533985,140.6170163,,,1,,POINT (140.6170163 36.5533985)
5810117804,36.5517644,140.6171272,,,3,,POINT (140.6171272 36.5517644)
5810117805,36.5518416,140.6173319,,,1,,POINT (140.6173319 36.5518416)
5810117806,36.5530346,140.618398,,,1,,POINT (140.618398 36.5530346)
5810117810,36.5522426,140.6184103,,,1,,POINT (140.6184103 36.5522426)
5810117811,36.5518767,140.6185557,,,3,,POINT (140.6185557 36.5518767)
5810117812,36.5522921,140.6185335,,,1,,POINT (140.6185335 36.5522921)
5810117813,36.5519188,140.6186969,,,3,,POINT (140.6186969 36.5519188)
5810117814,36.5527005,140.6174089,,,1,,POINT (140.6174089 36.5527005)
5810117819,36.5522228,140.6180652,,,3,,POINT (140.6180652 36.5522228)
5810117822,36.5525817,140.6185058,,,3,,POINT (140.6185058 36.5525817)
5810117830,36.5529973,140.6185675,,,3,,POINT (140.6185675 36.5529973)
5810117831,36.5520273,140.6178957,,,3,,POINT (140.6178957 36.5520273)
5810117836,36.5516442,140.6176476,,,3,,POINT (140.6176476 36.5516442)
5810117839,36.5517604,140.6180892,,,3,,POINT (140.6180892 36.5517604)
5810117840,36.5496372,140.6188337,,,1,,POINT (140.6188337 36.5496372)
5810117841,36.5496932,140.6195836,,,3,,POINT (140.6195836 36.5496932)
5810117842,36.5494906,140.618603,,,1,,POINT (140.618603 36.5494906)
5810117843,36.5495376,140.6195757,,,3,,POINT (140.6195757 36.5495376)
5810127478,36.5490435,140.6136718,,,3,,POINT (140.6136718 36.5490435)
5810127479,36.5496198,140.6133517,,,3,,POINT (140.6133517 36.5496198)
5810127485,36.5490643,140.6138021,,,3,,POINT (140.6138021 36.5490643)
5810127486,36.5490601,140.6138411,,,3,,POINT (140.6138411 36.5490601)
5810127492,36.5493017,140.614671,,,1,,POINT (140.614671 36.5493017)
5810127500,36.5494197,140.6145117,,,3,,POINT (140.6145117 36.5494197)
5810127504,36.5501503,140.6147162,,,3,,POINT (140.6147162 36.5501503)
5810127517,36.5499869,140.6147168,,,3,,POINT (140.6147168 36.5499869)
5810127519,36.5502339,140.6147915,,,3,,POINT (140.6147915 36.5502339)
5810127532,36.549569,140.6157947,,,1,,POINT (140.6157947 36.549569)
5810127537,36.5493227,140.6148783,,,3,,POINT (140.6148783 36.5493227)
5810127538,36.5494567,140.6149152,,,1,,POINT (140.6149152 36.5494567)
5810129242,36.5498728,140.6164685,,,1,,POINT (140.6164685 36.5498728)
5810129243,36.5494966,140.6167144,,,3,,POINT (140.6167144 36.5494966)
5810129244,36.5491699,140.6166841,,,1,,POINT (140.6166841 36.5491699)
5810129245,36.5490273,140.615982,,,3,,POINT (140.615982 36.5490273)
5810129246,36.5489635,140.6158668,,,3,,POINT (140.6158668 36.5489635)
5810129249,36.5486798,140.6151714,,,1,,POINT (140.6151714 36.5486798)
5810129250,36.54867,140.6156434,,,3,,POINT (140.6156434 36.54867)
5810185674,36.5722116,140.6382358,,,1,,POINT (140.6382358 36.5722116)
5810185679,36.5719733,140.6390393,,,3,,POINT (140.6390393 36.5719733)
5810185680,36.5718651,140.638356,,,1,,POINT (140.638356 36.5718651)
5810185682,36.5735486,140.6379338,,,3,,POINT (140.6379338 36.5735486)
5810185686,36.5736306,140.6385946,,,3,,POINT (140.6385946 36.5736306)
5810185689,36.5724573,140.6376431,,,1,,POINT (140.6376431 36.5724573)
5810185691,36.5726247,140.6380837,,,3,,POINT (140.6380837 36.5726247)
5810185692,36.5725018,140.6381977,,,1,,POINT (140.6381977 36.5725018)
5810185693,36.5726247,140.6382285,,,3,,POINT (140.6382285 36.5726247)
5810185719,36.5764063,140.6422605,,,3,,POINT (140.6422605 36.5764063)
5810185723,36.5766569,140.6427037,,,1,,POINT (140.6427037 36.5766569)
5834590773,36.5390852,140.6144354,,,3,,POINT (140.6144354 36.5390852)
5834590775,36.5387991,140.6139924,,,1,,POINT (140.6139924 36.5387991)
5834590776,36.5395212,140.6144798,,,1,,POINT (140.6144798 36.5395212)
5834590779,36.5389814,140.6149889,,,3,,POINT (140.6149889 36.5389814)
5834590780,36.5389807,140.6148798,,,1,,POINT (140.6148798 36.5389807)
5836573524,36.5406669,140.6146967,,,3,,POINT (140.6146967 36.5406669)
5836573528,36.5406609,140.6153932,,,3,,POINT (140.6153932 36.5406609)
5836573529,36.536386,140.6170735,,,1,,POINT (140.6170735 36.536386)
5836573530,36.5362575,140.6173686,,,1,,POINT (140.6173686 36.5362575)
5836573534,36.5367245,140.6172332,,,1,,POINT (140.6172332 36.5367245)
5836573537,36.5359315,140.6179005,,,3,,POINT (140.6179005 36.5359315)
5836573542,36.540692,140.6209201,,,3,,POINT (140.6209201 36.540692)
5836573543,36.5401439,140.620091,,,3,,POINT (140.620091 36.5401439)
5836573544,36.5407994,140.6202248,,,3,,POINT (140.6202248 36.5407994)
5838389469,36.5350478,140.6142793,,,3,,POINT (140.6142793 36.5350478)
5838389474,36.5359294,140.6132949,,,3,,POINT (140.6132949 36.5359294)
5838389475,36.5356739,140.6134739,,,3,,POINT (140.6134739 36.5356739)
5838389480,36.5354031,140.6081449,,,3,,POINT (140.6081449 36.5354031)
5838389482,36.5374249,140.6073432,,,4,,POINT (140.6073432 36.5374249)
5838389483,36.5376878,140.6076009,,,4,,POINT (140.6076009 36.5376878)
5838431759,36.5378787,140.6176018,,,1,,POINT (140.6176018 36.5378787)
5838431760,36.5381039,140.6179672,,,3,,POINT (140.6179672 36.5381039)
5838431780,36.5219591,140.6127759,,,1,,POINT (140.6127759 36.5219591)
5838432189,36.5215317,140.6143246,,,3,,POINT (140.6143246 36.5215317)
5838459431,36.659754,140.702666,,,3,,POINT (140.702666 36.659754)
5838459432,36.6626654,140.7023172,,,1,,POINT (140.7023172 36.6626654)
5838459433,36.6597896,140.703132,,,3,,POINT (140.703132 36.6597896)
5838459434,36.6616176,140.702935,,,3,,POINT (140.702935 36.6616176)
5838459435,36.6601417,140.7030927,,,3,,POINT (140.7030927 36.6601417)
5838459436,36.6602405,140.7044515,,,3,,POINT (140.7044515 36.6602405)
5838459437,36.6622705,140.7023681,,,3,,POINT (140.7023681 36.6622705)
5838459439,36.6619802,140.703043,,,3,,POINT (140.703043 36.6619802)
5838459440,36.661942,140.7024094,,,3,,POINT (140.7024094 36.661942)
5838459441,36.6620247,140.7037803,,,3,,POINT (140.7037803 36.6620247)
5838459442,36.6602111,140.7040023,,,3,,POINT (140.7040023 36.6602111)
5838459443,36.6601802,140.703568,,,3,,POINT (140.703568 36.6601802)
5838459444,36.6616519,140.7033832,,,3,,POINT (140.7033832 36.6616519)
5838459445,36.6615809,140.7024554,,,3,,POINT (140.7024554 36.6615809)
5838459446,36.6616854,140.7038218,,,3,,POINT (140.7038218 36.6616854)
5838459448,36.659331,140.7045337,,,3,,POINT (140.7045337 36.659331)
5838459450,36.6608562,140.7025477,,,3,,POINT (140.7025477 36.6608562)
5838459451,36.6608865,140.7030084,,,4,,POINT (140.7030084 36.6608865)
5838459452,36.6609243,140.7034713,,,4,,POINT (140.7034713 36.6609243)
5838459453,36.6609508,140.7039118,,,4,,POINT (140.7039118 36.6609508)
5838459454,36.6610168,140.7048225,,,3,,POINT (140.7048225 36.6610168)
5838459457,36.6592017,140.70593,,,3,,POINT (140.70593 36.6592017)
5838459458,36.6588253,140.7059737,,,3,,POINT (140.7059737 36.6588253)
5838459459,36.6599028,140.7044908,,,4,,POINT (140.7044908 36.6599028)
5838459460,36.6599334,140.7049514,,,4,,POINT (140.7049514 36.6599334)
5838459461,36.6599639,140.7053914,,,3,,POINT (140.7053914 36.6599639)
5838459462,36.6599993,140.7058376,,,3,,POINT (140.7058376 36.6599993)
5838459463,36.6603274,140.7049052,,,3,,POINT (140.7049052 36.6603274)
5838459464,36.660375,140.7057873,,,3,,POINT (140.7057873 36.660375)
5838459465,36.661049,140.7052784,,,3,,POINT (140.7052784 36.661049)
5838459466,36.6603514,140.7053501,,,3,,POINT (140.7053501 36.6603514)
5838459467,36.6609834,140.7043491,,,4,,POINT (140.7043491 36.6609834)
5840011766,36.5283941,140.6176153,,,3,,POINT (140.6176153 36.5283941)
5840011771,36.5288006,140.6177253,,,3,,POINT (140.6177253 36.5288006)
5840011772,36.528939,140.6169901,,,3,,POINT (140.6169901 36.528939)
5840011773,36.5288206,140.6160852,,,4,,POINT (140.6160852 36.5288206)
5840011774,36.528758,140.6158928,,,1,,POINT (140.6158928 36.528758)
5840011776,36.5284432,140.6163738,,,3,,POINT (140.6163738 36.5284432)
5840011777,36.5286031,140.6167632,,,1,,POINT (140.6167632 36.5286031)
5842053894,36.5338274,140.6160032,,,3,,POINT (140.6160032 36.5338274)
5842053895,36.5338605,140.6152336,,,1,,POINT (140.6152336 36.5338605)
5842053935,36.531232,140.614412,,,3,,POINT (140.614412 36.531232)
5842053939,36.5313206,140.6169152,,,3,,POINT (140.6169152 36.5313206)
5842053942,36.532099,140.6170365,,,1,,POINT (140.6170365 36.532099)
5842053943,36.5318083,140.6170884,,,3,,POINT (140.6170884 36.5318083)
5842053950,36.5325819,140.6102134,,,3,,POINT (140.6102134 36.5325819)
5842053952,36.5329068,140.6105736,,,1,,POINT (140.6105736 36.5329068)
5842053954,36.5331901,140.6168677,,,3,,POINT (140.6168677 36.5331901)
5842053955,36.5333984,140.6164635,,,1,,POINT (140.6164635 36.5333984)
5842053956,36.5333958,140.6167751,,,3,,POINT (140.6167751 36.5333958)
5842053957,36.5341471,140.6168605,,,3,,POINT (140.6168605 36.5341471)
5842053959,36.5330219,140.6152568,,,1,,POINT (140.6152568 36.5330219)
5842053960,36.5334163,140.615392,,,3,,POINT (140.615392 36.5334163)
5842053975,36.5315905,140.6181585,,,1,,POINT (140.6181585 36.5315905)
5842053979,36.5308473,140.6174388,,,3,,POINT (140.6174388 36.5308473)
5842054085,36.5310712,140.6180037,,,3,,POINT (140.6180037 36.5310712)
5842054086,36.531007,140.6182302,,,1,,POINT (140.6182302 36.531007)
5842054087,36.5307767,140.6172597,,,3,,POINT (140.6172597 36.5307767)
5842054088,36.5307674,140.6171869,,,3,,POINT (140.6171869 36.5307674)
5842054096,36.5304208,140.6175365,,,3,,POINT (140.6175365 36.5304208)
5842054097,36.530273,140.6175952,,,3,,POINT (140.6175952 36.530273)
5842054100,36.530861,140.6177196,,,3,,POINT (140.6177196 36.530861)
5842054101,36.5298346,140.6183963,,,1,,POINT (140.6183963 36.5298346)
5842054102,36.5301074,140.618509,,,3,,POINT (140.618509 36.5301074)
5842054214,36.514989,140.6105534,,,3,,POINT (140.6105534 36.514989)
5842054216,36.5152365,140.6105073,,,3,,POINT (140.6105073 36.5152365)
5842054226,36.5145443,140.6112955,,,3,,POINT (140.6112955 36.5145443)
5842054227,36.5146102,140.6110681,,,3,,POINT (140.6110681 36.5146102)
5842054233,36.5136859,140.610366,,,3,,POINT (140.610366 36.5136859)
5842054237,36.5152118,140.610848,,,3,,POINT (140.610848 36.5152118)
5842054238,36.514144,140.610714,,,3,,POINT (140.610714 36.514144)
5842054239,36.5142526,140.6104476,,,1,,POINT (140.6104476 36.5142526)
5842054242,36.5159081,140.6122867,,,1,,POINT (140.6122867 36.5159081)
5842054243,36.5157667,140.6121734,,,3,,POINT (140.6121734 36.5157667)
5842054244,36.5157308,140.6125858,,,1,,POINT (140.6125858 36.5157308)
5842054245,36.5155957,140.6124876,,,3,,POINT (140.6124876 36.5155957)
5842054246,36.5155746,140.6128774,,,1,,POINT (140.6128774 36.5155746)
5842054247,36.5154283,140.6127719,,,3,,POINT (140.6127719 36.5154283)
5842054248,36.5162976,140.6118086,,,3,,POINT (140.6118086 36.5162976)
5842054250,36.516633,140.6123223,,,3,,POINT (140.6123223 36.516633)
5842054251,36.5166285,140.612738,,,3,,POINT (140.612738 36.5166285)
5842054252,36.516366,140.6126067,,,1,,POINT (140.6126067 36.516366)
5842054254,36.5170596,140.6135206,,,1,,POINT (140.6135206 36.5170596)
5842054255,36.517903,140.6115152,,,1,,POINT (140.6115152 36.517903)
5842055367,36.5191863,140.6143272,,,3,,POINT (140.6143272 36.5191863)
5842055369,36.5190358,140.6149127,,,1,,POINT (140.6149127 36.5190358)
5842055860,36.5212159,140.6137609,,,1,,POINT (140.6137609 36.5212159)
5842055861,36.5211837,140.6142838,,,3,,POINT (140.6142838 36.5211837)
5842105675,36.6068785,140.6571639,,,3,,POINT (140.6571639 36.6068785)
5842105800,36.6054833,140.6584245,,,3,,POINT (140.6584245 36.6054833)
5842105802,36.6057185,140.6586267,,,1,,POINT (140.6586267 36.6057185)
5844083564,36.5344654,140.6167277,,,1,,POINT (140.6167277 36.5344654)
5844083565,36.5342871,140.6165839,,,3,,POINT (140.6165839 36.5342871)
5844099776,36.5346619,140.6158462,,,3,,POINT (140.6158462 36.5346619)
5844099778,36.5349617,140.6161913,,,3,,POINT (140.6161913 36.5349617)
5844099779,36.5360795,140.6154449,,,3,,POINT (140.6154449 36.5360795)
5844099781,36.5357289,140.6159886,,,3,,POINT (140.6159886 36.5357289)
5844132297,36.5357461,140.6083822,,,3,,POINT (140.6083822 36.5357461)
5846167923,36.5254619,140.6145119,,,3,,POINT (140.6145119 36.5254619)
5846167924,36.5253898,140.6142602,,,1,,POINT (140.6142602 36.5253898)
5846167928,36.5252618,140.6149553,,,3,,POINT (140.6149553 36.5252618)
5846167930,36.5254088,140.6146817,,,1,,POINT (140.6146817 36.5254088)
5846167937,36.5249709,140.6130517,,,3,,POINT (140.6130517 36.5249709)
5846167938,36.5257162,140.6126557,,,3,,POINT (140.6126557 36.5257162)
5846167940,36.5260368,140.6124716,,,1,,POINT (140.6124716 36.5260368)
5846167941,36.5258409,140.6121655,,,1,,POINT (140.6121655 36.5258409)
5846167942,36.5257611,140.6117459,,,1,,POINT (140.6117459 36.5257611)
5846167943,36.525346,140.6115189,,,3,,POINT (140.6115189 36.525346)
5846223947,36.526671,140.6124271,,,3,,POINT (140.6124271 36.526671)
5846223948,36.5262038,140.6122254,,,1,,POINT (140.6122254 36.5262038)
5846223949,36.5264024,140.6123111,,,3,,POINT (140.6123111 36.5264024)
5846223953,36.5278505,140.6122187,,,1,,POINT (140.6122187 36.5278505)
5846223954,36.5292442,140.6108349,,,1,,POINT (140.6108349 36.5292442)
5846223968,36.5323859,140.6095675,,,3,,POINT (140.6095675 36.5323859)
5846223969,36.5328243,140.6095113,,,3,,POINT (140.6095113 36.5328243)
5846223970,36.5339249,140.6097443,,,3,,POINT (140.6097443 36.5339249)
5846223978,36.5337548,140.6078429,,,3,,POINT (140.6078429 36.5337548)
5846309428,36.5399064,140.607552,,,3,,POINT (140.607552 36.5399064)
5846309429,36.5400935,140.6078293,,,1,,POINT (140.6078293 36.5400935)
5846309430,36.54014,140.6076796,,,3,,POINT (140.6076796 36.54014)
5846309431,36.5407145,140.6072419,,,1,,POINT (140.6072419 36.5407145)
5846309432,36.5415932,140.6076474,,,1,,POINT (140.6076474 36.5415932)
5846309433,36.541308,140.6075625,,,1,,POINT (140.6075625 36.541308)
5846309434,36.54309,140.6084042,,,1,,POINT (140.6084042 36.54309)
5846309435,36.5423942,140.6079712,,,1,,POINT (140.6079712 36.5423942)
5846309436,36.5423464,140.6082288,,,3,,POINT (140.6082288 36.5423464)
5846309437,36.5422096,140.6081958,,,3,,POINT (140.6081958 36.5422096)
5846309438,36.5421356,140.6085839,,,3,,POINT (140.6085839 36.5421356)
5846309444,36.5338569,140.618185,,,1,,POINT (140.618185 36.5338569)
5849321767,36.5305987,140.6169799,,,3,,POINT (140.6169799 36.5305987)
5849321768,36.5301511,140.6172197,,,3,,POINT (140.6172197 36.5301511)
5849321769,36.5303236,140.6163766,,,3,,POINT (140.6163766 36.5303236)
5849321770,36.5303024,140.6179117,,,3,,POINT (140.6179117 36.5303024)
5849321780,36.529267,140.6165885,,,4,,POINT (140.6165885 36.529267)
5849321933,36.5281056,140.6193563,,,1,,POINT (140.6193563 36.5281056)
5849321939,36.5260496,140.617212,,,4,,POINT (140.617212 36.5260496)
5849321940,36.5257056,140.6173556,,,3,,POINT (140.6173556 36.5257056)
5849321941,36.5258115,140.6171866,,,1,,POINT (140.6171866 36.5258115)
5849321942,36.525806,140.6173589,,,3,,POINT (140.6173589 36.525806)
5849321943,36.5258076,140.6173099,,,4,,POINT (140.6173099 36.5258076)
5856530217,36.5151052,140.617969,,,3,,POINT (140.617969 36.5151052)
5859099426,36.5387649,140.6182929,,,3,,POINT (140.6182929 36.5387649)
5861159395,36.5280508,140.6145445,,,1,,POINT (140.6145445 36.5280508)
5871159371,36.5584945,140.616246,,,4,,POINT (140.616246 36.5584945)
5871161058,36.5334277,140.6184018,,,3,,POINT (140.6184018 36.5334277)
5871161382,36.5324028,140.6204563,,,1,,POINT (140.6204563 36.5324028)
5871161587,36.5327229,140.6191949,,,3,,POINT (140.6191949 36.5327229)
5871200496,36.5148695,140.6222169,,,3,,POINT (140.6222169 36.5148695)
5871200501,36.5152477,140.6220793,,,5,,POINT (140.6220793 36.5152477)
5875295522,36.5546714,140.6217556,,,3,,POINT (140.6217556 36.5546714)
5875295525,36.5544582,140.6207192,,,1,,POINT (140.6207192 36.5544582)
5876209138,36.527462,140.614609,,,1,,POINT (140.614609 36.527462)
5876284224,36.5189289,140.6248471,,,3,,POINT (140.6248471 36.5189289)
5878932122,36.5296807,140.6199704,,,3,,POINT (140.6199704 36.5296807)
5881927240,36.5137632,140.6122359,,,3,,POINT (140.6122359 36.5137632)
5882066069,36.520537,140.6151518,,,3,,POINT (140.6151518 36.520537)
5882066070,36.5206065,140.6147835,,,1,,POINT (140.6147835 36.5206065)
5882067298,36.515657,140.6205323,traffic_signals,,3,,POINT (140.6205323 36.515657)
5882067300,36.5158142,140.6205865,traffic_signals,,3,,POINT (140.6205865 36.5158142)
5882067302,36.5160578,140.6195465,,,4,,POINT (140.6195465 36.5160578)
5882067307,36.5164197,140.6215566,,,3,,POINT (140.6215566 36.5164197)
5882067311,36.5171036,140.6218913,,,3,,POINT (140.6218913 36.5171036)
5882067314,36.5171336,140.6226207,,,3,,POINT (140.6226207 36.5171336)
5882067319,36.5173537,140.6205502,,,1,,POINT (140.6205502 36.5173537)
5882067320,36.5172082,140.6205506,,,3,,POINT (140.6205506 36.5172082)
5882067321,36.5172025,140.6206442,,,1,,POINT (140.6206442 36.5172025)
5882067323,36.5174759,140.6196261,,,3,,POINT (140.6196261 36.5174759)
5882067324,36.5168708,140.6203732,,,1,,POINT (140.6203732 36.5168708)
5882067326,36.516676,140.6201242,,,3,,POINT (140.6201242 36.516676)
5882067327,36.5167192,140.6199202,,,3,,POINT (140.6199202 36.5167192)
5882067330,36.5171058,140.6195389,,,3,,POINT (140.6195389 36.5171058)
5882067331,36.5165583,140.616881,,,1,,POINT (140.616881 36.5165583)
5882067332,36.5167911,140.61683,,,1,,POINT (140.61683 36.5167911)
5882067333,36.5169073,140.6165837,,,3,,POINT (140.6165837 36.5169073)
5882067334,36.5173524,140.6169408,,,3,,POINT (140.6169408 36.5173524)
5882067335,36.5165284,140.616306,,,3,,POINT (140.616306 36.5165284)
5884974520,36.5357951,140.6283179,,,1,,POINT (140.6283179 36.5357951)
5884974522,36.535285,140.6277924,,,3,,POINT (140.6277924 36.535285)
5884974526,36.5352735,140.6271045,,,3,,POINT (140.6271045 36.5352735)
5884974532,36.537117,140.6265519,,,3,,POINT (140.6265519 36.537117)
5884974534,36.5377464,140.626412,,,3,,POINT (140.626412 36.5377464)
5884974535,36.5374394,140.6264779,,,3,,POINT (140.6264779 36.5374394)
5884974536,36.5373175,140.6255386,,,3,,POINT (140.6255386 36.5373175)
5884974592,36.5270125,140.6207031,,,1,,POINT (140.6207031 36.5270125)
5884974593,36.5270275,140.6204754,,,3,,POINT (140.6204754 36.5270275)
5884974594,36.527339,140.6195041,,,3,,POINT (140.6195041 36.527339)
5884974597,36.5245165,140.6188604,,,1,,POINT (140.6188604 36.5245165)
5884974598,36.5243527,140.6199065,,,1,,POINT (140.6199065 36.5243527)
5884974599,36.5248883,140.6201666,,,1,,POINT (140.6201666 36.5248883)
5884974603,36.5239604,140.6182113,,,1,,POINT (140.6182113 36.5239604)
5884974604,36.5240996,140.6174123,,,3,,POINT (140.6174123 36.5240996)
5884974605,36.5241005,140.6182006,,,1,,POINT (140.6182006 36.5241005)
5884974607,36.5245294,140.6174918,,,3,,POINT (140.6174918 36.5245294)
5884974608,36.5249609,140.6187867,,,3,,POINT (140.6187867 36.5249609)
5884974609,36.5250903,140.6203555,,,3,,POINT (140.6203555 36.5250903)
5884974614,36.526007,140.6198541,,,1,,POINT (140.6198541 36.526007)
5884974615,36.5259757,140.619594,,,1,,POINT (140.619594 36.5259757)
5884974623,36.5262796,140.6187665,,,1,,POINT (140.6187665 36.5262796)
5884974624,36.5264944,140.6182803,,,3,,POINT (140.6182803 36.5264944)
5884974625,36.5267624,140.619067,,,1,,POINT (140.619067 36.5267624)
5884974626,36.5270013,140.6193875,,,3,,POINT (140.6193875 36.5270013)
5884974627,36.5270752,140.6199811,,,3,,POINT (140.6199811 36.5270752)
5884974628,36.5283574,140.6197831,,,1,,POINT (140.6197831 36.5283574)
5884974629,36.5283508,140.6200455,,,3,,POINT (140.6200455 36.5283508)
5884974632,36.527284,140.6205003,,,3,,POINT (140.6205003 36.527284)
5884974633,36.5279176,140.6205517,,,3,,POINT (140.6205517 36.5279176)
5884974634,36.527946,140.6200039,,,3,,POINT (140.6200039 36.527946)
5884974663,36.5258055,140.619885,,,3,,POINT (140.619885 36.5258055)
5884974666,36.5248495,140.6186168,,,1,,POINT (140.6186168 36.5248495)
5887728316,36.5151698,140.6228818,,,3,,POINT (140.6228818 36.5151698)
5887728317,36.5163038,140.6227714,,,3,,POINT (140.6227714 36.5163038)
5887728322,36.515382,140.6219432,,,3,,POINT (140.6219432 36.515382)
5887728323,36.5163259,140.6219269,,,3,,POINT (140.6219269 36.5163259)
5887728325,36.5162112,140.6212395,,,1,,POINT (140.6212395 36.5162112)
5887832021,36.5420554,140.6124714,,,1,,POINT (140.6124714 36.5420554)
5887832024,36.5421976,140.6138822,,,1,,POINT (140.6138822 36.5421976)
5887832026,36.541893,140.6137743,,,3,,POINT (140.6137743 36.541893)
5887832334,36.5264866,140.6160884,,,1,,POINT (140.6160884 36.5264866)
5887832336,36.5263568,140.6164508,,,3,,POINT (140.6164508 36.5263568)
5887832337,36.526382,140.6158,,,1,,POINT (140.6158 36.526382)
5887832343,36.5258562,140.6162144,,,3,,POINT (140.6162144 36.5258562)
5892723057,36.5547451,140.6274791,,,3,,POINT (140.6274791 36.5547451)
5892723061,36.5541761,140.6269324,,,4,,POINT (140.6269324 36.5541761)
5892723062,36.5537156,140.6254837,,,3,,POINT (140.6254837 36.5537156)
5892723063,36.5527066,140.6266036,,,3,,POINT (140.6266036 36.5527066)
5892723066,36.5533956,140.6273544,,,3,,POINT (140.6273544 36.5533956)
5892803160,36.5365332,140.6122112,,,3,,POINT (140.6122112 36.5365332)
5893014739,36.521483,140.6175519,,,3,,POINT (140.6175519 36.521483)
5893014744,36.5214283,140.6167373,,,3,,POINT (140.6167373 36.5214283)
5896659550,36.5391289,140.6062902,,,1,,POINT (140.6062902 36.5391289)
5899655276,36.514062,140.6048807,,,1,,POINT (140.6048807 36.514062)
5899655277,36.5139046,140.6055862,,,1,,POINT (140.6055862 36.5139046)
5899655283,36.5136491,140.6048607,,,3,,POINT (140.6048607 36.5136491)
5901860430,36.4967396,140.6137908,,,3,,POINT (140.6137908 36.4967396)
5901860435,36.4950968,140.6115128,,,3,,POINT (140.6115128 36.4950968)
5901860436,36.4950757,140.6115302,,,3,,POINT (140.6115302 36.4950757)
5901860623,36.492301,140.6141578,,,4,,POINT (140.6141578 36.492301)
5902118105,36.5145511,140.6158091,,,3,,POINT (140.6158091 36.5145511)
5902118108,36.5146722,140.6162591,,,3,,POINT (140.6162591 36.5146722)
5906663357,36.5171003,140.6305088,,,3,,POINT (140.6305088 36.5171003)
5906663361,36.5167332,140.6300086,,,3,,POINT (140.6300086 36.5167332)
5906663363,36.5171468,140.6288047,,,1,,POINT (140.6288047 36.5171468)
5906663364,36.5169375,140.62886,,,3,,POINT (140.62886 36.5169375)
5909218852,36.5451477,140.6177714,,,1,,POINT (140.6177714 36.5451477)
5909234555,36.5229747,140.6193336,,,3,,POINT (140.6193336 36.5229747)
5909261734,36.5921943,140.6573058,,,3,,POINT (140.6573058 36.5921943)
5909660207,36.543644,140.6431482,,,3,,POINT (140.6431482 36.543644)
5909660217,36.5418647,140.6414902,,,3,,POINT (140.6414902 36.5418647)
5909660224,36.5424143,140.641251,,,4,,POINT (140.641251 36.5424143)
5909660239,36.5189543,140.6336039,,,1,,POINT (140.6336039 36.5189543)
5909753189,36.5152968,140.6235279,,,3,,POINT (140.6235279 36.5152968)
5909753193,36.5158083,140.6233854,,,3,,POINT (140.6233854 36.5158083)
5909753991,36.5170227,140.6327724,,,3,,POINT (140.6327724 36.5170227)
5909753994,36.5170199,140.6321734,,,3,,POINT (140.6321734 36.5170199)
5909753995,36.5163148,140.6320872,,,3,,POINT (140.6320872 36.5163148)
5909856896,36.5130504,140.6236319,,,3,,POINT (140.6236319 36.5130504)
5909856897,36.5129559,140.624427,,,3,,POINT (140.624427 36.5129559)
5909967319,36.5038259,140.616602,,,3,,POINT (140.616602 36.5038259)
5910595594,36.5140168,140.617991,,,1,,POINT (140.617991 36.5140168)
5910595597,36.5149679,140.6178467,,,3,,POINT (140.6178467 36.5149679)
5910654955,36.4951121,140.5963133,,,3,,POINT (140.5963133 36.4951121)
5911494913,36.5455064,140.633275,,,3,,POINT (140.633275 36.5455064)
5911494916,36.5481709,140.6319469,,,3,,POINT (140.6319469 36.5481709)
5911757970,36.5482057,140.6114721,,,3,,POINT (140.6114721 36.5482057)
5911757975,36.5485294,140.6106316,,,3,,POINT (140.6106316 36.5485294)
5911758523,36.544502,140.6242288,,,3,,POINT (140.6242288 36.544502)
5911758533,36.5486492,140.6210934,,,3,,POINT (140.6210934 36.5486492)
5911758536,36.5518856,140.6237322,,,3,,POINT (140.6237322 36.5518856)
5911801696,36.5435034,140.6228112,,,3,,POINT (140.6228112 36.5435034)
5916170826,36.5307175,140.6201854,,,3,,POINT (140.6201854 36.5307175)
5916170832,36.5317619,140.6202662,,,3,,POINT (140.6202662 36.5317619)
5916170833,36.5315558,140.6196597,,,1,,POINT (140.6196597 36.5315558)
5916171026,36.5306237,140.6266093,,,3,,POINT (140.6266093 36.5306237)
5918479964,36.5372682,140.6209437,,,3,,POINT (140.6209437 36.5372682)
5918479966,36.5367681,140.6225163,,,3,,POINT (140.6225163 36.5367681)
5918479967,36.5398151,140.6237573,,,3,,POINT (140.6237573 36.5398151)
5918479970,36.5404705,140.623813,,,3,,POINT (140.623813 36.5404705)
5918479971,36.5405232,140.6235369,,,1,,POINT (140.6235369 36.5405232)
5918479989,36.5417936,140.6216365,,,1,,POINT (140.6216365 36.5417936)
5918479990,36.5416341,140.6210786,,,3,,POINT (140.6210786 36.5416341)
5918479994,36.5406848,140.620967,,,3,,POINT (140.620967 36.5406848)
5918479996,36.5433893,140.62822,,,1,,POINT (140.62822 36.5433893)
5918479999,36.5432065,140.6269443,,,4,,POINT (140.6269443 36.5432065)
5918480002,36.5433853,140.6237931,,,3,,POINT (140.6237931 36.5433853)
5918480006,36.5424659,140.6244045,,,1,,POINT (140.6244045 36.5424659)
5918480007,36.5426723,140.6244246,,,3,,POINT (140.6244246 36.5426723)
5918480008,36.5427257,140.6234305,,,3,,POINT (140.6234305 36.5427257)
5918480011,36.5436641,140.6261319,,,3,,POINT (140.6261319 36.5436641)
5920814588,36.5607953,140.6217683,,,3,,POINT (140.6217683 36.5607953)
5920814589,36.5605426,140.6214058,,,4,,POINT (140.6214058 36.5605426)
5920814604,36.562017,140.6263141,,,3,,POINT (140.6263141 36.562017)
5920815363,36.5595817,140.6128013,,,3,,POINT (140.6128013 36.5595817)
5921793561,36.5494498,140.6301158,,,3,,POINT (140.6301158 36.5494498)
5921793563,36.5495779,140.6302008,,,3,,POINT (140.6302008 36.5495779)
5922396162,36.5367115,140.6185953,,,3,,POINT (140.6185953 36.5367115)
5922396165,36.5371384,140.6182569,,,3,,POINT (140.6182569 36.5371384)
5922435467,36.520683,140.6310256,,,3,,POINT (140.6310256 36.520683)
5922435472,36.5210915,140.6311369,,,3,,POINT (140.6311369 36.5210915)
5922436445,36.5208048,140.6286786,,,1,,POINT (140.6286786 36.5208048)
5922436457,36.5207142,140.6280296,,,4,,POINT (140.6280296 36.5207142)
5922436459,36.5209266,140.6279326,,,3,,POINT (140.6279326 36.5209266)
5922485361,36.5965197,140.6539829,,,3,,POINT (140.6539829 36.5965197)
5923266646,36.5238349,140.6233892,,,1,,POINT (140.6233892 36.5238349)
5923270045,36.5229213,140.6230079,,,1,,POINT (140.6230079 36.5229213)
5924008752,36.5517036,140.6087539,,,1,,POINT (140.6087539 36.5517036)
5924008753,36.5521743,140.6090328,,,1,,POINT (140.6090328 36.5521743)
5924008755,36.5525229,140.6091248,,,3,,POINT (140.6091248 36.5525229)
5924008756,36.5525008,140.6093765,,,3,,POINT (140.6093765 36.5525008)
5924008758,36.5526538,140.6089135,,,1,,POINT (140.6089135 36.5526538)
5924008759,36.5527087,140.6094794,,,1,,POINT (140.6094794 36.5527087)
5924008763,36.5521711,140.6093507,,,3,,POINT (140.6093507 36.5521711)
5924008779,36.5509021,140.6094729,,,3,,POINT (140.6094729 36.5509021)
5924008780,36.5507135,140.609698,,,1,,POINT (140.609698 36.5507135)
5924008781,36.5505713,140.6090435,,,1,,POINT (140.6090435 36.5505713)
5924008782,36.5507178,140.6095907,,,3,,POINT (140.6095907 36.5507178)
5924010322,36.544123,140.621945,,,1,,POINT (140.621945 36.544123)
5924010325,36.5437739,140.6214689,,,3,,POINT (140.6214689 36.5437739)
5924010326,36.5429364,140.6211844,,,3,,POINT (140.6211844 36.5429364)
5924010328,36.5427256,140.6222199,,,1,,POINT (140.6222199 36.5427256)
5924010331,36.5430941,140.6216164,,,3,,POINT (140.6216164 36.5430941)
5924010335,36.5434365,140.6228034,,,3,,POINT (140.6228034 36.5434365)
5924010340,36.5437255,140.6218994,,,3,,POINT (140.6218994 36.5437255)
5924010348,36.5436951,140.6204478,,,3,,POINT (140.6204478 36.5436951)
5929055440,36.656171,140.6953316,,,3,,POINT (140.6953316 36.656171)
5929055441,36.6569543,140.6952618,,,3,,POINT (140.6952618 36.6569543)
5929055442,36.6570641,140.6961887,,,3,,POINT (140.6961887 36.6570641)
5929055445,36.6561447,140.694958,,,3,,POINT (140.694958 36.6561447)
5929055446,36.6557636,140.6951351,,,3,,POINT (140.6951351 36.6557636)
5929055447,36.6558701,140.6968607,,,3,,POINT (140.6968607 36.6558701)
5929055448,36.6553386,140.6953577,,,3,,POINT (140.6953577 36.6553386)
5929055449,36.6554632,140.6968966,,,3,,POINT (140.6968966 36.6554632)
5929055450,36.6558117,140.6957862,,,3,,POINT (140.6957862 36.6558117)
5929055451,36.6561947,140.6957473,,,4,,POINT (140.6957473 36.6561947)
5929055452,36.6570038,140.6956762,,,4,,POINT (140.6956762 36.6570038)
5929055453,36.6575326,140.6956234,,,3,,POINT (140.6956234 36.6575326)
5929055461,36.657846,140.6951838,,,3,,POINT (140.6951838 36.657846)
5929055462,36.6585426,140.696056,,,3,,POINT (140.696056 36.6585426)
5929055463,36.6575984,140.6961462,,,4,,POINT (140.6961462 36.6575984)
5929055464,36.6578956,140.6961161,,,3,,POINT (140.6961161 36.6578956)
5929055465,36.657872,140.6957071,,,3,,POINT (140.6957071 36.657872)
5929055466,36.6588089,140.6945142,,,3,,POINT (140.6945142 36.6588089)
5929055467,36.6588733,140.695608,,,3,,POINT (140.695608 36.6588733)
5929055468,36.658508,140.69564,,,4,,POINT (140.69564 36.658508)
5929055469,36.6591482,140.6955811,,,3,,POINT (140.6955811 36.6591482)
5929055470,36.6574813,140.6952177,,,3,,POINT (140.6952177 36.6574813)
5929055471,36.6584617,140.6951263,,,3,,POINT (140.6951263 36.6584617)
5929055472,36.6591482,140.6961174,,,3,,POINT (140.6961174 36.6591482)
5929055478,36.6593825,140.6947428,,,3,,POINT (140.6947428 36.6593825)
5929055479,36.6590642,140.6939681,,,3,,POINT (140.6939681 36.6590642)
5929055481,36.6598709,140.6943351,,,3,,POINT (140.6943351 36.6598709)
5929055482,36.6597805,140.6947964,,,3,,POINT (140.6947964 36.6597805)
5929055484,36.6596912,140.6958161,,,3,,POINT (140.6958161 36.6596912)
5936999331,36.5123062,140.6204255,,,1,,POINT (140.6204255 36.5123062)
5936999334,36.5118204,140.6201361,,,4,,POINT (140.6201361 36.5118204)
5936999339,36.5122619,140.6205636,,,1,,POINT (140.6205636 36.5122619)
5936999341,36.5117576,140.6203274,,,4,,POINT (140.6203274 36.5117576)
5937000897,36.5096773,140.6285659,,,3,,POINT (140.6285659 36.5096773)
5937000898,36.5100604,140.627549,,,3,,POINT (140.627549 36.5100604)
5938007437,36.510936,140.6198906,,,1,,POINT (140.6198906 36.510936)
5938007438,36.5110113,140.6197501,,,1,,POINT (140.6197501 36.5110113)
5938013679,36.5192204,140.6327958,,,1,,POINT (140.6327958 36.5192204)
5938025506,36.5211849,140.632439,,,3,,POINT (140.632439 36.5211849)
5938025512,36.5179297,140.6295996,,,3,,POINT (140.6295996 36.5179297)
5938025516,36.5186653,140.6284863,,,3,,POINT (140.6284863 36.5186653)
5938025517,36.520077,140.6312708,,,3,,POINT (140.6312708 36.520077)
5938025522,36.5199066,140.6326705,,,3,,POINT (140.6326705 36.5199066)
5938025525,36.5201689,140.6320113,,,3,,POINT (140.6320113 36.5201689)
5938025526,36.5202769,140.6313558,,,3,,POINT (140.6313558 36.5202769)
5938025527,36.520522,140.6314601,,,3,,POINT (140.6314601 36.520522)
5938078480,36.5239626,140.6330922,,,1,,POINT (140.6330922 36.5239626)
5938078885,36.5250612,140.6320448,,,3,,POINT (140.6320448 36.5250612)
5938078886,36.523803,140.6332414,,,3,,POINT (140.6332414 36.523803)
5938081368,36.522704,140.6202425,,,3,,POINT (140.6202425 36.522704)
5938081369,36.5231308,140.6200959,,,3,,POINT (140.6200959 36.5231308)
5938081370,36.5225551,140.6196323,,,3,,POINT (140.6196323 36.5225551)
5938081371,36.5219556,140.6196767,,,3,,POINT (140.6196767 36.5219556)
5938102844,36.5456354,140.6112848,,,3,,POINT (140.6112848 36.5456354)
5938445825,36.5447275,140.614585,,,1,,POINT (140.614585 36.5447275)
5938445826,36.5499184,140.6107762,,,1,,POINT (140.6107762 36.5499184)
5938445828,36.5498474,140.6103099,,,3,,POINT (140.6103099 36.5498474)
5938445829,36.5496135,140.6109117,,,1,,POINT (140.6109117 36.5496135)
5938446628,36.5483663,140.6090728,,,3,,POINT (140.6090728 36.5483663)
5938446629,36.5486864,140.6088669,,,3,,POINT (140.6088669 36.5486864)
5938641284,36.5526126,140.6238332,,,3,,POINT (140.6238332 36.5526126)
5938641286,36.552342,140.6236154,,,3,,POINT (140.6236154 36.552342)
5938641287,36.5522727,140.623774,,,3,,POINT (140.623774 36.5522727)
5938641288,36.552685,140.6228301,,,1,,POINT (140.6228301 36.552685)
5938641289,36.5519123,140.6237351,,,3,,POINT (140.6237351 36.5519123)
5938641298,36.5516303,140.6220374,,,3,,POINT (140.6220374 36.5516303)
5938641302,36.5516755,140.6227161,,,3,,POINT (140.6227161 36.5516755)
5938641306,36.5514504,140.6236856,,,3,,POINT (140.6236856 36.5514504)
5938940602,36.5644097,140.6354154,,,3,,POINT (140.6354154 36.5644097)
5948832068,36.5302129,140.6275274,,,3,,POINT (140.6275274 36.5302129)
5948832069,36.5300525,140.6273054,,,1,,POINT (140.6273054 36.5300525)
5948832077,36.5288046,140.6272115,,,1,,POINT (140.6272115 36.5288046)
5948832078,36.5284126,140.6274086,,,3,,POINT (140.6274086 36.5284126)
5948832079,36.5287978,140.6275844,,,3,,POINT (140.6275844 36.5287978)
5948832080,36.5286175,140.6279244,,,3,,POINT (140.6279244 36.5286175)
5948833385,36.5297065,140.6284462,,,3,,POINT (140.6284462 36.5297065)
5948833386,36.5296808,140.6265644,,,1,,POINT (140.6265644 36.5296808)
5948833387,36.5294052,140.6264866,,,3,,POINT (140.6264866 36.5294052)
5948833388,36.529405,140.6263854,,,3,,POINT (140.6263854 36.529405)
5948833393,36.5296915,140.6253909,,,3,,POINT (140.6253909 36.5296915)
5948833403,36.5312026,140.6250862,,,3,,POINT (140.6250862 36.5312026)
5948833406,36.5307821,140.626097,,,3,,POINT (140.626097 36.5307821)
5948833407,36.5296958,140.6222534,,,1,,POINT (140.6222534 36.5296958)
5948833408,36.5301014,140.62304,,,3,,POINT (140.62304 36.5301014)
5948833409,36.5300581,140.6226357,,,3,,POINT (140.6226357 36.5300581)
5948833410,36.5303822,140.622169,,,3,,POINT (140.622169 36.5303822)
5948833412,36.5307498,140.6234041,,,1,,POINT (140.6234041 36.5307498)
5948833413,36.5301799,140.6235268,,,3,,POINT (140.6235268 36.5301799)
5948833586,36.527654,140.623969,,,3,,POINT (140.623969 36.527654)
5948834069,36.5371362,140.6336276,,,3,,POINT (140.6336276 36.5371362)
5948834072,36.5372985,140.63327,,,3,,POINT (140.63327 36.5372985)
5948834301,36.5370781,140.627893,,,3,,POINT (140.627893 36.5370781)
5948834302,36.5371597,140.6285286,,,3,,POINT (140.6285286 36.5371597)
5948834303,36.5368392,140.6286037,,,3,,POINT (140.6286037 36.5368392)
5948834305,36.5373954,140.6278215,,,3,,POINT (140.6278215 36.5373954)
5951531104,36.5346302,140.6267166,,,1,,POINT (140.6267166 36.5346302)
5951531106,36.5348037,140.6266013,,,3,,POINT (140.6266013 36.5348037)
5951531108,36.535435,140.6267461,,,3,,POINT (140.6267461 36.535435)
5951531109,36.5345677,140.6269459,,,1,,POINT (140.6269459 36.5345677)
5951531110,36.5344095,140.6272483,,,3,,POINT (140.6272483 36.5344095)
5951531111,36.5343705,140.6263827,,,1,,POINT (140.6263827 36.5343705)
5951531531,36.5352671,140.6255458,,,1,,POINT (140.6255458 36.5352671)
5951531532,36.5349115,140.6256451,,,1,,POINT (140.6256451 36.5349115)
5951531537,36.5353403,140.6251194,,,3,,POINT (140.6251194 36.5353403)
5951531538,36.535767,140.6252356,,,3,,POINT (140.6252356 36.535767)
5951531599,36.53621,140.6241608,,,3,,POINT (140.6241608 36.53621)
5951531601,36.5364567,140.6243885,,,1,,POINT (140.6243885 36.5364567)
5951531606,36.5362196,140.6246486,,,3,,POINT (140.6246486 36.5362196)
5954492027,36.5247063,140.6316354,,,3,,POINT (140.6316354 36.5247063)
5954492028,36.5249122,140.6310579,,,4,,POINT (140.6310579 36.5249122)
5954492068,36.5318203,140.6278588,,,3,,POINT (140.6278588 36.5318203)
5954492069,36.5320807,140.6280715,,,3,,POINT (140.6280715 36.5320807)
5954492070,36.5316819,140.6282005,,,1,,POINT (140.6282005 36.5316819)
5954492071,36.5315126,140.6281072,,,3,,POINT (140.6281072 36.5315126)
5954492072,36.5321658,140.6258382,,,1,,POINT (140.6258382 36.5321658)
5954492073,36.5319956,140.6258086,,,3,,POINT (140.6258086 36.5319956)
5954492074,36.5321992,140.626215,,,1,,POINT (140.626215 36.5321992)
5954492075,36.5323511,140.6263237,,,1,,POINT (140.6263237 36.5323511)
5954492076,36.5323888,140.62638,,,3,,POINT (140.62638 36.5323888)
5954492077,36.5319602,140.6263374,,,3,,POINT (140.6263374 36.5319602)
5954492078,36.5321259,140.6262754,,,3,,POINT (140.6262754 36.5321259)
5954492079,36.5321862,140.6265141,,,3,,POINT (140.6265141 36.5321862)
5954492080,36.533322,140.6278431,,,1,,POINT (140.6278431 36.533322)
5954492081,36.5329944,140.6276196,,,3,,POINT (140.6276196 36.5329944)
5954492082,36.533335,140.6276366,,,1,,POINT (140.6276366 36.533335)
5954492083,36.5330944,140.6274793,,,3,,POINT (140.6274793 36.5330944)
5954492084,36.53253,140.6275253,,,1,,POINT (140.6275253 36.53253)
5954493385,36.533586,140.627308,,,1,,POINT (140.627308 36.533586)
5954493387,36.5332194,140.6271885,,,3,,POINT (140.6271885 36.5332194)
5954493388,36.5337477,140.6268024,,,1,,POINT (140.6268024 36.5337477)
5957331013,36.5308015,140.6226115,,,1,,POINT (140.6226115 36.5308015)
5957331018,36.5314123,140.6229355,,,3,,POINT (140.6229355 36.5314123)
5957331019,36.5313373,140.6225272,,,3,,POINT (140.6225272 36.5313373)
5957331020,36.531598,140.6224541,,,3,,POINT (140.6224541 36.531598)
5957331875,36.5330677,140.623052,,,1,,POINT (140.623052 36.5330677)
5957331876,36.5330297,140.6228614,,,3,,POINT (140.6228614 36.5330297)
5957331878,36.5334476,140.6224325,,,1,,POINT (140.6224325 36.5334476)
5957331881,36.5331197,140.6225964,,,3,,POINT (140.6225964 36.5331197)
5957331882,36.5332035,140.6222702,,,1,,POINT (140.6222702 36.5332035)
5957331987,36.533173,140.6223949,,,3,,POINT (140.6223949 36.533173)
5960330768,36.5272266,140.6323229,,,3,,POINT (140.6323229 36.5272266)
5960331932,36.5265541,140.6327181,,,3,,POINT (140.6327181 36.5265541)
5960331933,36.5269851,140.6329886,,,3,,POINT (140.6329886 36.5269851)
5960432717,36.5261885,140.6277992,,,3,,POINT (140.6277992 36.5261885)
5960432719,36.5267245,140.6273148,,,3,,POINT (140.6273148 36.5267245)
5960496805,36.537907,140.6346492,,,1,,POINT (140.6346492 36.537907)
5960496807,36.5386497,140.6350661,,,3,,POINT (140.6350661 36.5386497)
5960526867,36.5343425,140.6248847,,,1,,POINT (140.6248847 36.5343425)
5960526868,36.5334033,140.624143,,,3,,POINT (140.624143 36.5334033)
5960526871,36.5341572,140.6237455,,,3,,POINT (140.6237455 36.5341572)
5960527035,36.5418001,140.6191742,,,1,,POINT (140.6191742 36.5418001)
5960527040,36.5412117,140.6189302,,,3,,POINT (140.6189302 36.5412117)
5960527041,36.5409976,140.618941,,,3,,POINT (140.618941 36.5409976)
5960527069,36.5419084,140.615687,,,3,,POINT (140.615687 36.5419084)
5960527070,36.5424412,140.6156463,,,3,,POINT (140.6156463 36.5424412)
5961161417,36.5124602,140.6013548,,,3,,POINT (140.6013548 36.5124602)
5961161420,36.5130328,140.6014934,traffic_signals,,3,,POINT (140.6014934 36.5130328)
5961161422,36.514519,140.600431,,,1,,POINT (140.600431 36.514519)
5961161424,36.513827,140.6005517,,,3,,POINT (140.6005517 36.513827)
5961161428,36.5130766,140.6008279,,,3,,POINT (140.6008279 36.5130766)
5961161429,36.5134289,140.6016354,,,3,,POINT (140.6016354 36.5134289)
5961161430,36.5136696,140.602051,,,1,,POINT (140.602051 36.5136696)
5961161438,36.5148936,140.6048631,,,3,,POINT (140.6048631 36.5148936)
5961161460,36.5142689,140.6016326,,,1,,POINT (140.6016326 36.5142689)
5961161462,36.5139607,140.6017184,,,3,,POINT (140.6017184 36.5139607)
5961161463,36.5135662,140.6016514,,,3,,POINT (140.6016514 36.5135662)
5961161464,36.5130312,140.6015854,,,3,,POINT (140.6015854 36.5130312)
5961161472,36.5093855,140.6023728,,,3,,POINT (140.6023728 36.5093855)
5961161474,36.5098661,140.6028053,,,3,,POINT (140.6028053 36.5098661)
5961161475,36.5093326,140.6031189,,,3,,POINT (140.6031189 36.5093326)
5961161476,36.5080106,140.6032875,,,1,,POINT (140.6032875 36.5080106)
5961161478,36.5078662,140.6029496,,,3,,POINT (140.6029496 36.5078662)
5961161480,36.507795,140.6042343,,,1,,POINT (140.6042343 36.507795)
5961161481,36.5077751,140.6038982,,,3,,POINT (140.6038982 36.5077751)
5961161482,36.5077864,140.604111,,,3,,POINT (140.604111 36.5077864)
5961161483,36.5081977,140.6040894,,,3,,POINT (140.6040894 36.5081977)
5961161484,36.5082045,140.6044611,,,3,,POINT (140.6044611 36.5082045)
5961161485,36.5081937,140.603873,,,3,,POINT (140.603873 36.5081937)
5961161486,36.5075828,140.6039097,,,3,,POINT (140.6039097 36.5075828)
5961161487,36.5083847,140.6038615,,,3,,POINT (140.6038615 36.5083847)
5961161488,36.5064282,140.6037623,,,3,,POINT (140.6037623 36.5064282)
5961161489,36.5062624,140.6025704,,,3,,POINT (140.6025704 36.5062624)
5961161501,36.5002253,140.6034189,,,1,,POINT (140.6034189 36.5002253)
5961161504,36.5004129,140.6039259,,,1,,POINT (140.6039259 36.5004129)
5963193166,36.6404296,140.680818,,,3,,POINT (140.680818 36.6404296)
5963193167,36.6389798,140.6803434,,,1,,POINT (140.6803434 36.6389798)
5963193168,36.6390011,140.6796902,,,4,,POINT (140.6796902 36.6390011)
5963193169,36.6393617,140.6787797,,,3,,POINT (140.6787797 36.6393617)
5963193170,36.6391412,140.6792665,,,3,,POINT (140.6792665 36.6391412)
5963193171,36.6382982,140.6786344,,,3,,POINT (140.6786344 36.6382982)
5963193196,36.6369907,140.675654,,,1,,POINT (140.675654 36.6369907)
5963193202,36.6371603,140.6758397,,,1,,POINT (140.6758397 36.6371603)
5963193237,36.6352711,140.6759387,,,3,,POINT (140.6759387 36.6352711)
5963193239,36.6356133,140.6765436,,,3,,POINT (140.6765436 36.6356133)
5963193352,36.6425522,140.6836786,,,3,,POINT (140.6836786 36.6425522)
5963193353,36.6420922,140.6841695,,,3,,POINT (140.6841695 36.6420922)
5963193354,36.642391,140.6843626,,,3,,POINT (140.6843626 36.642391)
5963217366,36.6266702,140.6882277,,,1,,POINT (140.6882277 36.6266702)
5963217367,36.6265379,140.6883498,,,3,,POINT (140.6883498 36.6265379)
5963236596,36.6134651,140.6780219,,,1,,POINT (140.6780219 36.6134651)
5963236607,36.6133476,140.6773675,,,3,,POINT (140.6773675 36.6133476)
5964003793,36.6014258,140.6477156,,,3,,POINT (140.6477156 36.6014258)
5964003802,36.6009801,140.647912,,,3,,POINT (140.647912 36.6009801)
5964003803,36.6005356,140.6478644,,,3,,POINT (140.6478644 36.6005356)
5964003806,36.600518,140.6494356,,,3,,POINT (140.6494356 36.600518)
5964003807,36.5969993,140.6452302,,,3,,POINT (140.6452302 36.5969993)
5964003810,36.5967664,140.6451489,,,3,,POINT (140.6451489 36.5967664)
5964003816,36.5961389,140.6440569,,,3,,POINT (140.6440569 36.5961389)
5964003818,36.5967189,140.6433909,,,3,,POINT (140.6433909 36.5967189)
5964003819,36.5948738,140.6457238,,,3,,POINT (140.6457238 36.5948738)
5964003822,36.595495,140.6457818,,,3,,POINT (140.6457818 36.595495)
5964003823,36.5955083,140.6454871,,,3,,POINT (140.6454871 36.5955083)
5964003826,36.5963161,140.6459299,,,3,,POINT (140.6459299 36.5963161)
5964003827,36.5940987,140.6414593,,,3,,POINT (140.6414593 36.5940987)
5964003848,36.5928556,140.6413967,,,3,,POINT (140.6413967 36.5928556)
5964003849,36.5930783,140.6407633,,,1,,POINT (140.6407633 36.5930783)
5964003851,36.5931537,140.6413722,,,1,,POINT (140.6413722 36.5931537)
5964003853,36.5930116,140.6412488,,,3,,POINT (140.6412488 36.5930116)
5964003855,36.5927962,140.6407553,,,3,,POINT (140.6407553 36.5927962)
5964003856,36.592947,140.6397119,,,1,,POINT (140.6397119 36.592947)
5964003858,36.5927424,140.6402779,,,3,,POINT (140.6402779 36.5927424)
5964003863,36.5903961,140.6399355,,,3,,POINT (140.6399355 36.5903961)
5964003864,36.5911488,140.6388804,,,3,,POINT (140.6388804 36.5911488)
5964003869,36.5902901,140.6377097,,,3,,POINT (140.6377097 36.5902901)
5964003871,36.5906685,140.6375769,,,3,,POINT (140.6375769 36.5906685)
5964003879,36.5916979,140.6385773,,,3,,POINT (140.6385773 36.5916979)
5964005289,36.5925916,140.6402028,,,3,,POINT (140.6402028 36.5925916)
5964005298,36.5923033,140.6423114,,,3,,POINT (140.6423114 36.5923033)
5964005299,36.5930469,140.6423994,,,3,,POINT (140.6423994 36.5930469)
5964005300,36.5925561,140.6423807,,,3,,POINT (140.6423807 36.5925561)
5964005301,36.5923576,140.6434562,,,3,,POINT (140.6434562 36.5923576)
5964005302,36.5928156,140.6424491,,,3,,POINT (140.6424491 36.5928156)
5964005303,36.5930297,140.6431907,,,3,,POINT (140.6431907 36.5930297)
5964005305,36.5926616,140.6433047,,,3,,POINT (140.6433047 36.5926616)
5964005307,36.5924676,140.6435092,,,3,,POINT (140.6435092 36.5924676)
5964005308,36.5928947,140.643715,,,3,,POINT (140.643715 36.5928947)
5964005317,36.5935004,140.6460151,,,3,,POINT (140.6460151 36.5935004)
5964005318,36.5940714,140.6465903,,,3,,POINT (140.6465903 36.5940714)
5964005322,36.5932571,140.6456637,,,3,,POINT (140.6456637 36.5932571)
5964005326,36.5933924,140.6428297,,,3,,POINT (140.6428297 36.5933924)
5964005330,36.5932054,140.6441563,,,1,,POINT (140.6441563 36.5932054)
5964005335,36.5940194,140.6454492,,,3,,POINT (140.6454492 36.5940194)
5964005338,36.593789,140.6448376,,,3,,POINT (140.6448376 36.593789)
5964005344,36.5930762,140.6445318,,,3,,POINT (140.6445318 36.5930762)
5964005347,36.5926519,140.6453016,,,3,,POINT (140.6453016 36.5926519)
5964005348,36.5926002,140.64502,,,3,,POINT (140.64502 36.5926002)
5964005351,36.5927144,140.6443629,,,3,,POINT (140.6443629 36.5927144)
5964005354,36.5928867,140.6437862,,,3,,POINT (140.6437862 36.5928867)
5964005359,36.5928931,140.6418497,,,3,,POINT (140.6418497 36.5928931)
5964005368,36.5916764,140.642311,,,3,,POINT (140.642311 36.5916764)
5964005375,36.5954818,140.6463353,,,3,,POINT (140.6463353 36.5954818)
5964005379,36.5955678,140.6452346,,,3,,POINT (140.6452346 36.5955678)
5964005582,36.5950974,140.6519141,,,3,,POINT (140.6519141 36.5950974)
5964005584,36.5947494,140.6524484,,,3,,POINT (140.6524484 36.5947494)
5964070634,36.6118766,140.6548963,,,3,,POINT (140.6548963 36.6118766)
5964070637,36.6119432,140.6551099,,,3,,POINT (140.6551099 36.6119432)
5964070817,36.6073218,140.660243,,,3,yes,POINT (140.660243 36.6073218)
5964559885,36.509897,140.5767672,,,3,,POINT (140.5767672 36.509897)
5964559928,36.5009304,140.567539,,,3,,POINT (140.567539 36.5009304)
5964559929,36.5009757,140.5667505,,,3,,POINT (140.5667505 36.5009757)
5966386825,36.4978317,140.6110605,,,3,,POINT (140.6110605 36.4978317)
5966386827,36.4955377,140.6191471,,,3,,POINT (140.6191471 36.4955377)
5966386829,36.4960031,140.61883,,,3,,POINT (140.61883 36.4960031)
5966386830,36.4953155,140.6188605,,,3,,POINT (140.6188605 36.4953155)
5966386832,36.4950541,140.6185234,,,3,,POINT (140.6185234 36.4950541)
5966386834,36.4958185,140.6179695,,,3,,POINT (140.6179695 36.4958185)
5966386835,36.4948446,140.613382,,,1,,POINT (140.613382 36.4948446)
5966386836,36.4941209,140.6132873,,,3,,POINT (140.6132873 36.4941209)
5966386839,36.4945567,140.613724,,,3,,POINT (140.613724 36.4945567)
5966386854,36.4958978,140.6143694,,,4,,POINT (140.6143694 36.4958978)
5966386856,36.4953998,140.6144777,,,3,,POINT (140.6144777 36.4953998)
5966386858,36.4949882,140.614747,,,4,,POINT (140.614747 36.4949882)
5966386860,36.4947033,140.6151322,,,3,,POINT (140.6151322 36.4947033)
5966386861,36.4940163,140.6145706,,,4,,POINT (140.6145706 36.4940163)
5966386863,36.4932438,140.6141487,,,4,,POINT (140.6141487 36.4932438)
5966386864,36.4924113,140.613757,,,3,,POINT (140.613757 36.4924113)
5966540366,36.5140512,140.5965793,,,1,,POINT (140.5965793 36.5140512)
5966540367,36.5138486,140.5962735,,,1,,POINT (140.5962735 36.5138486)
5966540368,36.5137235,140.5961233,,,1,,POINT (140.5961233 36.5137235)
5966540370,36.5140809,140.5958691,,,3,,POINT (140.5958691 36.5140809)
5966540380,36.5136222,140.5952945,,,1,,POINT (140.5952945 36.5136222)
5966540382,36.5142344,140.5960616,,,3,,POINT (140.5960616 36.5142344)
5966540384,36.5144371,140.5963755,,,3,,POINT (140.5963755 36.5144371)
5966540390,36.5105632,140.5960496,,,1,,POINT (140.5960496 36.5105632)
5966540397,36.5106807,140.5966517,,,3,,POINT (140.5966517 36.5106807)
5966540405,36.5081702,140.5976669,,,1,,POINT (140.5976669 36.5081702)
5966540410,36.509247,140.5972271,,,1,,POINT (140.5972271 36.509247)
5966540412,36.5092018,140.597561,,,3,,POINT (140.597561 36.5092018)
5966540453,36.5057751,140.5998533,,,3,,POINT (140.5998533 36.5057751)
5966540461,36.5045192,140.5998828,,,3,,POINT (140.5998828 36.5045192)
5966540462,36.5049718,140.6002472,,,1,,POINT (140.6002472 36.5049718)
5966540463,36.5052133,140.6006576,,,1,,POINT (140.6006576 36.5052133)
5966540464,36.5054172,140.6009417,,,3,,POINT (140.6009417 36.5054172)
5966540465,36.5044706,140.6012745,,,1,,POINT (140.6012745 36.5044706)
5966540467,36.505008,140.6015022,,,3,,POINT (140.6015022 36.505008)
5966540468,36.5043045,140.6002836,,,3,,POINT (140.6002836 36.5043045)
5966540474,36.502362,140.6004658,,,1,,POINT (140.6004658 36.502362)
5966540479,36.5050229,140.5983542,,,3,,POINT (140.5983542 36.5050229)
5966540587,36.5070424,140.6012789,,,3,,POINT (140.6012789 36.5070424)
5966540588,36.5072873,140.6002459,,,1,,POINT (140.6002459 36.5072873)
5966540589,36.5062047,140.6010833,,,3,,POINT (140.6010833 36.5062047)
5966540590,36.506562,140.6009031,,,3,,POINT (140.6009031 36.506562)
5966540591,36.5064788,140.6006773,,,3,,POINT (140.6006773 36.5064788)
5966540592,36.5067498,140.6014311,,,3,,POINT (140.6014311 36.5067498)
5966540593,36.5066565,140.6014859,,,3,,POINT (140.6014859 36.5066565)
5966540594,36.5068962,140.6021913,,,3,,POINT (140.6021913 36.5068962)
5966540595,36.5068754,140.6013666,,,3,,POINT (140.6013666 36.5068754)
5966540596,36.5071133,140.6020747,,,3,,POINT (140.6020747 36.5071133)
5966540597,36.507093,140.6012523,,,3,,POINT (140.6012523 36.507093)
5966540598,36.507341,140.6019524,,,3,,POINT (140.6019524 36.507341)
5966540599,36.5073087,140.6011304,,,3,,POINT (140.6011304 36.5073087)
5966540601,36.5066478,140.6023217,,,3,,POINT (140.6023217 36.5066478)
5966540664,36.4956304,140.5872094,,,3,,POINT (140.5872094 36.4956304)
5966540677,36.4965944,140.5870655,,,1,,POINT (140.5870655 36.4965944)
5966540809,36.5093552,140.5932042,,,4,,POINT (140.5932042 36.5093552)
5966540816,36.5115547,140.5884061,,,4,,POINT (140.5884061 36.5115547)
5966540826,36.4946302,140.6106176,,,4,,POINT (140.6106176 36.4946302)
5966561713,36.4841392,140.6138763,,,3,,POINT (140.6138763 36.4841392)
5966561715,36.4839754,140.6139258,,,3,,POINT (140.6139258 36.4839754)
5966561716,36.483415,140.6158821,,,3,,POINT (140.6158821 36.483415)
5966561719,36.4837909,140.6141711,,,3,,POINT (140.6141711 36.4837909)
5966561722,36.4841003,140.6125438,,,3,,POINT (140.6125438 36.4841003)
5966561724,36.4839946,140.6133726,,,4,,POINT (140.6133726 36.4839946)
5966561725,36.4839062,140.6135792,,,3,,POINT (140.6135792 36.4839062)
5966561727,36.4827028,140.6188658,,,1,,POINT (140.6188658 36.4827028)
5966561730,36.4834447,140.6222695,,,1,,POINT (140.6222695 36.4834447)
5966561736,36.4838243,140.6143838,,,3,,POINT (140.6143838 36.4838243)
5966561744,36.4839623,140.6140029,,,3,,POINT (140.6140029 36.4839623)
5972245976,36.5953881,140.6683082,,,3,,POINT (140.6683082 36.5953881)
5972245977,36.5955024,140.6681406,,,3,,POINT (140.6681406 36.5955024)
5972246034,36.5420679,140.6340184,,,3,,POINT (140.6340184 36.5420679)
5972246037,36.5415727,140.6336716,,,3,,POINT (140.6336716 36.5415727)
5972246038,36.5418804,140.632873,,,3,,POINT (140.632873 36.5418804)
5972246039,36.5428197,140.6378626,,,3,,POINT (140.6378626 36.5428197)
5972246046,36.5467411,140.6401053,,,3,,POINT (140.6401053 36.5467411)
5972246050,36.5456452,140.6400541,,,3,,POINT (140.6400541 36.5456452)
5972246051,36.5446942,140.6413728,,,3,,POINT (140.6413728 36.5446942)
5972246053,36.5457176,140.6404831,,,1,,POINT (140.6404831 36.5457176)
5972246063,36.5457451,140.6402765,,,1,,POINT (140.6402765 36.5457451)
5972246064,36.5461959,140.6408117,,,3,,POINT (140.6408117 36.5461959)
5972246065,36.5455327,140.6415032,,,3,,POINT (140.6415032 36.5455327)
5972246069,36.5472355,140.6434261,,,3,,POINT (140.6434261 36.5472355)
5972246072,36.5482345,140.6432779,,,1,,POINT (140.6432779 36.5482345)
5972246078,36.5477033,140.6433034,,,3,,POINT (140.6433034 36.5477033)
5972246080,36.5471314,140.6422144,,,3,,POINT (140.6422144 36.5471314)
5972246081,36.5473973,140.6424468,,,3,,POINT (140.6424468 36.5473973)
5972246082,36.5457014,140.6432671,,,3,,POINT (140.6432671 36.5457014)
5972246099,36.5461972,140.6443698,,,3,,POINT (140.6443698 36.5461972)
5972246100,36.5459267,140.6439109,,,1,,POINT (140.6439109 36.5459267)
5972246101,36.5458717,140.6439713,,,4,,POINT (140.6439713 36.5458717)
5972246106,36.5439547,140.6454549,,,3,,POINT (140.6454549 36.5439547)
5972246110,36.5444754,140.6445211,,,3,,POINT (140.6445211 36.5444754)
5972246113,36.5445379,140.6442466,,,3,,POINT (140.6442466 36.5445379)
5972354491,36.6777918,140.6684543,,,3,,POINT (140.6684543 36.6777918)
5972354496,36.6772536,140.6660276,,,3,,POINT (140.6660276 36.6772536)
5972354550,36.6715126,140.6542978,,,1,,POINT (140.6542978 36.6715126)
5972354551,36.6711697,140.6542718,,,3,,POINT (140.6542718 36.6711697)
5975489555,36.5149555,140.6194974,,,1,,POINT (140.6194974 36.5149555)
5975489558,36.5155517,140.6193198,,,3,,POINT (140.6193198 36.5155517)
5975489582,36.5429777,140.6103109,,,1,,POINT (140.6103109 36.5429777)
5979657961,36.6126415,140.663797,,,1,,POINT (140.663797 36.6126415)
5979681070,36.6100512,140.667875,,,3,,POINT (140.667875 36.6100512)
5981189042,36.5666205,140.6262023,,,3,,POINT (140.6262023 36.5666205)
5981189045,36.5663399,140.6265088,,,3,,POINT (140.6265088 36.5663399)
5981189054,36.5710819,140.6215178,,,3,,POINT (140.6215178 36.5710819)
5981189059,36.5719012,140.6208426,,,3,,POINT (140.6208426 36.5719012)
5981189060,36.5718956,140.6203356,,,1,,POINT (140.6203356 36.5718956)
5981189073,36.5710619,140.6222427,,,3,,POINT (140.6222427 36.5710619)
5981189077,36.5709348,140.6213495,,,3,,POINT (140.6213495 36.5709348)
5981189080,36.5714018,140.6202493,,,3,,POINT (140.6202493 36.5714018)
5981189083,36.5651444,140.617769,,,3,,POINT (140.617769 36.5651444)
5981189199,36.566906,140.6099379,,,3,,POINT (140.6099379 36.566906)
5981189209,36.5633722,140.6285409,,,3,,POINT (140.6285409 36.5633722)
5981189210,36.5683075,140.6227959,,,3,,POINT (140.6227959 36.5683075)
5981189212,36.5690416,140.6217607,,,3,,POINT (140.6217607 36.5690416)
5981189215,36.5672975,140.6255887,,,1,,POINT (140.6255887 36.5672975)
5981189216,36.5671034,140.6257266,,,3,,POINT (140.6257266 36.5671034)
5981189218,36.5654131,140.626216,,,3,,POINT (140.626216 36.5654131)
5981189226,36.5634176,140.6233343,,,3,,POINT (140.6233343 36.5634176)
5981189228,36.5622327,140.6231239,,,3,,POINT (140.6231239 36.5622327)
5981189232,36.5623587,140.6221529,,,3,,POINT (140.6221529 36.5623587)
5981189233,36.5626164,140.6227095,,,3,,POINT (140.6227095 36.5626164)
5981189236,36.5632517,140.6219181,,,1,,POINT (140.6219181 36.5632517)
5981189239,36.5630199,140.6227865,,,3,,POINT (140.6227865 36.5630199)
5981189256,36.5636557,140.6207554,,,1,,POINT (140.6207554 36.5636557)
5981189271,36.5625979,140.6196892,,,1,,POINT (140.6196892 36.5625979)
5981189305,36.5621433,140.6214112,,,3,,POINT (140.6214112 36.5621433)
5981189306,36.5621299,140.6216865,,,3,,POINT (140.6216865 36.5621299)
5981189351,36.5587835,140.6187612,,,1,,POINT (140.6187612 36.5587835)
5981189357,36.5591666,140.6195033,,,3,,POINT (140.6195033 36.5591666)
5981189377,36.5598723,140.6168916,,,3,,POINT (140.6168916 36.5598723)
5981189403,36.5572112,140.6185905,,,3,,POINT (140.6185905 36.5572112)
5981189405,36.5558049,140.6217411,,,1,,POINT (140.6217411 36.5558049)
5981189409,36.5535253,140.6209163,,,1,,POINT (140.6209163 36.5535253)
5981189410,36.553791,140.6209706,,,3,,POINT (140.6209706 36.553791)
5981189411,36.55327,140.6200312,,,1,,POINT (140.6200312 36.55327)
5981189412,36.5530741,140.6199999,,,3,,POINT (140.6199999 36.5530741)
5981189413,36.5527098,140.6208774,,,1,,POINT (140.6208774 36.5527098)
5981189415,36.5530531,140.6204322,,,3,,POINT (140.6204322 36.5530531)
5981189416,36.5526403,140.6203758,,,3,,POINT (140.6203758 36.5526403)
5981189422,36.553107,140.6197791,,,3,,POINT (140.6197791 36.553107)
5981189423,36.5508809,140.6224025,,,3,,POINT (140.6224025 36.5508809)
5981189429,36.5505407,140.6235882,,,3,,POINT (140.6235882 36.5505407)
5981189430,36.5505993,140.620223,,,1,,POINT (140.620223 36.5505993)
5981189431,36.5513724,140.6201747,,,3,,POINT (140.6201747 36.5513724)
5981189432,36.5484887,140.6199843,,,1,,POINT (140.6199843 36.5484887)
5981189433,36.5485102,140.6195418,,,3,,POINT (140.6195418 36.5485102)
5981189434,36.548212,140.6192307,,,3,,POINT (140.6192307 36.548212)
5981189437,36.5485545,140.6195393,,,3,,POINT (140.6195393 36.5485545)
5981228378,36.6100744,140.6669772,,,3,,POINT (140.6669772 36.6100744)
5981228382,36.6116966,140.6660928,,,3,,POINT (140.6660928 36.6116966)
5981228383,36.6115263,140.666158,,,3,,POINT (140.666158 36.6115263)
5981228384,36.6173167,140.6662148,,,1,,POINT (140.6662148 36.6173167)
5981230788,36.6165018,140.667146,,,3,,POINT (140.667146 36.6165018)
5981230789,36.6180575,140.662269,,,3,,POINT (140.662269 36.6180575)
5981230791,36.6186862,140.6622064,,,3,,POINT (140.6622064 36.6186862)
5981230792,36.6190475,140.6623927,,,1,,POINT (140.6623927 36.6190475)
5981230793,36.6181369,140.6619233,,,1,,POINT (140.6619233 36.6181369)
5981230794,36.6170122,140.6629074,,,3,,POINT (140.6629074 36.6170122)
5981230799,36.6046886,140.6729634,,,3,,POINT (140.6729634 36.6046886)
5981230846,36.5927424,140.6555453,,,3,,POINT (140.6555453 36.5927424)
5983191746,36.5374846,140.6272694,,,3,,POINT (140.6272694 36.5374846)
5983191748,36.5381731,140.6272098,,,3,,POINT (140.6272098 36.5381731)
5983191751,36.5376501,140.6285666,,,3,,POINT (140.6285666 36.5376501)
5983191753,36.5376425,140.6283853,,,3,,POINT (140.6283853 36.5376425)
5983191754,36.5379437,140.6283849,,,3,,POINT (140.6283849 36.5379437)
5983191755,36.537939,140.6278586,,,3,,POINT (140.6278586 36.537939)
5983191756,36.5403154,140.6326204,,,3,,POINT (140.6326204 36.5403154)
5983191758,36.5407811,140.6304084,,,3,,POINT (140.6304084 36.5407811)
5983191763,36.5397192,140.6307831,,,3,,POINT (140.6307831 36.5397192)
5983191767,36.5404184,140.6302245,,,3,,POINT (140.6302245 36.5404184)
5983192250,36.5371377,140.6324726,,,1,,POINT (140.6324726 36.5371377)
5983192251,36.5368554,140.6323385,,,1,,POINT (140.6323385 36.5368554)
5983192252,36.5367863,140.6325417,,,3,,POINT (140.6325417 36.5367863)
5983192253,36.5369631,140.6319791,,,1,,POINT (140.6319791 36.5369631)
5983192254,36.5371712,140.6316181,,,3,,POINT (140.6316181 36.5371712)
5983192255,36.5367131,140.6318597,,,1,,POINT (140.6318597 36.5367131)
5983192256,36.5369607,140.6314365,,,3,,POINT (140.6314365 36.5369607)
5983192258,36.5369543,140.6292849,,,3,,POINT (140.6292849 36.5369543)
5983192261,36.5370952,140.6302769,,,3,,POINT (140.6302769 36.5370952)
5983192262,36.537244,140.6303886,,,3,,POINT (140.6303886 36.537244)
5985451703,36.5810796,140.6523886,,,3,,POINT (140.6523886 36.5810796)
5986750258,36.5471169,140.639604,,,3,,POINT (140.639604 36.5471169)
5986750264,36.5574917,140.6274043,,,3,,POINT (140.6274043 36.5574917)
5986750284,36.6715769,140.6856132,,,3,,POINT (140.6856132 36.6715769)
5986751300,36.6811411,140.6898162,,,3,,POINT (140.6898162 36.6811411)
5986751308,36.680733,140.6923851,,,4,,POINT (140.6923851 36.680733)
5986751312,36.6807637,140.6892941,,,4,yes,POINT (140.6892941 36.6807637)
5986751316,36.6802155,140.6895387,,,3,,POINT (140.6895387 36.6802155)
5986751318,36.679964,140.6894894,,,3,,POINT (140.6894894 36.679964)
5987717376,36.5076653,140.5831566,,,3,,POINT (140.5831566 36.5076653)
5987717380,36.5074427,140.5827316,,,3,,POINT (140.5827316 36.5074427)
5987769386,36.5299352,140.6289544,,,1,,POINT (140.6289544 36.5299352)
5995750707,36.5878773,140.6582084,,,3,,POINT (140.6582084 36.5878773)
5995750708,36.5882721,140.658608,,,3,,POINT (140.658608 36.5882721)
5995750709,36.5873164,140.6589616,,,3,,POINT (140.6589616 36.5873164)
5995750710,36.5877624,140.6594201,,,3,,POINT (140.6594201 36.5877624)
5998111458,36.5879583,140.6389275,,,3,,POINT (140.6389275 36.5879583)
5998111462,36.5879784,140.6399461,,,3,,POINT (140.6399461 36.5879784)
5998111463,36.5853495,140.6409752,,,3,,POINT (140.6409752 36.5853495)
5998111471,36.5852288,140.6424426,,,3,,POINT (140.6424426 36.5852288)
5999305541,36.5496309,140.6236476,,,3,,POINT (140.6236476 36.5496309)
5999305542,36.5498893,140.6237648,,,1,,POINT (140.6237648 36.5498893)
5999305543,36.5493862,140.6174697,,,1,,POINT (140.6174697 36.5493862)
5999305544,36.5494054,140.6171412,,,3,,POINT (140.6171412 36.5494054)
5999305545,36.5494045,140.6176507,,,1,,POINT (140.6176507 36.5494045)
5999305546,36.5499382,140.617596,,,3,,POINT (140.617596 36.5499382)
5999305547,36.5508083,140.6211658,,,1,,POINT (140.6211658 36.5508083)
5999305548,36.5504113,140.6209806,,,3,,POINT (140.6209806 36.5504113)
5999305549,36.5502513,140.6223392,,,1,,POINT (140.6223392 36.5502513)
5999305550,36.5501822,140.6227675,,,3,,POINT (140.6227675 36.5501822)
5999305551,36.5489357,140.6227033,,,3,,POINT (140.6227033 36.5489357)
5999305552,36.549105,140.6227899,,,1,,POINT (140.6227899 36.549105)
5999305553,36.5494831,140.6230018,,,1,,POINT (140.6230018 36.5494831)
5999305554,36.5496129,140.6225792,,,3,,POINT (140.6225792 36.5496129)
5999305555,36.549147,140.6219825,,,1,,POINT (140.6219825 36.549147)
5999305557,36.5494262,140.6216755,,,3,,POINT (140.6216755 36.5494262)
5999305558,36.5494842,140.6210974,,,1,,POINT (140.6210974 36.5494842)
5999305559,36.5502917,140.6213073,,,3,,POINT (140.6213073 36.5502917)
5999305560,36.5497169,140.6214648,,,1,,POINT (140.6214648 36.5497169)
5999305561,36.5501827,140.621614,,,3,,POINT (140.621614 36.5501827)
5999305562,36.549342,140.6201707,,,1,,POINT (140.6201707 36.549342)
5999305563,36.5491308,140.6212489,,,1,,POINT (140.6212489 36.5491308)
5999305564,36.5483993,140.621029,,,1,,POINT (140.621029 36.5483993)
5999305565,36.5486428,140.6211249,,,3,,POINT (140.6211249 36.5486428)
5999305668,36.5480545,140.6219248,,,1,,POINT (140.6219248 36.5480545)
5999305669,36.5484155,140.62206,,,3,,POINT (140.62206 36.5484155)
5999305806,36.546767,140.6202216,,,1,,POINT (140.6202216 36.546767)
5999305807,36.5471435,140.6202072,,,3,,POINT (140.6202072 36.5471435)
6002209140,36.5891838,140.6522463,,,1,,POINT (140.6522463 36.5891838)
6004709448,36.5351821,140.6328401,,,3,,POINT (140.6328401 36.5351821)
6004709451,36.5344934,140.6324297,,,1,,POINT (140.6324297 36.5344934)
6004709454,36.5359093,140.6277332,,,1,,POINT (140.6277332 36.5359093)
6004709458,36.5359567,140.6275937,,,3,,POINT (140.6275937 36.5359567)
6004709459,36.5362098,140.626818,,,3,,POINT (140.626818 36.5362098)
6004709460,36.5361054,140.6272691,,,3,,POINT (140.6272691 36.5361054)
6004709461,36.535327,140.6269995,,,3,,POINT (140.6269995 36.535327)
6004709462,36.541674,140.6243134,,,1,,POINT (140.6243134 36.541674)
6004709463,36.5420407,140.6230117,,,3,,POINT (140.6230117 36.5420407)
6010844669,36.6494599,140.6746739,,,4,yes,POINT (140.6746739 36.6494599)
6010844676,36.6598249,140.6672632,,,3,,POINT (140.6672632 36.6598249)
6010844677,36.6600092,140.6683702,,,3,,POINT (140.6683702 36.6600092)
6019692485,36.5145769,140.620085,,,3,,POINT (140.620085 36.5145769)
6019995426,36.4892614,140.6120338,,,3,,POINT (140.6120338 36.4892614)
6049378018,36.6078338,140.6469775,,,3,,POINT (140.6469775 36.6078338)
6049378019,36.6076144,140.6471264,,,3,,POINT (140.6471264 36.6076144)
6049378021,36.6077229,140.647463,,,1,,POINT (140.647463 36.6077229)
6052216275,36.5660769,140.6467164,traffic_signals,,3,,POINT (140.6467164 36.5660769)
6052216277,36.5665001,140.6464644,,,1,,POINT (140.6464644 36.5665001)
6052216278,36.5661405,140.6465453,,,3,,POINT (140.6465453 36.5661405)
6052216280,36.5659359,140.6463158,,,1,,POINT (140.6463158 36.5659359)
6052304233,36.5909686,140.6607626,,,1,,POINT (140.6607626 36.5909686)
6052304236,36.5914162,140.6587333,,,1,,POINT (140.6587333 36.5914162)
6052304238,36.5920786,140.6572394,,,1,,POINT (140.6572394 36.5920786)
6052304239,36.5926377,140.6598389,,,4,,POINT (140.6598389 36.5926377)
6052313105,36.5950767,140.6554963,,,4,yes,POINT (140.6554963 36.5950767)
6052313106,36.595523,140.6545657,,,4,yes,POINT (140.6545657 36.595523)
6052313107,36.5933232,140.6580796,,,4,,POINT (140.6580796 36.5933232)
6052313108,36.5930024,140.6589016,,,3,,POINT (140.6589016 36.5930024)
6052313109,36.5930516,140.6587767,,,3,,POINT (140.6587767 36.5930516)
6052313110,36.5933914,140.658138,,,3,,POINT (140.658138 36.5933914)
6052395036,36.6294986,140.6840841,traffic_signals,,3,,POINT (140.6840841 36.6294986)
6052395060,36.6299247,140.6842961,,,3,,POINT (140.6842961 36.6299247)
6052395061,36.630072,140.6838202,,,1,,POINT (140.6838202 36.630072)
6052395068,36.6301639,140.6899573,,,3,,POINT (140.6899573 36.6301639)
6052395101,36.6409967,140.6836099,,,1,,POINT (140.6836099 36.6409967)
6052395102,36.6414162,140.6843517,,,1,,POINT (140.6843517 36.6414162)
6052395114,36.6455381,140.6894405,,,4,,POINT (140.6894405 36.6455381)
6052395117,36.6463415,140.6905874,,,1,,POINT (140.6905874 36.6463415)
6052395122,36.6461087,140.6896585,,,3,,POINT (140.6896585 36.6461087)
6052395127,36.6472024,140.6888607,,,1,,POINT (140.6888607 36.6472024)
6052490017,36.5869833,140.6442096,,,3,,POINT (140.6442096 36.5869833)
6052490024,36.585295,140.6462054,,,3,,POINT (140.6462054 36.585295)
6052536887,36.5921758,140.657358,,,1,,POINT (140.657358 36.5921758)
6052587615,36.6185941,140.6763989,,,4,yes,POINT (140.6763989 36.6185941)
6052587616,36.6187151,140.6762125,,,3,yes,POINT (140.6762125 36.6187151)
6054491132,36.6156546,140.6732275,,,4,,POINT (140.6732275 36.6156546)
6054491138,36.6149247,140.6730626,,,3,,POINT (140.6730626 36.6149247)
6054491140,36.6147616,140.6733405,,,1,,POINT (140.6733405 36.6147616)
6054491146,36.6156155,140.67208,,,1,,POINT (140.67208 36.6156155)
6054491152,36.6159078,140.6732758,,,1,,POINT (140.6732758 36.6159078)
6054491153,36.6160376,140.6734024,,,3,,POINT (140.6734024 36.6160376)
6054491155,36.6161885,140.6729016,,,1,,POINT (140.6729016 36.6161885)
6054491159,36.6158969,140.674179,,,1,,POINT (140.674179 36.6158969)
6054491161,36.6155249,140.6742432,,,3,,POINT (140.6742432 36.6155249)
6054491165,36.6142568,140.6736063,,,1,,POINT (140.6736063 36.6142568)
6054491166,36.6194019,140.6826545,traffic_signals,,3,,POINT (140.6826545 36.6194019)
6054491167,36.6243944,140.684424,traffic_signals,,4,,POINT (140.684424 36.6243944)
6054495087,36.6208776,140.6850565,,,3,,POINT (140.6850565 36.6208776)
6059391665,36.6285628,140.6630995,,,3,,POINT (140.6630995 36.6285628)
6059391666,36.6281946,140.6632646,,,3,,POINT (140.6632646 36.6281946)
6060137982,36.6029707,140.6388539,,,3,,POINT (140.6388539 36.6029707)
6070492796,36.621512,140.6787364,,,4,yes,POINT (140.6787364 36.621512)
6070506122,36.5911387,140.6477627,,,3,,POINT (140.6477627 36.5911387)
6072814454,36.5128715,140.604159,,,3,,POINT (140.604159 36.5128715)
6096924533,36.5354018,140.6309745,,,1,,POINT (140.6309745 36.5354018)
6139232235,36.5986385,140.6683093,traffic_signals,,4,,POINT (140.6683093 36.5986385)
6377342861,36.6522051,140.6750628,,,3,,POINT (140.6750628 36.6522051)
6377342863,36.6522093,140.6747349,,,3,,POINT (140.6747349 36.6522093)
6377342866,36.6519798,140.6732294,,,3,,POINT (140.6732294 36.6519798)
6377343287,36.6556806,140.6694933,,,1,,POINT (140.6694933 36.6556806)
6377343297,36.6528771,140.6722394,,,1,,POINT (140.6722394 36.6528771)
6377343324,36.644343,140.6925443,,,3,,POINT (140.6925443 36.644343)
6377343388,36.6265563,140.6825812,,,4,yes,POINT (140.6825812 36.6265563)
6378356508,36.6061868,140.6673032,,,1,,POINT (140.6673032 36.6061868)
6379956178,36.6267479,140.686155,,,3,,POINT (140.686155 36.6267479)
6379956181,36.6574373,140.7102375,,,1,,POINT (140.7102375 36.6574373)
6379956189,36.6587252,140.6869212,,,3,,POINT (140.6869212 36.6587252)
6379956192,36.6595896,140.6835273,,,3,,POINT (140.6835273 36.6595896)
6379956194,36.6593554,140.6842547,,,3,,POINT (140.6842547 36.6593554)
6379956198,36.6587588,140.6877453,,,3,,POINT (140.6877453 36.6587588)
6379956199,36.6560263,140.6871741,,,4,,POINT (140.6871741 36.6560263)
6379956200,36.6556941,140.6870092,,,3,,POINT (140.6870092 36.6556941)
6379956227,36.6567739,140.6903217,,,3,,POINT (140.6903217 36.6567739)
6379956234,36.6556441,140.6898208,,,3,,POINT (140.6898208 36.6556441)
6379956235,36.6561585,140.6889013,,,4,,POINT (140.6889013 36.6561585)
6379956242,36.6551672,140.6895793,,,3,,POINT (140.6895793 36.6551672)
6379956268,36.6286997,140.676136,,,1,,POINT (140.676136 36.6286997)
6379956270,36.6286775,140.6736046,,,3,,POINT (140.6736046 36.6286775)
6379956272,36.6262314,140.6732949,,,1,,POINT (140.6732949 36.6262314)
6381968802,36.5962028,140.6529958,,,4,yes,POINT (140.6529958 36.5962028)
6381968803,36.5962741,140.6530382,,,3,yes,POINT (140.6530382 36.5962741)
6381968840,36.6196631,140.6751567,,,1,,POINT (140.6751567 36.6196631)
6381968850,36.6189401,140.67643,,,3,,POINT (140.67643 36.6189401)
6382685914,36.631399,140.6850278,,,3,,POINT (140.6850278 36.631399)
6382981353,36.5435136,140.6360876,,,1,,POINT (140.6360876 36.5435136)
6382982917,36.5707829,140.6507221,,,3,,POINT (140.6507221 36.5707829)
6382982918,36.5707141,140.6516589,,,1,,POINT (140.6516589 36.5707141)
6387636764,36.6017405,140.6434644,,,3,,POINT (140.6434644 36.6017405)
6387638453,36.6045341,140.6394467,,,1,,POINT (140.6394467 36.6045341)
6388530305,36.6555714,140.700107,,,3,,POINT (140.700107 36.6555714)
6426657075,36.4950908,140.6108854,,,1,,POINT (140.6108854 36.4950908)
6426657081,36.495705,140.6123931,,,3,,POINT (140.6123931 36.495705)
6426660286,36.494153,140.610802,,,3,,POINT (140.610802 36.494153)
6426660287,36.4939425,140.6106005,,,1,,POINT (140.6106005 36.4939425)
6457847706,36.5951324,140.6555835,,,3,yes,POINT (140.6555835 36.5951324)
6457847708,36.595295,140.6550996,,,3,,POINT (140.6550996 36.595295)
6457847744,36.5966406,140.6519903,,,3,,POINT (140.6519903 36.5966406)
6457847754,36.5634875,140.6453515,,,3,,POINT (140.6453515 36.5634875)
6467846239,36.6341037,140.5482143,,,3,,POINT (140.5482143 36.6341037)
6549874453,36.6782852,140.6942282,,,3,,POINT (140.6942282 36.6782852)
6549874454,36.6783872,140.6940599,,,4,,POINT (140.6940599 36.6783872)
6549874465,36.6794307,140.6925186,,,3,yes,POINT (140.6925186 36.6794307)
6549874467,36.6795575,140.6918913,,,3,yes,POINT (140.6918913 36.6795575)
6659079071,36.6818531,140.6835954,,,3,,POINT (140.6835954 36.6818531)
6659198093,36.6753339,140.6780794,,,3,,POINT (140.6780794 36.6753339)
6659198094,36.6824979,140.6810112,,,4,,POINT (140.6810112 36.6824979)
6659198099,36.6777059,140.659127,,,3,,POINT (140.659127 36.6777059)
6659198100,36.6819389,140.6801909,,,3,,POINT (140.6801909 36.6819389)
6659198105,36.6822118,140.6836328,,,3,,POINT (140.6836328 36.6822118)
6659198108,36.6829038,140.6821777,,,4,,POINT (140.6821777 36.6829038)
6659198111,36.6825916,140.684367,,,3,,POINT (140.684367 36.6825916)
6659198119,36.6814239,140.6822447,,,3,,POINT (140.6822447 36.6814239)
6659198133,36.6814936,140.6844373,,,3,,POINT (140.6844373 36.6814936)
6659198144,36.6821711,140.6822128,,,4,,POINT (140.6822128 36.6821711)
6659198146,36.683367,140.682146,,,3,,POINT (140.682146 36.683367)
6659198149,36.6830792,140.6805004,,,3,,POINT (140.6805004 36.6830792)
6659198150,36.6826314,140.6849241,,,3,,POINT (140.6849241 36.6826314)
6659198160,36.6833249,140.6835828,,,3,,POINT (140.6835828 36.6833249)
6659198170,36.6818541,140.6836477,,,3,,POINT (140.6836477 36.6818541)
6659198173,36.6825818,140.6836173,,,4,,POINT (140.6836173 36.6825818)
6659198178,36.6818692,140.6844029,,,3,,POINT (140.6844029 36.6818692)
6659198186,36.6731142,140.6674608,,,1,,POINT (140.6674608 36.6731142)
6659198208,36.6828645,140.6809969,,,3,,POINT (140.6809969 36.6828645)
6659198212,36.6817718,140.6810466,,,3,,POINT (140.6810466 36.6817718)
6659198217,36.6815034,140.6847966,,,3,,POINT (140.6847966 36.6815034)
6659198219,36.6825361,140.6821972,,,4,,POINT (140.6821972 36.6825361)
6659198221,36.675984,140.6787705,,,3,,POINT (140.6787705 36.675984)
6659198246,36.6821372,140.6810288,,,3,,POINT (140.6810288 36.6821372)
6659198251,36.683197,140.6809788,,,3,,POINT (140.6809788 36.683197)
6659198254,36.6818122,140.6822281,,,4,,POINT (140.6822281 36.6818122)
6659198266,36.6824837,140.6852983,,,3,,POINT (140.6852983 36.6824837)
6659198274,36.6814681,140.6836258,,,3,,POINT (140.6836258 36.6814681)
6659198279,36.6845141,140.6846679,,,1,,POINT (140.6846679 36.6845141)
6659198289,36.6829511,140.6836001,,,3,,POINT (140.6836001 36.6829511)
7022756684,36.5097519,140.6089161,,,3,,POINT (140.6089161 36.5097519)
7022768187,36.5088772,140.6085229,,,3,,POINT (140.6085229 36.5088772)
7022768188,36.508819,140.6083724,,,3,,POINT (140.6083724 36.508819)
7022768191,36.5080667,140.6081484,,,3,,POINT (140.6081484 36.5080667)
7022768192,36.5080399,140.6082384,,,3,,POINT (140.6082384 36.5080399)
7022768195,36.5089453,140.605395,,,3,,POINT (140.605395 36.5089453)
7022768198,36.5099638,140.6083703,,,3,,POINT (140.6083703 36.5099638)
7022768201,36.5099294,140.6077071,,,3,,POINT (140.6077071 36.5099294)
7039689839,36.5130169,140.6188099,traffic_signals,,3,,POINT (140.6188099 36.5130169)
7057136780,36.5285843,140.614763,,,3,,POINT (140.614763 36.5285843)
7082551034,36.6048383,140.6688957,traffic_signals,,4,,POINT (140.6688957 36.6048383)
7091432438,36.5124012,140.6015051,,,3,,POINT (140.6015051 36.5124012)
7091652772,36.526984,140.6204707,,,1,,POINT (140.6204707 36.526984)
7091652773,36.5271436,140.6201273,,,1,,POINT (140.6201273 36.5271436)
7091849893,36.5512174,140.6248884,,,3,,POINT (140.6248884 36.5512174)
7093608784,36.5237486,140.6255157,,,3,,POINT (140.6255157 36.5237486)
7093642783,36.5157816,140.6201255,,,3,,POINT (140.6201255 36.5157816)
7112411787,36.4971439,140.5700136,traffic_signals,,4,,POINT (140.5700136 36.4971439)
7112411790,36.499928,140.5726165,,,4,,POINT (140.5726165 36.499928)
7112411791,36.5014339,140.5743166,traffic_signals,,4,,POINT (140.5743166 36.5014339)
7112411807,36.5023289,140.5753505,,,4,,POINT (140.5753505 36.5023289)
7112441330,36.5095326,140.5894961,,,1,,POINT (140.5894961 36.5095326)
7112441332,36.5101457,140.5878864,,,3,,POINT (140.5878864 36.5101457)
7112495975,36.4906284,140.5919622,,,3,,POINT (140.5919622 36.4906284)
7112529132,36.5038402,140.5629115,,,3,,POINT (140.5629115 36.5038402)
7112529161,36.5025292,140.5627552,,,3,,POINT (140.5627552 36.5025292)
7112695328,36.4992495,140.5744616,,,1,,POINT (140.5744616 36.4992495)
7112789445,36.4953145,140.6102334,,,3,,POINT (140.6102334 36.4953145)
7112846376,36.5124314,140.5792256,,,3,,POINT (140.5792256 36.5124314)
7112846377,36.5136342,140.5801432,,,3,,POINT (140.5801432 36.5136342)
7112846378,36.5134838,140.5804758,,,3,,POINT (140.5804758 36.5134838)
7112846380,36.5123902,140.5796526,,,3,,POINT (140.5796526 36.5123902)
7112851785,36.5122501,140.5811022,,,3,,POINT (140.5811022 36.5122501)
7112851802,36.5167096,140.5927478,,,1,,POINT (140.5927478 36.5167096)
7112851803,36.5168554,140.5928055,,,3,,POINT (140.5928055 36.5168554)
7112923809,36.5172684,140.5956789,,,3,,POINT (140.5956789 36.5172684)
7112923811,36.5171066,140.5963999,,,3,,POINT (140.5963999 36.5171066)
7112975106,36.6035943,140.635647,,,3,,POINT (140.635647 36.6035943)
7113617816,36.4955704,140.58822,,,1,,POINT (140.58822 36.4955704)
7113617818,36.4956815,140.5872096,,,3,,POINT (140.5872096 36.4956815)
7114624748,36.4877973,140.6018801,,,3,,POINT (140.6018801 36.4877973)
7114624759,36.4862531,140.6050385,,,1,,POINT (140.6050385 36.4862531)
7114624760,36.4864015,140.6029874,,,3,,POINT (140.6029874 36.4864015)
7114624761,36.4857183,140.6042499,,,4,,POINT (140.6042499 36.4857183)
7114624762,36.4855349,140.6047536,,,3,,POINT (140.6047536 36.4855349)
7114631941,36.5110024,140.5822716,,,3,,POINT (140.5822716 36.5110024)
7114631953,36.5089589,140.5819569,,,3,,POINT (140.5819569 36.5089589)
7114631961,36.5087647,140.5852585,,,3,,POINT (140.5852585 36.5087647)
7114631970,36.5079667,140.5831169,,,3,,POINT (140.5831169 36.5079667)
7114631971,36.5079191,140.5823942,,,3,,POINT (140.5823942 36.5079191)
7114631975,36.5085015,140.5818879,,,3,,POINT (140.5818879 36.5085015)
7114631981,36.5043906,140.5924604,,,3,,POINT (140.5924604 36.5043906)
7114660186,36.5049353,140.5932947,,,3,,POINT (140.5932947 36.5049353)
7114660191,36.5047585,140.5934905,,,1,,POINT (140.5934905 36.5047585)
7114660197,36.5059056,140.5937343,,,3,,POINT (140.5937343 36.5059056)
7114660198,36.5058796,140.5939357,,,3,,POINT (140.5939357 36.5058796)
7114660204,36.5061637,140.5952783,,,3,,POINT (140.5952783 36.5061637)
7114660213,36.5018307,140.5956228,,,1,,POINT (140.5956228 36.5018307)
7114840119,36.518352,140.5952625,,,3,,POINT (140.5952625 36.518352)
7114840121,36.5192749,140.5974728,,,3,,POINT (140.5974728 36.5192749)
7114840123,36.5198488,140.5963664,,,3,,POINT (140.5963664 36.5198488)
7114840125,36.5199888,140.597109,,,3,,POINT (140.597109 36.5199888)
7114840129,36.5197066,140.5960152,,,1,,POINT (140.5960152 36.5197066)
7114840136,36.5192929,140.5978998,,,1,,POINT (140.5978998 36.5192929)
7114840138,36.5201461,140.5975835,,,1,,POINT (140.5975835 36.5201461)
7114840139,36.5200319,140.5963825,,,1,,POINT (140.5963825 36.5200319)
7114840142,36.5190021,140.5947687,,,4,,POINT (140.5947687 36.5190021)
7114840149,36.5201009,140.5948303,,,3,,POINT (140.5948303 36.5201009)
7114840150,36.5202,140.5954362,,,1,,POINT (140.5954362 36.5202)
7114840151,36.5199457,140.5948384,,,1,,POINT (140.5948384 36.5199457)
7114840152,36.5193511,140.5953987,,,1,,POINT (140.5953987 36.5193511)
7114840160,36.518782,140.5941485,,,3,,POINT (140.5941485 36.518782)
7114840161,36.518916,140.5945247,,,3,,POINT (140.5945247 36.518916)
7114840163,36.5193533,140.5944202,,,1,,POINT (140.5944202 36.5193533)
7114840176,36.5177949,140.5963303,,,1,,POINT (140.5963303 36.5177949)
7114840179,36.5179953,140.5960328,,,1,,POINT (140.5960328 36.5179953)
7114840183,36.5178983,140.5966547,,,1,,POINT (140.5966547 36.5178983)
7114847468,36.5168994,140.592526,,,3,,POINT (140.592526 36.5168994)
7114847469,36.5167486,140.5924818,,,1,,POINT (140.5924818 36.5167486)
7114847474,36.5088738,140.6029498,,,3,,POINT (140.6029498 36.5088738)
7114847475,36.5089469,140.6025575,,,1,,POINT (140.6025575 36.5089469)
7114847476,36.508384,140.602818,,,3,,POINT (140.602818 36.508384)
7114847477,36.5084554,140.6024073,,,1,,POINT (140.6024073 36.5084554)
7114847478,36.5090134,140.6029873,,,3,,POINT (140.6029873 36.5090134)
7114847479,36.5089426,140.6034078,,,1,,POINT (140.6034078 36.5089426)
7114847480,36.5080725,140.6027341,,,3,,POINT (140.6027341 36.5080725)
7114847483,36.5079016,140.6021914,,,3,,POINT (140.6021914 36.5079016)
7114847484,36.507169,140.6038007,,,3,,POINT (140.6038007 36.507169)
7114854288,36.5158903,140.597778,,,3,,POINT (140.597778 36.5158903)
7114854294,36.516123,140.5977056,,,1,,POINT (140.5977056 36.516123)
7114854295,36.5160793,140.5970869,,,3,,POINT (140.5970869 36.5160793)
7114854297,36.5163191,140.5974643,,,1,,POINT (140.5974643 36.5163191)
7114854298,36.5160088,140.5977673,,,1,,POINT (140.5977673 36.5160088)
7114854299,36.5117506,140.5980377,,,3,,POINT (140.5980377 36.5117506)
7114854300,36.5113075,140.5981077,,,1,,POINT (140.5981077 36.5113075)
7114854301,36.5122376,140.6005252,,,3,,POINT (140.6005252 36.5122376)
7114854302,36.5116932,140.6006598,,,1,,POINT (140.6006598 36.5116932)
7114854306,36.5113116,140.6008183,,,3,,POINT (140.6008183 36.5113116)
7114854307,36.5097249,140.6008028,,,3,,POINT (140.6008028 36.5097249)
7114854310,36.5097571,140.6012317,,,3,,POINT (140.6012317 36.5097571)
7114854311,36.5102985,140.6010786,,,3,,POINT (140.6010786 36.5102985)
7114854312,36.509838,140.5986439,,,1,,POINT (140.5986439 36.509838)
7114859151,36.5070997,140.6121896,,,3,,POINT (140.6121896 36.5070997)
7114859152,36.5071934,140.6120711,,,1,,POINT (140.6120711 36.5071934)
7114859153,36.5063516,140.6111646,,,3,,POINT (140.6111646 36.5063516)
7114859154,36.5061931,140.6109473,,,1,,POINT (140.6109473 36.5061931)
7114859155,36.502944,140.6095784,,,3,,POINT (140.6095784 36.502944)
7114859157,36.5026022,140.6099956,,,3,,POINT (140.6099956 36.5026022)
7114859158,36.5119828,140.6031654,,,3,,POINT (140.6031654 36.5119828)
7114859159,36.5115849,140.6038689,,,4,,POINT (140.6038689 36.5115849)
7114859161,36.5114728,140.6043195,,,3,,POINT (140.6043195 36.5114728)
7114859162,36.5114232,140.604569,,,1,,POINT (140.604569 36.5114232)
7114859163,36.5110342,140.6035063,,,3,,POINT (140.6035063 36.5110342)
7114859166,36.5119061,140.6040138,,,1,,POINT (140.6040138 36.5119061)
7114859167,36.511653,140.6043686,,,3,,POINT (140.6043686 36.511653)
7114859168,36.5129249,140.6033663,,,3,,POINT (140.6033663 36.5129249)
7114859182,36.5151555,140.6056896,,,3,,POINT (140.6056896 36.5151555)
7114880485,36.5074063,140.6037305,,,3,,POINT (140.6037305 36.5074063)
7114880488,36.507111,140.602442,,,3,,POINT (140.602442 36.507111)
7114880489,36.508519,140.6028543,,,3,,POINT (140.6028543 36.508519)
7114880490,36.5084338,140.6032817,,,1,,POINT (140.6032817 36.5084338)
7114880492,36.5077103,140.6053477,,,3,,POINT (140.6053477 36.5077103)
7114880493,36.5105291,140.6080298,,,3,,POINT (140.6080298 36.5105291)
7114880494,36.5105487,140.6072091,,,3,,POINT (140.6072091 36.5105487)
7114880497,36.505965,140.6142383,,,1,,POINT (140.6142383 36.505965)
7114880498,36.5055777,140.613776,,,3,,POINT (140.613776 36.5055777)
7114880499,36.5074446,140.6126607,,,3,,POINT (140.6126607 36.5074446)
7114880500,36.5066989,140.6116451,,,3,,POINT (140.6116451 36.5066989)
7114880501,36.5079514,140.6109924,,,3,,POINT (140.6109924 36.5079514)
7114880502,36.5074044,140.6115944,,,3,,POINT (140.6115944 36.5074044)
7114880503,36.5067105,140.6075945,,,1,,POINT (140.6075945 36.5067105)
7114893887,36.5145965,140.6060409,,,1,,POINT (140.6060409 36.5145965)
7114899461,36.4991295,140.6064771,,,3,,POINT (140.6064771 36.4991295)
7114899463,36.499393,140.6060637,,,1,,POINT (140.6060637 36.499393)
7114899464,36.4996108,140.6055608,,,3,,POINT (140.6055608 36.4996108)
7114899465,36.4997553,140.6057512,,,3,,POINT (140.6057512 36.4997553)
7114899467,36.4992896,140.6055152,,,1,,POINT (140.6055152 36.4992896)
7114899468,36.4996108,140.6048018,,,1,,POINT (140.6048018 36.4996108)
7114899470,36.4976983,140.6043907,,,3,,POINT (140.6043907 36.4976983)
7114899471,36.4979926,140.6041245,,,1,,POINT (140.6041245 36.4979926)
7114934488,36.5022639,140.6044601,,,3,,POINT (140.6044601 36.5022639)
7114934490,36.5016451,140.6042439,,,1,,POINT (140.6042439 36.5016451)
7114934491,36.5030983,140.6042492,,,3,,POINT (140.6042492 36.5030983)
7114934492,36.5032643,140.6045228,,,1,,POINT (140.6045228 36.5032643)
7114934493,36.5042885,140.6027194,,,3,,POINT (140.6027194 36.5042885)
7114934494,36.5038744,140.6028437,,,1,,POINT (140.6028437 36.5038744)
7114934495,36.5033486,140.6030705,,,3,,POINT (140.6030705 36.5033486)
7114934496,36.5030314,140.6032917,,,3,,POINT (140.6032917 36.5030314)
7114934497,36.5030864,140.603657,,,3,,POINT (140.603657 36.5030864)
7114934498,36.5028891,140.6034982,,,3,,POINT (140.6034982 36.5028891)
7114934502,36.5029087,140.6021131,,,3,,POINT (140.6021131 36.5029087)
7114934503,36.5030293,140.6024629,,,1,,POINT (140.6024629 36.5030293)
7114934504,36.5031467,140.6019125,,,3,,POINT (140.6019125 36.5031467)
7114934505,36.5033225,140.6022483,,,1,,POINT (140.6022483 36.5033225)
7114934506,36.502583,140.6035974,,,1,,POINT (140.6035974 36.502583)
7114934507,36.5021475,140.6030043,,,3,,POINT (140.6030043 36.5021475)
7114934508,36.5024385,140.6033292,,,1,,POINT (140.6033292 36.5024385)
7114934509,36.5056737,140.6003879,,,3,,POINT (140.6003879 36.5056737)
7114934511,36.5052931,140.6003091,,,1,,POINT (140.6003091 36.5052931)
7114934512,36.5051863,140.6023112,,,3,,POINT (140.6023112 36.5051863)
7114934514,36.5052629,140.6017896,,,1,,POINT (140.6017896 36.5052629)
7114934515,36.5051122,140.6027534,,,3,,POINT (140.6027534 36.5051122)
7114934516,36.5052456,140.6030637,,,1,,POINT (140.6030637 36.5052456)
7114934517,36.5043746,140.6007275,,,1,,POINT (140.6007275 36.5043746)
7114934518,36.5036957,140.6038827,,,3,,POINT (140.6038827 36.5036957)
7114934519,36.5040361,140.6037423,,,1,,POINT (140.6037423 36.5040361)
7114934520,36.5016738,140.6070146,,,3,,POINT (140.6070146 36.5016738)
7114934522,36.5019642,140.6071541,,,1,,POINT (140.6071541 36.5019642)
7114934526,36.5004333,140.6050624,,,3,,POINT (140.6050624 36.5004333)
7114934527,36.5006511,140.6050512,,,1,,POINT (140.6050512 36.5006511)
7114934529,36.4972487,140.6072211,,,3,,POINT (140.6072211 36.4972487)
7114934530,36.4973927,140.6080953,,,3,,POINT (140.6080953 36.4973927)
7114934535,36.4972137,140.6090788,,,3,,POINT (140.6090788 36.4972137)
7114934537,36.4962202,140.6094205,,,1,,POINT (140.6094205 36.4962202)
7114934538,36.4956385,140.6083634,,,3,,POINT (140.6083634 36.4956385)
7114934540,36.4958601,140.6087473,,,1,,POINT (140.6087473 36.4958601)
7114934541,36.4957351,140.6056037,,,1,,POINT (140.6056037 36.4957351)
7114934545,36.4941761,140.6074491,,,1,,POINT (140.6074491 36.4941761)
7114934546,36.4934317,140.6127797,,,3,,POINT (140.6127797 36.4934317)
7114934548,36.4920996,140.6125882,,,3,,POINT (140.6125882 36.4920996)
7114934549,36.4916528,140.6131241,,,3,,POINT (140.6131241 36.4916528)
7114934550,36.4919405,140.6132194,,,3,,POINT (140.6132194 36.4919405)
7114934551,36.4923442,140.6133532,,,3,,POINT (140.6133532 36.4923442)
7114934552,36.4924489,140.6129798,,,1,,POINT (140.6129798 36.4924489)
7114934553,36.4926527,140.6134645,,,3,,POINT (140.6134645 36.4926527)
7114934554,36.4928306,140.6126579,,,3,,POINT (140.6126579 36.4928306)
7114936947,36.5034752,140.601604,,,3,,POINT (140.601604 36.5034752)
7114936948,36.5032758,140.6012608,,,1,,POINT (140.6012608 36.5032758)
7114936950,36.5028532,140.6014432,,,1,,POINT (140.6014432 36.5028532)
7114936951,36.5027539,140.6022372,,,3,,POINT (140.6022372 36.5027539)
7114936952,36.5026527,140.6020279,,,1,,POINT (140.6020279 36.5026527)
7114936953,36.5074907,140.6005473,,,1,,POINT (140.6005473 36.5074907)
7114936954,36.5072105,140.6007184,,,3,,POINT (140.6007184 36.5072105)
7114936955,36.5074967,140.6072576,,,3,,POINT (140.6072576 36.5074967)
7114936956,36.507562,140.6066449,,,3,,POINT (140.6066449 36.507562)
7114936957,36.5082377,140.6089709,,,3,,POINT (140.6089709 36.5082377)
7114936958,36.5077212,140.6095597,,,3,,POINT (140.6095597 36.5077212)
7114940015,36.5010527,140.619408,,,3,,POINT (140.619408 36.5010527)
7114940017,36.5014295,140.6197779,,,3,,POINT (140.6197779 36.5014295)
7114940019,36.5018758,140.6193997,,,1,,POINT (140.6193997 36.5018758)
7114940020,36.5010406,140.6202427,,,3,,POINT (140.6202427 36.5010406)
7114940021,36.5025117,140.6168871,,,3,,POINT (140.6168871 36.5025117)
7114940023,36.5027964,140.6170259,,,1,,POINT (140.6170259 36.5027964)
7114940024,36.5009127,140.6183315,,,3,,POINT (140.6183315 36.5009127)
7114940026,36.5004696,140.6172593,,,3,,POINT (140.6172593 36.5004696)
7114940027,36.500935,140.6165647,,,3,,POINT (140.6165647 36.500935)
7114940028,36.5005435,140.6161881,,,3,,POINT (140.6161881 36.5005435)
7114940029,36.5034577,140.6145427,,,3,,POINT (140.6145427 36.5034577)
7114940031,36.5032397,140.6140661,,,3,,POINT (140.6140661 36.5032397)
7114940033,36.5038635,140.6154446,,,3,,POINT (140.6154446 36.5038635)
7114940034,36.5036436,140.6163086,,,3,,POINT (140.6163086 36.5036436)
7114940035,36.5032236,140.6167141,,,3,,POINT (140.6167141 36.5032236)
7114940036,36.505279,140.614455,,,3,,POINT (140.614455 36.505279)
7114940037,36.5050145,140.6147789,,,1,,POINT (140.6147789 36.5050145)
7114940040,36.5050857,140.6151839,,,1,,POINT (140.6151839 36.5050857)
7114950259,36.5128104,140.5946924,,,3,,POINT (140.5946924 36.5128104)
7114950260,36.5128576,140.5950112,,,1,,POINT (140.5950112 36.5128576)
7114950261,36.5126464,140.5939585,,,1,,POINT (140.5939585 36.5126464)
7114950262,36.5124968,140.5939941,,,3,,POINT (140.5939941 36.5124968)
7114950263,36.5100197,140.5930738,,,3,,POINT (140.5930738 36.5100197)
7114950264,36.5100896,140.593359,,,1,,POINT (140.593359 36.5100896)
7114950265,36.5102086,140.5937584,,,3,,POINT (140.5937584 36.5102086)
7114950266,36.5102017,140.5935199,,,1,,POINT (140.5935199 36.5102017)
7114950270,36.507962,140.5958671,,,3,,POINT (140.5958671 36.507962)
7114950272,36.5078399,140.5966565,,,3,,POINT (140.5966565 36.5078399)
7114950273,36.5075644,140.5964127,,,3,,POINT (140.5964127 36.5075644)
7114970295,36.5125567,140.5943654,,,3,,POINT (140.5943654 36.5125567)
7114970296,36.5127369,140.5943233,,,1,,POINT (140.5943233 36.5127369)
7114970297,36.5083813,140.6037044,,,3,,POINT (140.6037044 36.5083813)
7114970298,36.5085546,140.6037016,,,1,,POINT (140.6037016 36.5085546)
7114970299,36.5086637,140.6028932,,,3,,POINT (140.6028932 36.5086637)
7114970300,36.5086203,140.6031185,,,1,,POINT (140.6031185 36.5086203)
7115047802,36.5093889,140.5864178,,,3,,POINT (140.5864178 36.5093889)
7117080159,36.5434505,140.6274504,,,1,,POINT (140.6274504 36.5434505)
7117080160,36.5435396,140.6270412,,,3,,POINT (140.6270412 36.5435396)
7117080161,36.5449136,140.6261146,,,1,,POINT (140.6261146 36.5449136)
7117080162,36.5456183,140.6263265,,,1,,POINT (140.6263265 36.5456183)
7117080163,36.5459142,140.6291727,,,3,,POINT (140.6291727 36.5459142)
7117080166,36.5455556,140.6279166,,,3,,POINT (140.6279166 36.5455556)
7117080167,36.5464802,140.6318841,,,3,,POINT (140.6318841 36.5464802)
7117080169,36.5458318,140.6329792,,,3,,POINT (140.6329792 36.5458318)
7117080170,36.5455285,140.6335334,,,3,,POINT (140.6335334 36.5455285)
7117080171,36.5448835,140.633252,,,1,,POINT (140.633252 36.5448835)
7117080173,36.5442866,140.6327507,,,3,,POINT (140.6327507 36.5442866)
7117080174,36.5445624,140.6330401,,,1,,POINT (140.6330401 36.5445624)
7117080175,36.544531,140.6327119,,,3,,POINT (140.6327119 36.544531)
7117080176,36.5449373,140.6338836,,,3,,POINT (140.6338836 36.5449373)
7117080178,36.5445365,140.6348211,,,1,,POINT (140.6348211 36.5445365)
7117080182,36.5470168,140.6271714,,,1,,POINT (140.6271714 36.5470168)
7117080184,36.5449233,140.6218276,,,3,,POINT (140.6218276 36.5449233)
7117123889,36.5188316,140.6289906,,,3,,POINT (140.6289906 36.5188316)
7117123895,36.5194023,140.6294942,,,1,,POINT (140.6294942 36.5194023)
7117178587,36.5441206,140.6206161,,,1,,POINT (140.6206161 36.5441206)
7117255178,36.6494657,140.6829029,,,4,,POINT (140.6829029 36.6494657)
7273777952,36.5867607,140.6477831,,,3,,POINT (140.6477831 36.5867607)
7562724365,36.6264787,140.5507812,,,3,,POINT (140.5507812 36.6264787)
7569709997,36.6446867,140.5339391,,,3,,POINT (140.5339391 36.6446867)
7569710002,36.645305,140.5347168,,,1,,POINT (140.5347168 36.645305)
7569710031,36.6411219,140.5359062,,,3,,POINT (140.5359062 36.6411219)
7664151834,36.5364368,140.6094169,,,3,,POINT (140.6094169 36.5364368)
7737221249,36.4882155,140.6025913,,,3,,POINT (140.6025913 36.4882155)
7737221259,36.5002544,140.6245193,,,3,,POINT (140.6245193 36.5002544)
7737221265,36.5010615,140.6245429,,,3,,POINT (140.6245429 36.5010615)
7740572510,36.639038,140.5340825,,,3,,POINT (140.5340825 36.639038)
7837899376,36.6245734,140.5493461,,,3,,POINT (140.5493461 36.6245734)
7837962256,36.6472618,140.5347359,,,1,,POINT (140.5347359 36.6472618)
7954153742,36.5129771,140.6189124,,,3,,POINT (140.6189124 36.5129771)
8021384059,36.6081364,140.6665474,,,1,,POINT (140.6665474 36.6081364)
8021384061,36.6079415,140.6671312,,,3,,POINT (140.6671312 36.6079415)
8024633092,36.6058498,140.6472168,,,1,,POINT (140.6472168 36.6058498)
8024633094,36.6058972,140.6476003,,,1,,POINT (140.6476003 36.6058972)
8024633095,36.6054988,140.6478095,,,3,,POINT (140.6478095 36.6054988)
8024633096,36.605137,140.6469646,,,1,,POINT (140.6469646 36.605137)
8024633097,36.6053912,140.6480133,,,3,,POINT (140.6480133 36.6053912)
8024655672,36.6041021,140.649054,,,3,,POINT (140.649054 36.6041021)
8024655673,36.6039991,140.6487322,,,3,,POINT (140.6487322 36.6039991)
8024655674,36.6038465,140.6484851,,,3,,POINT (140.6484851 36.6038465)
8024655675,36.6045368,140.6478541,,,3,,POINT (140.6478541 36.6045368)
8024655676,36.6036851,140.6482178,,,3,,POINT (140.6482178 36.6036851)
8024655677,36.6035364,140.6479807,,,3,,POINT (140.6479807 36.6035364)
8024655683,36.6043402,140.6496974,,,3,,POINT (140.6496974 36.6043402)
8024668068,36.6026867,140.6428474,,,1,,POINT (140.6428474 36.6026867)
8024668072,36.6028977,140.6433275,,,1,,POINT (140.6433275 36.6028977)
8024668076,36.602086,140.6431103,,,3,,POINT (140.6431103 36.602086)
8024668079,36.6019761,140.6431666,,,3,,POINT (140.6431666 36.6019761)
8024710731,36.6003813,140.651041,,,3,,POINT (140.651041 36.6003813)
8025186842,36.5928931,140.6475601,,,1,,POINT (140.6475601 36.5928931)
8025186850,36.6000591,140.6506684,,,3,,POINT (140.6506684 36.6000591)
8025186851,36.5998573,140.6513607,,,1,,POINT (140.6513607 36.5998573)
8025186853,36.6002327,140.6511251,,,3,,POINT (140.6511251 36.6002327)
8025218893,36.591489,140.6407821,,,1,,POINT (140.6407821 36.591489)
8025218894,36.5919456,140.6415063,,,1,,POINT (140.6415063 36.5919456)
8032209746,36.5807703,140.6430907,,,3,,POINT (140.6430907 36.5807703)
8032209747,36.5805654,140.6437916,,,1,,POINT (140.6437916 36.5805654)
8032209750,36.5811513,140.6439834,,,3,,POINT (140.6439834 36.5811513)
8032209753,36.5806474,140.642587,,,3,,POINT (140.642587 36.5806474)
8044283413,36.6005968,140.6513245,,,1,,POINT (140.6513245 36.6005968)
8044283414,36.6001529,140.6511803,,,3,,POINT (140.6511803 36.6001529)
8044283415,36.6002734,140.6514871,,,1,,POINT (140.6514871 36.6002734)
8198385122,36.5863849,140.64605,,,1,,POINT (140.64605 36.5863849)
8435472812,36.5042721,140.600999,,,1,,POINT (140.600999 36.5042721)
8435472813,36.5042764,140.6013852,,,1,,POINT (140.6013852 36.5042764)
8435472814,36.504212,140.6015883,,,3,,POINT (140.6015883 36.504212)
8435472815,36.5038685,140.6020207,,,1,,POINT (140.6020207 36.5038685)
8435472816,36.5037483,140.6026724,,,1,,POINT (140.6026724 36.5037483)
8435508317,36.5037167,140.6024683,,,3,,POINT (140.6024683 36.5037167)
8435508318,36.5035641,140.6021077,,,1,,POINT (140.6021077 36.5035641)
8435508319,36.504048,140.6039936,,,1,,POINT (140.6039936 36.504048)
8435508320,36.5050458,140.6030773,,,1,,POINT (140.6030773 36.5050458)
8435508321,36.5051956,140.6020811,,,1,,POINT (140.6020811 36.5051956)
8435508322,36.5051074,140.6021424,,,3,,POINT (140.6021424 36.5051074)
8435508323,36.5057823,140.6007972,,,1,,POINT (140.6007972 36.5057823)
8435508324,36.5058526,140.6009963,,,3,,POINT (140.6009963 36.5058526)
8435508325,36.5059193,140.6014098,,,1,,POINT (140.6014098 36.5059193)
8435508326,36.506464,140.6017899,,,3,,POINT (140.6017899 36.506464)
8435508328,36.5063328,140.6025606,,,3,,POINT (140.6025606 36.5063328)
8435508329,36.5069379,140.6031404,,,3,,POINT (140.6031404 36.5069379)
8435508332,36.506337,140.6033293,,,3,,POINT (140.6033293 36.506337)
8435508333,36.5057216,140.604087,,,3,,POINT (140.604087 36.5057216)
8435508335,36.505581,140.6043612,,,1,,POINT (140.6043612 36.505581)
8435508336,36.5047888,140.6036154,,,1,,POINT (140.6036154 36.5047888)
8435508337,36.5047326,140.6074371,,,3,,POINT (140.6074371 36.5047326)
8696328426,36.5054671,140.5761769,,,3,,POINT (140.5761769 36.5054671)
9562434906,36.678874,140.6922334,,,3,,POINT (140.6922334 36.678874)
9562434908,36.67864,140.6928074,,,1,,POINT (140.6928074 36.67864)
9562434909,36.6787355,140.6928037,,,3,,POINT (140.6928037 36.6787355)
9562434910,36.6787415,140.6930853,,,1,,POINT (140.6930853 36.6787415)
9562434915,36.6821219,140.6912475,,,3,,POINT (140.6912475 36.6821219)
9562465020,36.6809329,140.6909029,,,3,,POINT (140.6909029 36.6809329)
9562465026,36.6816647,140.6929522,,,3,,POINT (140.6929522 36.6816647)
9562465027,36.6818784,140.693078,,,3,,POINT (140.693078 36.6818784)
9562465028,36.6824391,140.6929966,,,3,,POINT (140.6929966 36.6824391)
9622853839,36.679286,140.6923603,,,3,yes,POINT (140.6923603 36.679286)
9622853841,36.678737,140.6936644,,,3,,POINT (140.6936644 36.678737)
9622853843,36.6785464,140.6936256,,,3,,POINT (140.6936256 36.6785464)
9862368991,36.5993512,140.6559129,,,3,,POINT (140.6559129 36.5993512)
9901103543,36.6805751,140.6899787,,,4,,POINT (140.6899787 36.6805751)
9901103547,36.6800255,140.6914832,,,3,,POINT (140.6914832 36.6800255)
9901103549,36.6799074,140.6913599,,,4,,POINT (140.6913599 36.6799074)
9936536156,36.4950705,140.6116164,,,1,,POINT (140.6116164 36.4950705)
9936536175,36.4950516,140.6115465,,,1,,POINT (140.6115465 36.4950516)
10039482335,36.6083703,140.6615544,,,3,,POINT (140.6615544 36.6083703)
10039511969,36.5634811,140.6460117,traffic_signals,,4,,POINT (140.6460117 36.5634811)
10220306285,36.6034459,140.6371973,,,3,,POINT (140.6371973 36.6034459)
10220306286,36.6041295,140.6372168,,,1,,POINT (140.6372168 36.6041295)
10220932018,36.5196398,140.6223179,,,3,,POINT (140.6223179 36.5196398)
10220932019,36.5199009,140.6219581,,,1,,POINT (140.6219581 36.5199009)
10220932020,36.5197303,140.6219255,,,3,,POINT (140.6219255 36.5197303)
10220932021,36.5197422,140.6218418,,,3,,POINT (140.6218418 36.5197422)
10220932022,36.5195913,140.6218114,,,1,,POINT (140.6218114 36.5195913)
10270805671,36.6788235,140.6909292,,,3,,POINT (140.6909292 36.6788235)
10270828297,36.5639054,140.6431968,,,3,,POINT (140.6431968 36.5639054)
10554103177,36.4847441,140.6049494,,,1,,POINT (140.6049494 36.4847441)
10560137109,36.5643672,140.6386447,,,3,,POINT (140.6386447 36.5643672)
10560137110,36.5644468,140.6386402,,,3,,POINT (140.6386402 36.5644468)
10570284618,36.4962539,140.5779576,,,1,,POINT (140.5779576 36.4962539)
10605549967,36.5957505,140.6686659,,,3,,POINT (140.6686659 36.5957505)
10614517052,36.5727206,140.6302695,,,1,,POINT (140.6302695 36.5727206)
10614517058,36.5728779,140.6281566,,,3,,POINT (140.6281566 36.5728779)
10614517059,36.5730213,140.6281453,,,1,,POINT (140.6281453 36.5730213)
10614517060,36.5729139,140.6274953,,,3,,POINT (140.6274953 36.5729139)
10614517062,36.5724555,140.6273653,,,1,,POINT (140.6273653 36.5724555)
10614517067,36.5721104,140.6262189,,,3,,POINT (140.6262189 36.5721104)
10614517070,36.5730862,140.6274741,,,1,,POINT (140.6274741 36.5730862)
10614517071,36.5729378,140.6273953,,,3,,POINT (140.6273953 36.5729378)
10614517078,36.5728929,140.6248628,,,1,,POINT (140.6248628 36.5728929)
10614517080,36.5729771,140.6257594,,,1,,POINT (140.6257594 36.5729771)
10614533606,36.5728059,140.6218279,,,3,,POINT (140.6218279 36.5728059)
10614533622,36.5735154,140.6210513,,,3,,POINT (140.6210513 36.5735154)
10670115282,36.615982,140.6699132,,,3,,POINT (140.6699132 36.615982)
10670115301,36.614426,140.6707203,,,1,,POINT (140.6707203 36.614426)
10670115311,36.6172105,140.6696792,,,3,,POINT (140.6696792 36.6172105)
10670115312,36.6168577,140.669619,,,3,,POINT (140.669619 36.6168577)
10670115318,36.6164513,140.6700365,,,3,,POINT (140.6700365 36.6164513)
10670115322,36.6168303,140.6701358,,,3,,POINT (140.6701358 36.6168303)
10670115359,36.6216731,140.6701225,,,3,,POINT (140.6701225 36.6216731)
10670115377,36.623739,140.6684163,,,3,yes,POINT (140.6684163 36.623739)
10670115421,36.6302648,140.6706704,,,3,yes,POINT (140.6706704 36.6302648)
10677430442,36.6393264,140.6726072,,,3,,POINT (140.6726072 36.6393264)
10677430448,36.6401267,140.6718954,,,3,,POINT (140.6718954 36.6401267)
10677430449,36.6402712,140.6714922,,,1,,POINT (140.6714922 36.6402712)
10677430461,36.6414175,140.6719514,,,3,yes,POINT (140.6719514 36.6414175)
10677430506,36.650344,140.6775425,,,1,,POINT (140.6775425 36.650344)
10677430537,36.6583571,140.6723417,,,3,,POINT (140.6723417 36.6583571)
10677430582,36.6712134,140.6834156,,,3,,POINT (140.6834156 36.6712134)
10677430585,36.6714181,140.6837491,crossing,,3,,POINT (140.6837491 36.6714181)
10677430626,36.6568837,140.6967678,,,3,,POINT (140.6967678 36.6568837)
10677430627,36.6568494,140.6962055,,,3,,POINT (140.6962055 36.6568494)
10677483702,36.6615417,140.6785505,,,3,,POINT (140.6785505 36.6615417)
10677507287,36.676116,140.6672413,,,4,,POINT (140.6672413 36.676116)
10677507316,36.6865305,140.665487,,,3,,POINT (140.665487 36.6865305)
10677507317,36.6864195,140.6651665,,,3,,POINT (140.6651665 36.6864195)
10677507336,36.6873553,140.6652363,,,3,,POINT (140.6652363 36.6873553)
10677507340,36.6898233,140.666254,,,3,,POINT (140.666254 36.6898233)
10804715468,36.6719759,140.6995626,,,4,,POINT (140.6995626 36.6719759)
10804715490,36.6806271,140.670073,,,3,,POINT (140.670073 36.6806271)
10804715501,36.6834955,140.6764773,,,3,,POINT (140.6764773 36.6834955)
10804718308,36.6818109,140.6788835,,,3,,POINT (140.6788835 36.6818109)
10805829266,36.563061,140.6365998,,,3,,POINT (140.6365998 36.563061)
10805829270,36.5626745,140.6367037,,,4,yes,POINT (140.6367037 36.5626745)
10875188747,36.6027472,140.6670304,,,1,,POINT (140.6670304 36.6027472)
10905224577,36.5796823,140.6440139,,,1,,POINT (140.6440139 36.5796823)
10914021441,36.6099443,140.6649263,,,3,,POINT (140.6649263 36.6099443)
10914021446,36.609573,140.6642593,,,1,,POINT (140.6642593 36.609573)
10921535864,36.6026927,140.6680437,,,3,,POINT (140.6680437 36.6026927)
10925655975,36.5635566,140.6454193,,,3,,POINT (140.6454193 36.5635566)
10945311115,36.5636913,140.6417442,,,3,,POINT (140.6417442 36.5636913)
10945311118,36.5637513,140.6419493,,,3,,POINT (140.6419493 36.5637513)
10968752030,36.581471,140.6221294,,,3,,POINT (140.6221294 36.581471)
10968752031,36.5814721,140.6226058,,,3,,POINT (140.6226058 36.5814721)
11015534292,36.6447603,140.6776407,,,3,,POINT (140.6776407 36.6447603)
11015534293,36.6448956,140.6775666,,,3,,POINT (140.6775666 36.6448956)
11015534294,36.644652,140.6772773,,,1,,POINT (140.6772773 36.644652)
11015534303,36.6449281,140.6782192,,,3,,POINT (140.6782192 36.6449281)
11015570808,36.6493657,140.6795931,,,3,,POINT (140.6795931 36.6493657)
11015570817,36.6489739,140.6825902,,,4,,POINT (140.6825902 36.6489739)
11015570834,36.6497601,140.6800384,,,4,,POINT (140.6800384 36.6497601)
11015570836,36.6498988,140.6795561,,,1,,POINT (140.6795561 36.6498988)
11015570862,36.6602734,140.682399,,,1,,POINT (140.682399 36.6602734)
11015570870,36.6792599,140.6882105,,,3,,POINT (140.6882105 36.6792599)
11015570873,36.6792257,140.6886242,,,3,,POINT (140.6886242 36.6792257)
11015570877,36.6789004,140.6884158,,,1,,POINT (140.6884158 36.6789004)
11015570883,36.6792364,140.6884947,,,3,,POINT (140.6884947 36.6792364)
11015570884,36.6797726,140.6887619,,,3,,POINT (140.6887619 36.6797726)
11015570971,36.6813489,140.6618297,,,1,,POINT (140.6618297 36.6813489)
11023474390,36.509592,140.5957131,,,3,,POINT (140.5957131 36.509592)
11035055623,36.5002485,140.6044324,,,3,,POINT (140.6044324 36.5002485)
11047652916,36.511288,140.6268314,,,3,,POINT (140.6268314 36.511288)
11047652917,36.5118251,140.6268861,,,3,,POINT (140.6268861 36.5118251)
11047652918,36.5104608,140.6272633,,,3,,POINT (140.6272633 36.5104608)
11047652923,36.5113016,140.626621,,,3,,POINT (140.626621 36.5113016)
11050193090,36.5613959,140.6369017,,,3,,POINT (140.6369017 36.5613959)
11050220807,36.5410512,140.6235328,,,1,,POINT (140.6235328 36.5410512)
11050220845,36.5567723,140.6359863,,,1,,POINT (140.6359863 36.5567723)
11050220846,36.557127,140.6355981,,,3,,POINT (140.6355981 36.557127)
11050220847,36.5624212,140.6361835,,,1,,POINT (140.6361835 36.5624212)
11050263104,36.5527355,140.6318434,,,3,,POINT (140.6318434 36.5527355)
11050396106,36.5906287,140.6605685,,,3,,POINT (140.6605685 36.5906287)
11050436979,36.565028,140.6407875,,,1,,POINT (140.6407875 36.565028)
11050442531,36.5809229,140.6500411,,,1,,POINT (140.6500411 36.5809229)
11062626070,36.5053208,140.6153892,,,3,,POINT (140.6153892 36.5053208)
11062626075,36.5072259,140.6168085,,,1,,POINT (140.6168085 36.5072259)
11062694034,36.6188043,140.6283528,,,1,,POINT (140.6283528 36.6188043)
11062694224,36.6096134,140.649671,,,1,,POINT (140.649671 36.6096134)
11062700536,36.6054311,140.6472233,,,3,,POINT (140.6472233 36.6054311)
11062700537,36.6055785,140.6471604,,,1,,POINT (140.6471604 36.6055785)
11062700539,36.6054041,140.6471148,,,1,,POINT (140.6471148 36.6054041)
11062700543,36.6052168,140.6473455,,,3,,POINT (140.6473455 36.6052168)
11062870206,36.604667,140.6580804,,,3,,POINT (140.6580804 36.604667)
11062870211,36.6054474,140.6590104,,,3,,POINT (140.6590104 36.6054474)
11062909779,36.626898,140.6544274,,,3,,POINT (140.6544274 36.626898)
11062909784,36.6266056,140.6536192,,,3,,POINT (140.6536192 36.6266056)
11062909786,36.6266917,140.6551185,,,3,,POINT (140.6551185 36.6266917)
11062909788,36.6264033,140.6537211,,,3,,POINT (140.6537211 36.6264033)
11062935819,36.6316726,140.6654906,,,3,,POINT (140.6654906 36.6316726)
11062935820,36.6316446,140.6594101,,,1,,POINT (140.6594101 36.6316446)
11062935875,36.6312535,140.6690226,,,4,,POINT (140.6690226 36.6312535)
11062935883,36.6312938,140.6696829,,,3,,POINT (140.6696829 36.6312938)
11062935894,36.6323771,140.669721,,,3,,POINT (140.669721 36.6323771)
11062935926,36.6201041,140.6662769,,,3,,POINT (140.6662769 36.6201041)
11062935934,36.621239,140.6665166,,,3,,POINT (140.6665166 36.621239)
11066330379,36.5598639,140.6126055,,,1,,POINT (140.6126055 36.5598639)
11066330393,36.5586343,140.6145723,,,3,,POINT (140.6145723 36.5586343)
11066331566,36.5618133,140.6229384,,,3,,POINT (140.6229384 36.5618133)
11066399876,36.5578258,140.6109962,,,1,,POINT (140.6109962 36.5578258)
11066399897,36.5593081,140.6086761,,,1,,POINT (140.6086761 36.5593081)
11066410214,36.5597928,140.6115219,,,1,,POINT (140.6115219 36.5597928)
11066410215,36.5598941,140.6114495,,,1,,POINT (140.6114495 36.5598941)
11074403413,36.5777952,140.6266601,,,3,,POINT (140.6266601 36.5777952)
11074403442,36.5752161,140.6276299,,,3,,POINT (140.6276299 36.5752161)
11074403444,36.5746614,140.6273523,,,1,,POINT (140.6273523 36.5746614)
11074403445,36.5746549,140.6275856,,,3,,POINT (140.6275856 36.5746549)
11074403449,36.5746032,140.628055,,,3,,POINT (140.628055 36.5746032)
11074441482,36.5416196,140.6258516,,,3,,POINT (140.6258516 36.5416196)
11074441483,36.5423349,140.6261439,,,3,,POINT (140.6261439 36.5423349)
11074441492,36.5436313,140.6286808,,,3,,POINT (140.6286808 36.5436313)
11074441494,36.544531,140.6277592,,,3,,POINT (140.6277592 36.544531)
11074441495,36.5452709,140.6284426,,,3,,POINT (140.6284426 36.5452709)
11074441496,36.5448826,140.6280872,,,3,,POINT (140.6280872 36.5448826)
11079086271,36.6051917,140.668049,,,3,,POINT (140.668049 36.6051917)
11079086295,36.6035262,140.6686874,,,4,,POINT (140.6686874 36.6035262)
11079086298,36.6032681,140.6682023,,,1,,POINT (140.6682023 36.6032681)
11079102425,36.6050763,140.6664561,,,3,,POINT (140.6664561 36.6050763)
11079102429,36.6049472,140.665878,,,3,,POINT (140.665878 36.6049472)
11079102434,36.6031445,140.6654662,,,3,,POINT (140.6654662 36.6031445)
11079102438,36.6028204,140.6641412,,,3,,POINT (140.6641412 36.6028204)
11079102474,36.5990553,140.6612269,,,3,,POINT (140.6612269 36.5990553)
11079160328,36.611827,140.6644777,,,3,,POINT (140.6644777 36.611827)
11079160329,36.6115167,140.6645304,,,1,,POINT (140.6645304 36.6115167)
11079160331,36.6115404,140.6647664,,,1,,POINT (140.6647664 36.6115404)
11088279302,36.637221,140.6880127,,,3,,POINT (140.6880127 36.637221)
11088279303,36.6380177,140.6881338,,,3,,POINT (140.6881338 36.6380177)
11088341113,36.6261794,140.683322,,,3,,POINT (140.683322 36.6261794)
11088434789,36.6058713,140.6435689,,,1,,POINT (140.6435689 36.6058713)
11088434795,36.6069158,140.6447411,,,3,,POINT (140.6447411 36.6069158)
11088455818,36.6080826,140.6461439,,,1,,POINT (140.6461439 36.6080826)
11088455819,36.6071417,140.6451675,,,4,,POINT (140.6451675 36.6071417)
11088455820,36.5992965,140.6450576,,,3,,POINT (140.6450576 36.5992965)
11088455825,36.5992927,140.6447091,,,3,,POINT (140.6447091 36.5992927)
11088455904,36.6010132,140.650361,,,3,,POINT (140.650361 36.6010132)
11088554218,36.5651081,140.6460325,,,3,,POINT (140.6460325 36.5651081)
11088554219,36.5652454,140.6456774,,,3,,POINT (140.6456774 36.5652454)
11088554220,36.5655008,140.6462936,,,3,,POINT (140.6462936 36.5655008)
11088554222,36.5647501,140.6447437,,,1,,POINT (140.6447437 36.5647501)
11088554225,36.5648707,140.6453928,,,3,,POINT (140.6453928 36.5648707)
11088554228,36.5647027,140.645763,,,3,,POINT (140.645763 36.5647027)
11088554230,36.5654716,140.6464716,,,3,,POINT (140.6464716 36.5654716)
11088643530,36.6258285,140.6680119,,,1,,POINT (140.6680119 36.6258285)
11088643536,36.6253528,140.6662658,,,1,,POINT (140.6662658 36.6253528)
11088643573,36.6258135,140.6642219,,,3,,POINT (140.6642219 36.6258135)
11090941130,36.5820128,140.6388965,,,1,,POINT (140.6388965 36.5820128)
11090941151,36.580524,140.6338819,,,3,,POINT (140.6338819 36.580524)
11090941152,36.5807123,140.6343148,,,3,,POINT (140.6343148 36.5807123)
11106150145,36.5681396,140.6135986,,,3,,POINT (140.6135986 36.5681396)
11106915360,36.567919,140.6193003,,,1,,POINT (140.6193003 36.567919)
11106915379,36.5682615,140.6285083,,,1,,POINT (140.6285083 36.5682615)
11106915383,36.5708433,140.6243777,,,1,,POINT (140.6243777 36.5708433)
11106915502,36.5657102,140.6187134,,,3,,POINT (140.6187134 36.5657102)
11107070201,36.6591654,140.705478,,,3,,POINT (140.705478 36.6591654)
11107072716,36.6575815,140.7067859,,,1,,POINT (140.7067859 36.6575815)
11107072729,36.6574674,140.7060376,,,3,,POINT (140.7060376 36.6574674)
11107072730,36.6573319,140.7062361,,,3,,POINT (140.7062361 36.6573319)
11107072731,36.6569729,140.7064546,,,3,,POINT (140.7064546 36.6569729)
11107072781,36.6585174,140.7074836,,,3,,POINT (140.7074836 36.6585174)
11107072782,36.6585261,140.7067279,,,3,,POINT (140.7067279 36.6585261)
11107072783,36.658889,140.7067319,,,3,,POINT (140.7067319 36.658889)
11107072784,36.6581772,140.7067241,,,3,,POINT (140.7067241 36.6581772)
11107072785,36.6581734,140.707065,,,3,,POINT (140.707065 36.6581734)
11107072792,36.6588901,140.7080428,,,3,,POINT (140.7080428 36.6588901)
11107072793,36.6581711,140.7072741,,,3,,POINT (140.7072741 36.6581711)
11107072799,36.6604411,140.708532,,,1,,POINT (140.708532 36.6604411)
11107072800,36.6603207,140.7092229,,,3,,POINT (140.7092229 36.6603207)
11107072801,36.6602859,140.7096105,,,4,,POINT (140.7096105 36.6602859)
11107072802,36.6602513,140.7100228,,,4,,POINT (140.7100228 36.6602513)
11107072803,36.6602132,140.710448,,,4,,POINT (140.710448 36.6602132)
11107072804,36.6591585,140.7098812,,,3,,POINT (140.7098812 36.6591585)
11107072805,36.659126,140.7102958,,,3,,POINT (140.7102958 36.659126)
11107072806,36.6612884,140.7105985,,,4,,POINT (140.7105985 36.6612884)
11107072808,36.661817,140.7102258,,,3,,POINT (140.7102258 36.661817)
11107072815,36.6594591,140.7095102,,,3,,POINT (140.7095102 36.6594591)
11107072816,36.6620526,140.7098249,,,3,,POINT (140.7098249 36.6620526)
11107072817,36.6591401,140.7101262,,,3,,POINT (140.7101262 36.6591401)
11107072818,36.6591888,140.7094775,,,3,,POINT (140.7094775 36.6591888)
11107072819,36.659156,140.7094516,,,3,,POINT (140.7094516 36.659156)
11107072820,36.6582668,140.7105719,,,1,,POINT (140.7105719 36.6582668)
11107072823,36.6613921,140.7093528,,,3,,POINT (140.7093528 36.6613921)
11107072828,36.6601861,140.7108562,,,3,,POINT (140.7108562 36.6601861)
11107072833,36.6590974,140.7106382,,,3,,POINT (140.7106382 36.6590974)
11107072836,36.658652,140.7102379,,,3,,POINT (140.7102379 36.658652)
11107072837,36.6586444,140.710077,,,3,,POINT (140.710077 36.6586444)
11107072845,36.6593373,140.7088995,,,3,,POINT (140.7088995 36.6593373)
11107072969,36.6411639,140.6872341,,,3,,POINT (140.6872341 36.6411639)
11107072990,36.6416658,140.6902394,,,1,,POINT (140.6902394 36.6416658)
11107072995,36.6412483,140.6895331,,,3,,POINT (140.6895331 36.6412483)
11107072997,36.6413053,140.6894857,,,3,,POINT (140.6894857 36.6413053)
11107073010,36.6414979,140.6874499,,,3,,POINT (140.6874499 36.6414979)
11107073036,36.6429097,140.6912988,,,3,,POINT (140.6912988 36.6429097)
11107085168,36.6535529,140.6981003,,,3,,POINT (140.6981003 36.6535529)
11107085174,36.6550157,140.6978866,,,4,,POINT (140.6978866 36.6550157)
11107085182,36.6563512,140.6977502,,,1,,POINT (140.6977502 36.6563512)
11107085183,36.6549211,140.7016007,,,3,,POINT (140.7016007 36.6549211)
11107085189,36.6551382,140.7010125,,,3,,POINT (140.7010125 36.6551382)
11107085190,36.6554373,140.7010957,,,3,,POINT (140.7010957 36.6554373)
11107085195,36.6505777,140.6988854,,,3,,POINT (140.6988854 36.6505777)
11107085196,36.6506557,140.6984715,,,4,,POINT (140.6984715 36.6506557)
11107085197,36.6509282,140.6987408,,,3,,POINT (140.6987408 36.6509282)
11107095731,36.6680068,140.6902486,,,3,,POINT (140.6902486 36.6680068)
11107095732,36.6686351,140.6908863,,,3,,POINT (140.6908863 36.6686351)
11107095733,36.6683594,140.6898084,,,3,,POINT (140.6898084 36.6683594)
11107095734,36.668966,140.690413,,,3,,POINT (140.690413 36.668966)
11107439614,36.6652632,140.6814606,,,3,,POINT (140.6814606 36.6652632)
11107439663,36.6601291,140.6683711,,,3,,POINT (140.6683711 36.6601291)
11107439668,36.6613168,140.6682493,,,1,,POINT (140.6682493 36.6613168)
11126763419,36.6738381,140.6841347,,,3,,POINT (140.6841347 36.6738381)
11126763422,36.6728313,140.6856367,,,3,,POINT (140.6856367 36.6728313)
11126763423,36.6731218,140.6861059,,,3,,POINT (140.6861059 36.6731218)
11126763432,36.6767057,140.6843358,,,3,,POINT (140.6843358 36.6767057)
11266738862,36.5791862,140.6474284,,,3,,POINT (140.6474284 36.5791862)
11266738864,36.5793794,140.6477381,,,1,,POINT (140.6477381 36.5793794)
11271380927,36.5760907,140.6442982,,,3,,POINT (140.6442982 36.5760907)
11271380929,36.5764031,140.6444915,,,1,,POINT (140.6444915 36.5764031)
11271380930,36.5761441,140.6439688,,,3,,POINT (140.6439688 36.5761441)
11271380931,36.5763467,140.6440072,,,1,,POINT (140.6440072 36.5763467)
11609877026,36.5779108,140.6430152,,,1,,POINT (140.6430152 36.5779108)
11609929987,36.5776093,140.6440323,,,1,,POINT (140.6440323 36.5776093)
11609944256,36.5773675,140.6436187,,,1,,POINT (140.6436187 36.5773675)
11609955548,36.57967,140.6423298,,,3,,POINT (140.6423298 36.57967)
11610122250,36.5811537,140.6448945,,,3,,POINT (140.6448945 36.5811537)
11610122254,36.5807763,140.644943,,,3,,POINT (140.644943 36.5807763)
11611398048,36.5234963,140.6217143,,,3,,POINT (140.6217143 36.5234963)
11611398051,36.5456906,140.6247082,,,3,,POINT (140.6247082 36.5456906)
11611398052,36.545515,140.6252462,,,1,,POINT (140.6252462 36.545515)
11611398057,36.5833039,140.6621904,,,3,,POINT (140.6621904 36.5833039)
11611398058,36.581216,140.6620171,,,3,,POINT (140.6620171 36.581216)
11611398070,36.5849897,140.661485,,,4,,POINT (140.661485 36.5849897)
11611398073,36.585104,140.6607446,,,3,,POINT (140.6607446 36.585104)
11611398081,36.5861591,140.662353,,,1,,POINT (140.662353 36.5861591)
11611398105,36.6057165,140.674387,,,1,,POINT (140.674387 36.6057165)
11611398106,36.6079735,140.6713951,,,3,,POINT (140.6713951 36.6079735)
11611398111,36.6083565,140.672091,,,1,,POINT (140.672091 36.6083565)
11611398123,36.6202567,140.6851108,,,3,,POINT (140.6851108 36.6202567)
11611398131,36.621464,140.6826611,,,3,,POINT (140.6826611 36.621464)
11611398132,36.6203586,140.6851399,,,3,,POINT (140.6851399 36.6203586)
11611398135,36.6198963,140.6860431,,,3,,POINT (140.6860431 36.6198963)
11611398138,36.6203622,140.6861245,,,1,,POINT (140.6861245 36.6203622)
11611398162,36.6235031,140.6864066,,,3,,POINT (140.6864066 36.6235031)
11611398163,36.6227562,140.6878599,,,3,,POINT (140.6878599 36.6227562)
11611398166,36.6234213,140.6838533,,,3,,POINT (140.6838533 36.6234213)
11611398173,36.623015,140.6841068,,,1,,POINT (140.6841068 36.623015)
11611398177,36.6235556,140.6864003,,,3,,POINT (140.6864003 36.6235556)
11611398178,36.623941,140.6858019,,,3,,POINT (140.6858019 36.623941)
11611398179,36.6241751,140.6856947,,,1,,POINT (140.6856947 36.6241751)
11611398180,36.6280714,140.6872259,,,3,,POINT (140.6872259 36.6280714)
11611398183,36.6286459,140.6874485,,,1,,POINT (140.6874485 36.6286459)
11611398184,36.6304003,140.6892646,,,3,,POINT (140.6892646 36.6304003)
11611398187,36.6302814,140.6897511,,,3,,POINT (140.6897511 36.6302814)
11611398189,36.6300121,140.6891969,,,1,,POINT (140.6891969 36.6300121)
11611398190,36.6297991,140.6876573,,,1,,POINT (140.6876573 36.6297991)
11611398191,36.6312681,140.6866064,,,1,,POINT (140.6866064 36.6312681)
11611398192,36.6410987,140.6917552,,,3,,POINT (140.6917552 36.6410987)
11611398239,36.6490731,140.6842571,,,3,,POINT (140.6842571 36.6490731)
11611398329,36.643374,140.6689244,,,3,,POINT (140.6689244 36.643374)
11611398339,36.6446223,140.6663635,,,1,,POINT (140.6663635 36.6446223)
11611398345,36.6408794,140.6741346,,,1,,POINT (140.6741346 36.6408794)
11611398346,36.640345,140.673058,,,3,,POINT (140.673058 36.640345)
11611398347,36.6402737,140.6740638,,,3,,POINT (140.6740638 36.6402737)
11611398362,36.6279805,140.6824936,,,4,,POINT (140.6824936 36.6279805)
11611398365,36.6286585,140.6817614,,,3,,POINT (140.6817614 36.6286585)
11611398367,36.6288824,140.6823622,,,1,,POINT (140.6823622 36.6288824)
11611398368,36.6284338,140.6819797,,,3,,POINT (140.6819797 36.6284338)
11611398369,36.6286004,140.6824373,,,1,,POINT (140.6824373 36.6286004)
11611398370,36.6282379,140.6821946,,,3,,POINT (140.6821946 36.6282379)
11611398371,36.6280365,140.6819491,,,1,,POINT (140.6819491 36.6280365)
11611398372,36.627184,140.6820645,,,1,,POINT (140.6820645 36.627184)
11611398373,36.6292863,140.6824585,,,3,,POINT (140.6824585 36.6292863)
11611398378,36.6293749,140.682971,,,3,,POINT (140.682971 36.6293749)
11611398381,36.6298282,140.6829093,,,3,,POINT (140.6829093 36.6298282)
11611398383,36.629436,140.6833545,,,3,,POINT (140.6833545 36.629436)
11611398384,36.6303181,140.6828837,,,3,,POINT (140.6828837 36.6303181)
11611398388,36.6319112,140.6827765,,,3,,POINT (140.6827765 36.6319112)
11611398427,36.6826146,140.6737972,,,3,,POINT (140.6737972 36.6826146)
11611398431,36.6808694,140.67295,,,3,,POINT (140.67295 36.6808694)
11611398441,36.6829234,140.6737386,,,3,,POINT (140.6737386 36.6829234)
11611398442,36.68302,140.674097,,,1,,POINT (140.674097 36.68302)
11611398443,36.6827607,140.6737424,,,3,,POINT (140.6737424 36.6827607)
11611398444,36.6828594,140.6741247,,,1,,POINT (140.6741247 36.6828594)
11611398445,36.6845101,140.6759414,,,3,,POINT (140.6759414 36.6845101)
11611398447,36.6848733,140.675946,,,1,,POINT (140.675946 36.6848733)
11611398452,36.6841018,140.6750717,,,3,,POINT (140.6750717 36.6841018)
11611398472,36.6817246,140.6792857,,,3,,POINT (140.6792857 36.6817246)
11611398475,36.6812256,140.6797979,,,1,,POINT (140.6797979 36.6812256)
11611398492,36.6814296,140.6909164,,,1,,POINT (140.6909164 36.6814296)
11611398493,36.6832875,140.6912602,,,3,,POINT (140.6912602 36.6832875)
11611398499,36.6823763,140.6924184,,,3,,POINT (140.6924184 36.6823763)
11611398502,36.6818009,140.6923001,,,3,,POINT (140.6923001 36.6818009)
11611398505,36.6820321,140.6936201,,,1,,POINT (140.6936201 36.6820321)
11611398513,36.6844505,140.6945146,,,3,,POINT (140.6945146 36.6844505)
11611398514,36.6843427,140.6933282,,,3,,POINT (140.6933282 36.6843427)
11611398520,36.6855703,140.691796,,,3,,POINT (140.691796 36.6855703)
11611398521,36.6851277,140.6933515,,,3,,POINT (140.6933515 36.6851277)
11611398522,36.6851446,140.6917854,,,3,,POINT (140.6917854 36.6851446)
11611398523,36.6842983,140.691725,,,3,,POINT (140.691725 36.6842983)
11611398529,36.6862657,140.6916332,,,3,,POINT (140.6916332 36.6862657)
11611398530,36.6866204,140.6915731,,,3,,POINT (140.6915731 36.6866204)
11611398533,36.6879827,140.6909502,,,3,,POINT (140.6909502 36.6879827)
11611398534,36.6843574,140.691741,,,3,,POINT (140.691741 36.6843574)
11611398535,36.6844106,140.6913956,,,1,,POINT (140.6913956 36.6844106)
11611398536,36.6839826,140.6913553,,,3,,POINT (140.6913553 36.6839826)
11611398542,36.6847289,140.6906258,,,1,,POINT (140.6906258 36.6847289)
11611398543,36.6851056,140.6917829,,,3,,POINT (140.6917829 36.6851056)
11611398545,36.6857475,140.6910966,,,1,,POINT (140.6910966 36.6857475)
11611398546,36.6856214,140.692534,,,3,,POINT (140.692534 36.6856214)
11611398549,36.6860522,140.6929854,,,1,,POINT (140.6929854 36.6860522)
11611398550,36.6847931,140.6933416,,,3,,POINT (140.6933416 36.6847931)
11611398552,36.6862327,140.6905038,,,1,,POINT (140.6905038 36.6862327)
11611398553,36.6866081,140.6907336,,,1,,POINT (140.6907336 36.6866081)
11611398554,36.6866144,140.6911608,,,3,,POINT (140.6911608 36.6866144)
11611398557,36.687495,140.6908175,,,3,,POINT (140.6908175 36.687495)
11611398558,36.6873318,140.6904761,,,1,,POINT (140.6904761 36.6873318)
11611398559,36.6876665,140.6911706,,,3,,POINT (140.6911706 36.6876665)
11611398564,36.6880002,140.690159,,,3,,POINT (140.690159 36.6880002)
11611398565,36.6886189,140.6913831,,,3,,POINT (140.6913831 36.6886189)
11611398568,36.683672,140.6887531,,,3,,POINT (140.6887531 36.683672)
11611398569,36.6836018,140.6886416,,,3,,POINT (140.6886416 36.6836018)
11611398574,36.6835934,140.6877542,,,3,,POINT (140.6877542 36.6835934)
11611398575,36.6832552,140.6877604,,,3,,POINT (140.6877604 36.6832552)
11611398590,36.6833737,140.683031,,,3,,POINT (140.683031 36.6833737)
11611398591,36.6838935,140.6830908,,,1,,POINT (140.6830908 36.6838935)
11611398594,36.6836975,140.6805208,,,3,,POINT (140.6805208 36.6836975)
11611398595,36.6836579,140.6816114,,,1,,POINT (140.6816114 36.6836579)
11611398598,36.6910832,140.6668534,,,3,,POINT (140.6668534 36.6910832)
11611398600,36.6908056,140.6666144,,,3,,POINT (140.6666144 36.6908056)
11611398652,36.6946902,140.6698119,,,3,,POINT (140.6698119 36.6946902)
11611398672,36.6446676,140.6631956,,,3,,POINT (140.6631956 36.6446676)
11611398674,36.6448566,140.6626005,,,1,,POINT (140.6626005 36.6448566)
11611398675,36.644345,140.6626955,,,3,,POINT (140.6626955 36.644345)
11611398683,36.6437208,140.6608168,,,1,,POINT (140.6608168 36.6437208)
11611398694,36.6334642,140.6584404,,,3,,POINT (140.6584404 36.6334642)
11611398705,36.6322275,140.6580341,,,1,,POINT (140.6580341 36.6322275)
11611398711,36.6324561,140.6586505,,,1,,POINT (140.6586505 36.6324561)
11611398712,36.6549688,140.6694271,,,3,,POINT (140.6694271 36.6549688)
11611398713,36.6548554,140.6687706,,,3,,POINT (140.6687706 36.6548554)
11611398752,36.6471961,140.6702142,,,3,,POINT (140.6702142 36.6471961)
11611398776,36.6481768,140.6715491,,,3,,POINT (140.6715491 36.6481768)
11611398780,36.6474438,140.6706618,,,1,,POINT (140.6706618 36.6474438)
11611398783,36.6776191,140.6699401,,,3,,POINT (140.6699401 36.6776191)
11611398792,36.674133,140.6862773,,,3,,POINT (140.6862773 36.674133)
11611398797,36.6736442,140.6856408,,,3,,POINT (140.6856408 36.6736442)
11611398803,36.6729958,140.6864843,,,3,,POINT (140.6864843 36.6729958)
11611398804,36.6740403,140.6849075,,,3,,POINT (140.6849075 36.6740403)
11611398806,36.6736278,140.6853992,,,3,,POINT (140.6853992 36.6736278)
11611398809,36.6727167,140.6851977,,,1,,POINT (140.6851977 36.6727167)
11611398810,36.6724834,140.6838586,,,3,,POINT (140.6838586 36.6724834)
11611398813,36.6739338,140.6836354,,,3,,POINT (140.6836354 36.6739338)
11611398815,36.6740462,140.6844655,,,1,,POINT (140.6844655 36.6740462)
11611398816,36.6728172,140.6838055,,,3,,POINT (140.6838055 36.6728172)
11611398817,36.6759267,140.6800203,,,3,,POINT (140.6800203 36.6759267)
11611398822,36.6742908,140.6800391,,,1,,POINT (140.6800391 36.6742908)
11611398831,36.6918297,140.6668823,,,3,,POINT (140.6668823 36.6918297)
11611398834,36.6916118,140.6679621,,,3,,POINT (140.6679621 36.6916118)
11649258858,36.6009253,140.6529398,,,3,,POINT (140.6529398 36.6009253)
11649302972,36.6000376,140.654666,,,1,,POINT (140.654666 36.6000376)
11676768154,36.6361693,140.5444075,,,1,,POINT (140.5444075 36.6361693)
11704786143,36.4986643,140.6199526,,,3,,POINT (140.6199526 36.4986643)
11704786148,36.4997432,140.6201125,,,3,,POINT (140.6201125 36.4997432)
11704786150,36.4998674,140.620458,,,1,,POINT (140.620458 36.4998674)
11704786151,36.4998938,140.6196333,,,3,,POINT (140.6196333 36.4998938)
11704786152,36.5699276,140.6336966,,,3,,POINT (140.6336966 36.5699276)
11704786154,36.5701009,140.6342079,,,3,,POINT (140.6342079 36.5701009)
11704786156,36.5809181,140.6413594,,,3,,POINT (140.6413594 36.5809181)
11704786157,36.618836,140.6642449,,,3,,POINT (140.6642449 36.618836)
11704786158,36.6192939,140.6636596,,,1,,POINT (140.6636596 36.6192939)
11704786160,36.6278472,140.6668461,,,3,,POINT (140.6668461 36.6278472)
11704786163,36.6286649,140.6672095,,,3,,POINT (140.6672095 36.6286649)
11704786172,36.6284901,140.6659371,,,1,,POINT (140.6659371 36.6284901)
11704786173,36.628222,140.6670428,,,3,,POINT (140.6670428 36.628222)
11704786178,36.6379371,140.671084,,,3,,POINT (140.671084 36.6379371)
11704786179,36.6383131,140.6713161,,,1,,POINT (140.6713161 36.6383131)
11704786180,36.6565709,140.6888273,,,3,,POINT (140.6888273 36.6565709)
11704786188,36.6570402,140.6877391,,,3,,POINT (140.6877391 36.6570402)
11704786193,36.6566675,140.6888014,,,3,,POINT (140.6888014 36.6566675)
11704786197,36.6555847,140.6873773,,,3,,POINT (140.6873773 36.6555847)
11704786198,36.6608762,140.6835591,,,3,,POINT (140.6835591 36.6608762)
11704786199,36.660363,140.6835521,,,3,,POINT (140.6835521 36.660363)
11704786200,36.6653336,140.6893377,,,3,,POINT (140.6893377 36.6653336)
11704786203,36.6647402,140.6904213,,,3,,POINT (140.6904213 36.6647402)
11704786204,36.664995,140.6908363,,,3,,POINT (140.6908363 36.664995)
11704786205,36.6643621,140.690366,,,3,,POINT (140.690366 36.6643621)
11704786206,36.6651831,140.6896167,,,3,,POINT (140.6896167 36.6651831)
11704786207,36.6655732,140.6902561,,,3,,POINT (140.6902561 36.6655732)
11704786208,36.6642088,140.6924636,,,3,,POINT (140.6924636 36.6642088)
11704786209,36.6784051,140.6895609,,,3,,POINT (140.6895609 36.6784051)
11704786211,36.6786474,140.6892861,,,1,,POINT (140.6892861 36.6786474)
11704786212,36.6792861,140.6907938,,,1,,POINT (140.6907938 36.6792861)
11704786213,36.6794876,140.6902665,,,1,,POINT (140.6902665 36.6794876)
11704786216,36.678186,140.6935885,,,3,,POINT (140.6935885 36.678186)
11704786225,36.6788394,140.6993352,,,3,,POINT (140.6993352 36.6788394)
11704786226,36.6787577,140.6993371,,,3,,POINT (140.6993371 36.6787577)
11704786228,36.6777118,140.7022307,,,3,,POINT (140.7022307 36.6777118)
11704786232,36.6786897,140.6933943,,,3,,POINT (140.6933943 36.6786897)
11704786234,36.6784163,140.6928753,,,1,,POINT (140.6928753 36.6784163)
11704786235,36.6789367,140.7025889,,,3,,POINT (140.7025889 36.6789367)
11704786238,36.6782239,140.7024494,,,1,,POINT (140.7024494 36.6782239)
11704786245,36.6772059,140.7039193,,,3,,POINT (140.7039193 36.6772059)
11704786246,36.6767216,140.7038258,,,4,,POINT (140.7038258 36.6767216)
11704786247,36.6762741,140.7037382,,,1,,POINT (140.7037382 36.6762741)
11704786248,36.6808774,140.7041596,,,3,,POINT (140.7041596 36.6808774)
11704786252,36.6799519,140.705588,,,1,,POINT (140.705588 36.6799519)
11704786253,36.6822212,140.7043982,,,3,,POINT (140.7043982 36.6822212)
11704786258,36.6823092,140.7059173,,,1,,POINT (140.7059173 36.6823092)
11704786260,36.6842197,140.7029715,,,1,,POINT (140.7029715 36.6842197)
11704786317,36.6667577,140.7114416,,,3,,POINT (140.7114416 36.6667577)
11704786327,36.6686668,140.7069976,,,3,,POINT (140.7069976 36.6686668)
11704786342,36.6704852,140.6994865,,,3,,POINT (140.6994865 36.6704852)
11843787980,36.5744558,140.6486445,,,3,,POINT (140.6486445 36.5744558)
11862083763,36.5891631,140.6465257,,,1,,POINT (140.6465257 36.5891631)
11942525484,36.5724709,140.6257842,,,1,,POINT (140.6257842 36.5724709)
11942525525,36.5651507,140.6379132,,,4,,POINT (140.6379132 36.5651507)
12149791349,36.5360517,140.6184664,,,3,,POINT (140.6184664 36.5360517)
12149791350,36.5368876,140.6181572,,,3,,POINT (140.6181572 36.5368876)
12149791352,36.5365354,140.6174686,,,3,,POINT (140.6174686 36.5365354)
12163757195,36.6649681,140.7107564,,,4,yes,POINT (140.7107564 36.6649681)
12163791301,36.6649535,140.7141381,,,3,,POINT (140.7141381 36.6649535)
12170006235,36.5613931,140.6223476,,,3,,POINT (140.6223476 36.5613931)
12170006240,36.5617744,140.6228837,,,3,,POINT (140.6228837 36.5617744)
12170006241,36.5620176,140.6221496,,,3,,POINT (140.6221496 36.5620176)
12170006242,36.5615818,140.6226128,,,3,,POINT (140.6226128 36.5615818)
12170006245,36.5617335,140.6209047,,,1,,POINT (140.6209047 36.5617335)
12170006246,36.5628728,140.6225992,,,3,,POINT (140.6225992 36.5628728)
12170006249,36.5626504,140.6220805,,,1,,POINT (140.6220805 36.5626504)
12175152015,36.6741889,140.6297291,,,3,,POINT (140.6297291 36.6741889)
12175152033,36.6742548,140.6279947,,,3,,POINT (140.6279947 36.6742548)
12175953038,36.5497238,140.6297825,,,1,,POINT (140.6297825 36.5497238)
12175953041,36.5497901,140.6300018,,,1,,POINT (140.6300018 36.5497901)
12176156736,36.5585429,140.6204351,,,1,,POINT (140.6204351 36.5585429)
12176156738,36.5586532,140.6200049,,,3,,POINT (140.6200049 36.5586532)
12176156758,36.5570808,140.6226649,,,3,,POINT (140.6226649 36.5570808)
12182192621,36.6332635,140.5456682,,,1,,POINT (140.5456682 36.6332635)
12182192627,36.6338549,140.5462946,,,3,,POINT (140.5462946 36.6338549)
12182239152,36.5436804,140.6338767,,,3,,POINT (140.6338767 36.5436804)
12182239154,36.5434562,140.634,,,4,,POINT (140.634 36.5434562)
12182239156,36.5436656,140.6346438,,,3,,POINT (140.6346438 36.5436656)
12189348244,36.4914753,140.59251,,,3,,POINT (140.59251 36.4914753)
12258302444,36.5127759,140.6014827,,,3,,POINT (140.6014827 36.5127759)
12385467196,36.6032418,140.6674779,,,1,,POINT (140.6674779 36.6032418)
12385521801,36.6043696,140.6673798,,,1,,POINT (140.6673798 36.6043696)
12385521805,36.6047623,140.6711148,,,3,,POINT (140.6711148 36.6047623)
12525991462,36.569794,140.6483855,,,3,,POINT (140.6483855 36.569794)
12525991465,36.5702947,140.6480346,,,1,,POINT (140.6480346 36.5702947)
12525991466,36.5699701,140.648306,,,3,,POINT (140.648306 36.5699701)
12525991467,36.5699242,140.6481446,,,1,,POINT (140.6481446 36.5699242)
12809311804,36.4925225,140.6076126,,,3,,POINT (140.6076126 36.4925225)
12809311912,36.4922257,140.6072174,,,3,,POINT (140.6072174 36.4922257)
12844341472,36.5454461,140.6157464,,,1,,POINT (140.6157464 36.5454461)
12844341473,36.545742,140.6162454,,,3,,POINT (140.6162454 36.545742)
12862583425,36.6371685,140.6712814,,,3,,POINT (140.6712814 36.6371685)
12862583706,36.6327171,140.664992,,,3,,POINT (140.664992 36.6327171)
12864654554,36.6388981,140.6885473,,,3,,POINT (140.6885473 36.6388981)
12864654593,36.6404421,140.691265,,,1,,POINT (140.691265 36.6404421)
12886777511,36.6921929,140.6683118,,,3,,POINT (140.6683118 36.6921929)
12960648664,36.5893052,140.6367507,,,4,,POINT (140.6367507 36.5893052)
12961162360,36.6367853,140.6695507,,,4,,POINT (140.6695507 36.6367853)
12961234441,36.6613598,140.7097408,,,4,,POINT (140.7097408 36.6613598)
12961234442,36.6613247,140.710162,,,4,,POINT (140.710162 36.6613247)
12995402802,36.632921,140.5403414,,,3,,POINT (140.5403414 36.632921)
12995402807,36.634076,140.5388421,,,3,,POINT (140.5388421 36.634076)
12995402808,36.6325022,140.5420477,,,3,,POINT (140.5420477 36.6325022)
12995402817,36.6323988,140.5394536,,,3,,POINT (140.5394536 36.6323988)
13033948639,36.5054299,140.5809245,,,3,,POINT (140.5809245 36.5054299)
13068065368,36.5124847,140.6266509,,,3,,POINT (140.6266509 36.5124847)
13068065369,36.5134499,140.6267546,,,4,,POINT (140.6267546 36.5134499)
13068065373,36.5145202,140.6271491,,,3,,POINT (140.6271491 36.5145202)
13096194957,36.528067,140.6335003,,,3,,POINT (140.6335003 36.528067)
13096194958,36.5281616,140.6334447,,,3,,POINT (140.6334447 36.5281616)
13813034899,36.573097,140.6490177,,,3,,POINT (140.6490177 36.573097)
13832010780,36.5759512,140.6417637,,,1,,POINT (140.6417637 36.5759512)
13871596811,36.5817935,140.6576322,,,1,,POINT (140.6576322 36.5817935)
13951081420,36.4980213,140.6117921,,,3,,POINT (140.6117921 36.4980213)
13951181635,36.5009444,140.573764,,,3,,POINT (140.573764 36.5009444)
13951181656,36.4981228,140.6158473,,,1,,POINT (140.6158473 36.4981228)
13951181657,36.4976525,140.6157582,,,3,,POINT (140.6157582 36.4976525)
13951181661,36.5203585,140.6243933,,,1,,POINT (140.6243933 36.5203585)
13951181662,36.5202008,140.6247452,,,3,,POINT (140.6247452 36.5202008)
13951181663,36.5290927,140.618996,,,1,,POINT (140.618996 36.5290927)
13951181664,36.528846,140.6189251,,,3,,POINT (140.6189251 36.528846)
13951181665,36.5322281,140.6173538,,,1,,POINT (140.6173538 36.5322281)
13951181666,36.5319412,140.617412,,,3,,POINT (140.617412 36.5319412)
13951181669,36.5346396,140.625701,,,1,,POINT (140.625701 36.5346396)
13951181673,36.5342032,140.6257876,,,3,,POINT (140.6257876 36.5342032)
13951181674,36.5348315,140.6261367,,,3,,POINT (140.6261367 36.5348315)
13951181676,36.5394436,140.6266123,,,3,,POINT (140.6266123 36.5394436)
13951181678,36.5390444,140.6266602,,,1,,POINT (140.6266602 36.5390444)
13951181679,36.5408358,140.6272388,,,1,,POINT (140.6272388 36.5408358)
13951181680,36.5412356,140.6272142,,,3,,POINT (140.6272142 36.5412356)
13951181681,36.5409723,140.6271008,,,1,,POINT (140.6271008 36.5409723)
13951181682,36.549545,140.6292685,,,1,,POINT (140.6292685 36.549545)
13951181683,36.5491187,140.6299306,,,3,,POINT (140.6299306 36.5491187)
13951181684,36.5488811,140.6262496,,,1,,POINT (140.6262496 36.5488811)
13951181685,36.5486363,140.6265918,,,3,,POINT (140.6265918 36.5486363)
13951181686,36.5487901,140.6247277,,,3,,POINT (140.6247277 36.5487901)
13951181687,36.5483921,140.6253454,,,1,,POINT (140.6253454 36.5483921)
13959081769,36.6798876,140.6059713,,,3,,POINT (140.6059713 36.6798876)
13959081791,36.6436141,140.5634566,,,3,,POINT (140.5634566 36.6436141)
13959081792,36.6437663,140.562526,,,1,,POINT (140.562526 36.6437663)
13959081794,36.6436859,140.5630184,,,3,,POINT (140.5630184 36.6436859)
13959081795,36.6401268,140.5475298,,,3,,POINT (140.5475298 36.6401268)
13959081799,36.6398039,140.547249,,,3,,POINT (140.547249 36.6398039)
13959081800,36.6399473,140.546719,,,1,,POINT (140.546719 36.6399473)
13959118911,36.6386518,140.5485183,,,1,,POINT (140.5485183 36.6386518)
13959281072,36.6258388,140.5476915,,,1,,POINT (140.5476915 36.6258388)
13959281076,36.6255139,140.5501991,,,3,,POINT (140.5501991 36.6255139)
13959281097,36.6266076,140.5510366,,,3,,POINT (140.5510366 36.6266076)
13959287002,36.6273103,140.551692,,,1,,POINT (140.551692 36.6273103)
13959287003,36.6254416,140.5501335,,,3,,POINT (140.5501335 36.6254416)
13959287008,36.6249872,140.5511512,,,1,,POINT (140.5511512 36.6249872)
13959287152,36.5118338,140.5853724,,,3,,POINT (140.5853724 36.5118338)
13959519272,36.5062511,140.5796525,,,3,,POINT (140.5796525 36.5062511)
13959519276,36.5058842,140.5797229,,,3,,POINT (140.5797229 36.5058842)
13961082621,36.6135948,140.6768767,,,3,,POINT (140.6768767 36.6135948)
13961082625,36.6143737,140.6769954,,,1,,POINT (140.6769954 36.6143737)
13961082630,36.6122993,140.6772186,,,1,,POINT (140.6772186 36.6122993)
13961082631,36.6112293,140.6742368,,,1,,POINT (140.6742368 36.6112293)
13961082632,36.6111356,140.6746245,,,3,,POINT (140.6746245 36.6111356)
13961082633,36.6134731,140.6707907,,,1,,POINT (140.6707907 36.6134731)
13961082637,36.6131309,140.6716196,,,3,,POINT (140.6716196 36.6131309)
13961082643,36.6265834,140.6795724,,,3,,POINT (140.6795724 36.6265834)
13961082644,36.6277814,140.6821873,,,1,,POINT (140.6821873 36.6277814)
13961082645,36.6281498,140.6827019,,,1,,POINT (140.6827019 36.6281498)
13961082646,36.6262867,140.6837162,,,1,,POINT (140.6837162 36.6262867)
13961082648,36.6114889,140.6700023,,,1,,POINT (140.6700023 36.6114889)
13961082649,36.6116339,140.6707662,,,1,,POINT (140.6707662 36.6116339)
13961082655,36.6106927,140.6706205,,,3,,POINT (140.6706205 36.6106927)
13961082656,36.6113541,140.6709126,,,1,,POINT (140.6709126 36.6113541)
13961082658,36.6107487,140.6709968,,,3,,POINT (140.6709968 36.6107487)
13961082659,36.6112487,140.670697,,,3,,POINT (140.670697 36.6112487)
13961082660,36.6110553,140.6711279,,,3,,POINT (140.6711279 36.6110553)
13961082661,36.6083403,140.6693234,,,3,,POINT (140.6693234 36.6083403)
13961082663,36.6081249,140.6697007,,,3,,POINT (140.6697007 36.6081249)
13961082664,36.6022323,140.6645287,,,3,,POINT (140.6645287 36.6022323)
13961082669,36.6019848,140.6640736,,,3,,POINT (140.6640736 36.6019848)
13961082670,36.6019344,140.6633759,,,1,,POINT (140.6633759 36.6019344)
13961082671,36.6017356,140.6636329,,,3,,POINT (140.6636329 36.6017356)
13961082672,36.6002259,140.6635836,,,3,,POINT (140.6635836 36.6002259)
13961082674,36.6005776,140.6639923,,,3,,POINT (140.6639923 36.6005776)
13961082676,36.5985079,140.6648089,,,3,,POINT (140.6648089 36.5985079)
13961082677,36.598816,140.6641674,,,1,,POINT (140.6641674 36.598816)
13961082680,36.5698453,140.6498779,,,3,,POINT (140.6498779 36.5698453)
13961082683,36.5697722,140.6505285,,,1,,POINT (140.6505285 36.5697722)
13961082684,36.5638758,140.6453461,,,3,,POINT (140.6453461 36.5638758)
13961082685,36.563535,140.6460171,,,4,,POINT (140.6460171 36.563535)
13961082688,36.5632669,140.6475554,,,1,,POINT (140.6475554 36.5632669)
13961082689,36.5592388,140.6455552,,,3,,POINT (140.6455552 36.5592388)
13961082694,36.5601092,140.6471936,,,1,,POINT (140.6471936 36.5601092)
13961082695,36.5406931,140.6369458,,,1,,POINT (140.6369458 36.5406931)
13961082696,36.5403749,140.6377375,,,3,,POINT (140.6377375 36.5403749)
13961082699,36.5403707,140.6336606,,,3,,POINT (140.6336606 36.5403707)
13961082700,36.546405,140.6342683,,,3,,POINT (140.6342683 36.546405)
13961087601,36.5460973,140.6348462,,,3,,POINT (140.6348462 36.5460973)
13961087602,36.5461585,140.6340649,,,3,,POINT (140.6340649 36.5461585)
13961087603,36.5458461,140.6346321,,,3,,POINT (140.6346321 36.5458461)
13961087604,36.5447113,140.6360781,,,3,,POINT (140.6360781 36.5447113)
13961087605,36.5439265,140.6354834,,,3,,POINT (140.6354834 36.5439265)
13961087606,36.5480384,140.631199,,,1,,POINT (140.631199 36.5480384)
13961087607,36.5479678,140.6315793,,,3,,POINT (140.6315793 36.5479678)
13961087608,36.5470569,140.6309223,,,3,,POINT (140.6309223 36.5470569)
13961087609,36.5467817,140.6307247,,,1,,POINT (140.6307247 36.5467817)
13961087610,36.546324,140.6321152,,,3,,POINT (140.6321152 36.546324)
13961087612,36.5464063,140.6314538,,,1,,POINT (140.6314538 36.5464063)
13961087613,36.5239262,140.6250361,,,1,,POINT (140.6250361 36.5239262)
13961087614,36.5235704,140.6250852,,,3,,POINT (140.6250852 36.5235704)
13961087615,36.5184397,140.6188783,,,1,,POINT (140.6188783 36.5184397)
13961087621,36.5125042,140.5897715,,,1,,POINT (140.5897715 36.5125042)
13961087624,36.5119531,140.5892631,,,3,,POINT (140.5892631 36.5119531)
13961087625,36.5126249,140.5887764,,,1,,POINT (140.5887764 36.5126249)
13961087626,36.5121175,140.5886136,,,3,,POINT (140.5886136 36.5121175)
